"Statistic Label","CensusYear","Sex","Single Year of Age","County and City","UNIT","VALUE"
"Population","2011","Both sexes","All ages","State","Number","4588252"
"Population","2011","Both sexes","All ages","Cork City and Cork County","Number","519032"
"Population","2011","Both sexes","All ages","Clare","Number","117196"
"Population","2011","Both sexes","All ages","Cavan","Number","73183"
"Population","2011","Both sexes","All ages","Carlow","Number","54612"
"Population","2011","Both sexes","All ages","Dublin City","Number","527612"
"Population","2011","Both sexes","All ages","Donegal","Number","161137"
"Population","2011","Both sexes","All ages","Dún Laoghaire-Rathdown","Number","206261"
"Population","2011","Both sexes","All ages","Fingal","Number","273991"
"Population","2011","Both sexes","All ages","Galway City","Number","75529"
"Population","2011","Both sexes","All ages","Galway County","Number","175124"
"Population","2011","Both sexes","All ages","Kildare","Number","210312"
"Population","2011","Both sexes","All ages","Kilkenny","Number","95419"
"Population","2011","Both sexes","All ages","Kerry","Number","145502"
"Population","2011","Both sexes","All ages","Longford","Number","39000"
"Population","2011","Both sexes","All ages","Louth","Number","122897"
"Population","2011","Both sexes","All ages","Limerick City and County","Number","191809"
"Population","2011","Both sexes","All ages","Leitrim","Number","31798"
"Population","2011","Both sexes","All ages","Laois","Number","80559"
"Population","2011","Both sexes","All ages","Meath","Number","184135"
"Population","2011","Both sexes","All ages","Monaghan","Number","60483"
"Population","2011","Both sexes","All ages","Mayo","Number","130638"
"Population","2011","Both sexes","All ages","Offaly","Number","76687"
"Population","2011","Both sexes","All ages","Roscommon","Number","64065"
"Population","2011","Both sexes","All ages","South Dublin","Number","265205"
"Population","2011","Both sexes","All ages","Sligo","Number","65393"
"Population","2011","Both sexes","All ages","Tipperary","Number","158754"
"Population","2011","Both sexes","All ages","Waterford City and County","Number","113795"
"Population","2011","Both sexes","All ages","Westmeath","Number","86164"
"Population","2011","Both sexes","All ages","Wicklow","Number","136640"
"Population","2011","Both sexes","All ages","Wexford","Number","145320"
"Population","2011","Both sexes","Under 1 year","State","Number","72410"
"Population","2011","Both sexes","Under 1 year","Cork City and Cork County","Number","8120"
"Population","2011","Both sexes","Under 1 year","Clare","Number","1678"
"Population","2011","Both sexes","Under 1 year","Cavan","Number","1222"
"Population","2011","Both sexes","Under 1 year","Carlow","Number","898"
"Population","2011","Both sexes","Under 1 year","Dublin City","Number","6966"
"Population","2011","Both sexes","Under 1 year","Donegal","Number","2512"
"Population","2011","Both sexes","Under 1 year","Dún Laoghaire-Rathdown","Number","2761"
"Population","2011","Both sexes","Under 1 year","Fingal","Number","5454"
"Population","2011","Both sexes","Under 1 year","Galway City","Number","1145"
"Population","2011","Both sexes","Under 1 year","Galway County","Number","2737"
"Population","2011","Both sexes","Under 1 year","Kildare","Number","3825"
"Population","2011","Both sexes","Under 1 year","Kilkenny","Number","1552"
"Population","2011","Both sexes","Under 1 year","Kerry","Number","1923"
"Population","2011","Both sexes","Under 1 year","Longford","Number","634"
"Population","2011","Both sexes","Under 1 year","Louth","Number","2048"
"Population","2011","Both sexes","Under 1 year","Limerick City and County","Number","2965"
"Population","2011","Both sexes","Under 1 year","Leitrim","Number","472"
"Population","2011","Both sexes","Under 1 year","Laois","Number","1518"
"Population","2011","Both sexes","Under 1 year","Meath","Number","3443"
"Population","2011","Both sexes","Under 1 year","Monaghan","Number","984"
"Population","2011","Both sexes","Under 1 year","Mayo","Number","1816"
"Population","2011","Both sexes","Under 1 year","Offaly","Number","1241"
"Population","2011","Both sexes","Under 1 year","Roscommon","Number","931"
"Population","2011","Both sexes","Under 1 year","South Dublin","Number","4630"
"Population","2011","Both sexes","Under 1 year","Sligo","Number","909"
"Population","2011","Both sexes","Under 1 year","Tipperary","Number","2314"
"Population","2011","Both sexes","Under 1 year","Waterford City and County","Number","1726"
"Population","2011","Both sexes","Under 1 year","Westmeath","Number","1431"
"Population","2011","Both sexes","Under 1 year","Wicklow","Number","2340"
"Population","2011","Both sexes","Under 1 year","Wexford","Number","2215"
"Population","2011","Both sexes","1 year","State","Number","72645"
"Population","2011","Both sexes","1 year","Cork City and Cork County","Number","8229"
"Population","2011","Both sexes","1 year","Clare","Number","1776"
"Population","2011","Both sexes","1 year","Cavan","Number","1234"
"Population","2011","Both sexes","1 year","Carlow","Number","844"
"Population","2011","Both sexes","1 year","Dublin City","Number","6440"
"Population","2011","Both sexes","1 year","Donegal","Number","2547"
"Population","2011","Both sexes","1 year","Dún Laoghaire-Rathdown","Number","2697"
"Population","2011","Both sexes","1 year","Fingal","Number","5665"
"Population","2011","Both sexes","1 year","Galway City","Number","930"
"Population","2011","Both sexes","1 year","Galway County","Number","2841"
"Population","2011","Both sexes","1 year","Kildare","Number","3813"
"Population","2011","Both sexes","1 year","Kilkenny","Number","1516"
"Population","2011","Both sexes","1 year","Kerry","Number","2033"
"Population","2011","Both sexes","1 year","Longford","Number","638"
"Population","2011","Both sexes","1 year","Louth","Number","2074"
"Population","2011","Both sexes","1 year","Limerick City and County","Number","2854"
"Population","2011","Both sexes","1 year","Leitrim","Number","495"
"Population","2011","Both sexes","1 year","Laois","Number","1550"
"Population","2011","Both sexes","1 year","Meath","Number","3530"
"Population","2011","Both sexes","1 year","Monaghan","Number","972"
"Population","2011","Both sexes","1 year","Mayo","Number","1852"
"Population","2011","Both sexes","1 year","Offaly","Number","1245"
"Population","2011","Both sexes","1 year","Roscommon","Number","942"
"Population","2011","Both sexes","1 year","South Dublin","Number","4864"
"Population","2011","Both sexes","1 year","Sligo","Number","955"
"Population","2011","Both sexes","1 year","Tipperary","Number","2461"
"Population","2011","Both sexes","1 year","Waterford City and County","Number","1726"
"Population","2011","Both sexes","1 year","Westmeath","Number","1373"
"Population","2011","Both sexes","1 year","Wicklow","Number","2301"
"Population","2011","Both sexes","1 year","Wexford","Number","2248"
"Population","2011","Both sexes","2 years","State","Number","72566"
"Population","2011","Both sexes","2 years","Cork City and Cork County","Number","8197"
"Population","2011","Both sexes","2 years","Clare","Number","1791"
"Population","2011","Both sexes","2 years","Cavan","Number","1270"
"Population","2011","Both sexes","2 years","Carlow","Number","879"
"Population","2011","Both sexes","2 years","Dublin City","Number","6029"
"Population","2011","Both sexes","2 years","Donegal","Number","2601"
"Population","2011","Both sexes","2 years","Dún Laoghaire-Rathdown","Number","2635"
"Population","2011","Both sexes","2 years","Fingal","Number","5381"
"Population","2011","Both sexes","2 years","Galway City","Number","983"
"Population","2011","Both sexes","2 years","Galway County","Number","2922"
"Population","2011","Both sexes","2 years","Kildare","Number","3814"
"Population","2011","Both sexes","2 years","Kilkenny","Number","1546"
"Population","2011","Both sexes","2 years","Kerry","Number","2009"
"Population","2011","Both sexes","2 years","Longford","Number","653"
"Population","2011","Both sexes","2 years","Louth","Number","2197"
"Population","2011","Both sexes","2 years","Limerick City and County","Number","2898"
"Population","2011","Both sexes","2 years","Leitrim","Number","479"
"Population","2011","Both sexes","2 years","Laois","Number","1477"
"Population","2011","Both sexes","2 years","Meath","Number","3618"
"Population","2011","Both sexes","2 years","Monaghan","Number","1036"
"Population","2011","Both sexes","2 years","Mayo","Number","1841"
"Population","2011","Both sexes","2 years","Offaly","Number","1308"
"Population","2011","Both sexes","2 years","Roscommon","Number","949"
"Population","2011","Both sexes","2 years","South Dublin","Number","4714"
"Population","2011","Both sexes","2 years","Sligo","Number","889"
"Population","2011","Both sexes","2 years","Tipperary","Number","2460"
"Population","2011","Both sexes","2 years","Waterford City and County","Number","1814"
"Population","2011","Both sexes","2 years","Westmeath","Number","1357"
"Population","2011","Both sexes","2 years","Wicklow","Number","2356"
"Population","2011","Both sexes","2 years","Wexford","Number","2463"
"Population","2011","Both sexes","3 years","State","Number","71457"
"Population","2011","Both sexes","3 years","Cork City and Cork County","Number","8049"
"Population","2011","Both sexes","3 years","Clare","Number","1843"
"Population","2011","Both sexes","3 years","Cavan","Number","1246"
"Population","2011","Both sexes","3 years","Carlow","Number","916"
"Population","2011","Both sexes","3 years","Dublin City","Number","5642"
"Population","2011","Both sexes","3 years","Donegal","Number","2607"
"Population","2011","Both sexes","3 years","Dún Laoghaire-Rathdown","Number","2570"
"Population","2011","Both sexes","3 years","Fingal","Number","5410"
"Population","2011","Both sexes","3 years","Galway City","Number","951"
"Population","2011","Both sexes","3 years","Galway County","Number","2943"
"Population","2011","Both sexes","3 years","Kildare","Number","3908"
"Population","2011","Both sexes","3 years","Kilkenny","Number","1445"
"Population","2011","Both sexes","3 years","Kerry","Number","2080"
"Population","2011","Both sexes","3 years","Longford","Number","667"
"Population","2011","Both sexes","3 years","Louth","Number","2019"
"Population","2011","Both sexes","3 years","Limerick City and County","Number","2814"
"Population","2011","Both sexes","3 years","Leitrim","Number","488"
"Population","2011","Both sexes","3 years","Laois","Number","1547"
"Population","2011","Both sexes","3 years","Meath","Number","3603"
"Population","2011","Both sexes","3 years","Monaghan","Number","1009"
"Population","2011","Both sexes","3 years","Mayo","Number","1908"
"Population","2011","Both sexes","3 years","Offaly","Number","1235"
"Population","2011","Both sexes","3 years","Roscommon","Number","904"
"Population","2011","Both sexes","3 years","South Dublin","Number","4607"
"Population","2011","Both sexes","3 years","Sligo","Number","926"
"Population","2011","Both sexes","3 years","Tipperary","Number","2393"
"Population","2011","Both sexes","3 years","Waterford City and County","Number","1717"
"Population","2011","Both sexes","3 years","Westmeath","Number","1394"
"Population","2011","Both sexes","3 years","Wicklow","Number","2293"
"Population","2011","Both sexes","3 years","Wexford","Number","2323"
"Population","2011","Both sexes","4 years","State","Number","67251"
"Population","2011","Both sexes","4 years","Cork City and Cork County","Number","7593"
"Population","2011","Both sexes","4 years","Clare","Number","1817"
"Population","2011","Both sexes","4 years","Cavan","Number","1205"
"Population","2011","Both sexes","4 years","Carlow","Number","808"
"Population","2011","Both sexes","4 years","Dublin City","Number","5173"
"Population","2011","Both sexes","4 years","Donegal","Number","2460"
"Population","2011","Both sexes","4 years","Dún Laoghaire-Rathdown","Number","2492"
"Population","2011","Both sexes","4 years","Fingal","Number","4798"
"Population","2011","Both sexes","4 years","Galway City","Number","860"
"Population","2011","Both sexes","4 years","Galway County","Number","2648"
"Population","2011","Both sexes","4 years","Kildare","Number","3554"
"Population","2011","Both sexes","4 years","Kilkenny","Number","1442"
"Population","2011","Both sexes","4 years","Kerry","Number","1980"
"Population","2011","Both sexes","4 years","Longford","Number","649"
"Population","2011","Both sexes","4 years","Louth","Number","2073"
"Population","2011","Both sexes","4 years","Limerick City and County","Number","2663"
"Population","2011","Both sexes","4 years","Leitrim","Number","522"
"Population","2011","Both sexes","4 years","Laois","Number","1446"
"Population","2011","Both sexes","4 years","Meath","Number","3308"
"Population","2011","Both sexes","4 years","Monaghan","Number","928"
"Population","2011","Both sexes","4 years","Mayo","Number","1782"
"Population","2011","Both sexes","4 years","Offaly","Number","1210"
"Population","2011","Both sexes","4 years","Roscommon","Number","916"
"Population","2011","Both sexes","4 years","South Dublin","Number","4228"
"Population","2011","Both sexes","4 years","Sligo","Number","915"
"Population","2011","Both sexes","4 years","Tipperary","Number","2319"
"Population","2011","Both sexes","4 years","Waterford City and County","Number","1661"
"Population","2011","Both sexes","4 years","Westmeath","Number","1327"
"Population","2011","Both sexes","4 years","Wicklow","Number","2184"
"Population","2011","Both sexes","4 years","Wexford","Number","2290"
"Population","2011","Both sexes","5 years","State","Number","64937"
"Population","2011","Both sexes","5 years","Cork City and Cork County","Number","7296"
"Population","2011","Both sexes","5 years","Clare","Number","1804"
"Population","2011","Both sexes","5 years","Cavan","Number","1086"
"Population","2011","Both sexes","5 years","Carlow","Number","811"
"Population","2011","Both sexes","5 years","Dublin City","Number","4916"
"Population","2011","Both sexes","5 years","Donegal","Number","2468"
"Population","2011","Both sexes","5 years","Dún Laoghaire-Rathdown","Number","2445"
"Population","2011","Both sexes","5 years","Fingal","Number","4481"
"Population","2011","Both sexes","5 years","Galway City","Number","795"
"Population","2011","Both sexes","5 years","Galway County","Number","2766"
"Population","2011","Both sexes","5 years","Kildare","Number","3447"
"Population","2011","Both sexes","5 years","Kilkenny","Number","1383"
"Population","2011","Both sexes","5 years","Kerry","Number","1879"
"Population","2011","Both sexes","5 years","Longford","Number","625"
"Population","2011","Both sexes","5 years","Louth","Number","1937"
"Population","2011","Both sexes","5 years","Limerick City and County","Number","2596"
"Population","2011","Both sexes","5 years","Leitrim","Number","470"
"Population","2011","Both sexes","5 years","Laois","Number","1273"
"Population","2011","Both sexes","5 years","Meath","Number","3192"
"Population","2011","Both sexes","5 years","Monaghan","Number","921"
"Population","2011","Both sexes","5 years","Mayo","Number","1832"
"Population","2011","Both sexes","5 years","Offaly","Number","1169"
"Population","2011","Both sexes","5 years","Roscommon","Number","944"
"Population","2011","Both sexes","5 years","South Dublin","Number","4070"
"Population","2011","Both sexes","5 years","Sligo","Number","841"
"Population","2011","Both sexes","5 years","Tipperary","Number","2271"
"Population","2011","Both sexes","5 years","Waterford City and County","Number","1652"
"Population","2011","Both sexes","5 years","Westmeath","Number","1309"
"Population","2011","Both sexes","5 years","Wicklow","Number","2060"
"Population","2011","Both sexes","5 years","Wexford","Number","2198"
"Population","2011","Both sexes","6 years","State","Number","64976"
"Population","2011","Both sexes","6 years","Cork City and Cork County","Number","7207"
"Population","2011","Both sexes","6 years","Clare","Number","1778"
"Population","2011","Both sexes","6 years","Cavan","Number","1132"
"Population","2011","Both sexes","6 years","Carlow","Number","849"
"Population","2011","Both sexes","6 years","Dublin City","Number","5018"
"Population","2011","Both sexes","6 years","Donegal","Number","2435"
"Population","2011","Both sexes","6 years","Dún Laoghaire-Rathdown","Number","2396"
"Population","2011","Both sexes","6 years","Fingal","Number","4468"
"Population","2011","Both sexes","6 years","Galway City","Number","786"
"Population","2011","Both sexes","6 years","Galway County","Number","2749"
"Population","2011","Both sexes","6 years","Kildare","Number","3511"
"Population","2011","Both sexes","6 years","Kilkenny","Number","1345"
"Population","2011","Both sexes","6 years","Kerry","Number","1945"
"Population","2011","Both sexes","6 years","Longford","Number","596"
"Population","2011","Both sexes","6 years","Louth","Number","1902"
"Population","2011","Both sexes","6 years","Limerick City and County","Number","2489"
"Population","2011","Both sexes","6 years","Leitrim","Number","459"
"Population","2011","Both sexes","6 years","Laois","Number","1372"
"Population","2011","Both sexes","6 years","Meath","Number","3171"
"Population","2011","Both sexes","6 years","Monaghan","Number","896"
"Population","2011","Both sexes","6 years","Mayo","Number","1837"
"Population","2011","Both sexes","6 years","Offaly","Number","1166"
"Population","2011","Both sexes","6 years","Roscommon","Number","888"
"Population","2011","Both sexes","6 years","South Dublin","Number","4093"
"Population","2011","Both sexes","6 years","Sligo","Number","852"
"Population","2011","Both sexes","6 years","Tipperary","Number","2377"
"Population","2011","Both sexes","6 years","Waterford City and County","Number","1621"
"Population","2011","Both sexes","6 years","Westmeath","Number","1284"
"Population","2011","Both sexes","6 years","Wicklow","Number","2161"
"Population","2011","Both sexes","6 years","Wexford","Number","2193"
"Population","2011","Both sexes","7 years","State","Number","64441"
"Population","2011","Both sexes","7 years","Cork City and Cork County","Number","7042"
"Population","2011","Both sexes","7 years","Clare","Number","1700"
"Population","2011","Both sexes","7 years","Cavan","Number","1145"
"Population","2011","Both sexes","7 years","Carlow","Number","843"
"Population","2011","Both sexes","7 years","Dublin City","Number","4890"
"Population","2011","Both sexes","7 years","Donegal","Number","2518"
"Population","2011","Both sexes","7 years","Dún Laoghaire-Rathdown","Number","2479"
"Population","2011","Both sexes","7 years","Fingal","Number","4481"
"Population","2011","Both sexes","7 years","Galway City","Number","816"
"Population","2011","Both sexes","7 years","Galway County","Number","2666"
"Population","2011","Both sexes","7 years","Kildare","Number","3550"
"Population","2011","Both sexes","7 years","Kilkenny","Number","1423"
"Population","2011","Both sexes","7 years","Kerry","Number","1911"
"Population","2011","Both sexes","7 years","Longford","Number","592"
"Population","2011","Both sexes","7 years","Louth","Number","1870"
"Population","2011","Both sexes","7 years","Limerick City and County","Number","2490"
"Population","2011","Both sexes","7 years","Leitrim","Number","487"
"Population","2011","Both sexes","7 years","Laois","Number","1386"
"Population","2011","Both sexes","7 years","Meath","Number","3099"
"Population","2011","Both sexes","7 years","Monaghan","Number","852"
"Population","2011","Both sexes","7 years","Mayo","Number","1849"
"Population","2011","Both sexes","7 years","Offaly","Number","1201"
"Population","2011","Both sexes","7 years","Roscommon","Number","907"
"Population","2011","Both sexes","7 years","South Dublin","Number","3991"
"Population","2011","Both sexes","7 years","Sligo","Number","873"
"Population","2011","Both sexes","7 years","Tipperary","Number","2222"
"Population","2011","Both sexes","7 years","Waterford City and County","Number","1608"
"Population","2011","Both sexes","7 years","Westmeath","Number","1286"
"Population","2011","Both sexes","7 years","Wicklow","Number","2003"
"Population","2011","Both sexes","7 years","Wexford","Number","2261"
"Population","2011","Both sexes","8 years","State","Number","63816"
"Population","2011","Both sexes","8 years","Cork City and Cork County","Number","7107"
"Population","2011","Both sexes","8 years","Clare","Number","1716"
"Population","2011","Both sexes","8 years","Cavan","Number","1106"
"Population","2011","Both sexes","8 years","Carlow","Number","826"
"Population","2011","Both sexes","8 years","Dublin City","Number","4956"
"Population","2011","Both sexes","8 years","Donegal","Number","2376"
"Population","2011","Both sexes","8 years","Dún Laoghaire-Rathdown","Number","2385"
"Population","2011","Both sexes","8 years","Fingal","Number","4528"
"Population","2011","Both sexes","8 years","Galway City","Number","857"
"Population","2011","Both sexes","8 years","Galway County","Number","2574"
"Population","2011","Both sexes","8 years","Kildare","Number","3504"
"Population","2011","Both sexes","8 years","Kilkenny","Number","1391"
"Population","2011","Both sexes","8 years","Kerry","Number","1918"
"Population","2011","Both sexes","8 years","Longford","Number","637"
"Population","2011","Both sexes","8 years","Louth","Number","1867"
"Population","2011","Both sexes","8 years","Limerick City and County","Number","2535"
"Population","2011","Both sexes","8 years","Leitrim","Number","422"
"Population","2011","Both sexes","8 years","Laois","Number","1325"
"Population","2011","Both sexes","8 years","Meath","Number","3005"
"Population","2011","Both sexes","8 years","Monaghan","Number","845"
"Population","2011","Both sexes","8 years","Mayo","Number","1795"
"Population","2011","Both sexes","8 years","Offaly","Number","1198"
"Population","2011","Both sexes","8 years","Roscommon","Number","885"
"Population","2011","Both sexes","8 years","South Dublin","Number","4041"
"Population","2011","Both sexes","8 years","Sligo","Number","822"
"Population","2011","Both sexes","8 years","Tipperary","Number","2131"
"Population","2011","Both sexes","8 years","Waterford City and County","Number","1633"
"Population","2011","Both sexes","8 years","Westmeath","Number","1212"
"Population","2011","Both sexes","8 years","Wicklow","Number","2025"
"Population","2011","Both sexes","8 years","Wexford","Number","2194"
"Population","2011","Both sexes","9 years","State","Number","62600"
"Population","2011","Both sexes","9 years","Cork City and Cork County","Number","6884"
"Population","2011","Both sexes","9 years","Clare","Number","1726"
"Population","2011","Both sexes","9 years","Cavan","Number","1060"
"Population","2011","Both sexes","9 years","Carlow","Number","772"
"Population","2011","Both sexes","9 years","Dublin City","Number","4906"
"Population","2011","Both sexes","9 years","Donegal","Number","2419"
"Population","2011","Both sexes","9 years","Dún Laoghaire-Rathdown","Number","2345"
"Population","2011","Both sexes","9 years","Fingal","Number","4094"
"Population","2011","Both sexes","9 years","Galway City","Number","792"
"Population","2011","Both sexes","9 years","Galway County","Number","2555"
"Population","2011","Both sexes","9 years","Kildare","Number","3328"
"Population","2011","Both sexes","9 years","Kilkenny","Number","1383"
"Population","2011","Both sexes","9 years","Kerry","Number","1961"
"Population","2011","Both sexes","9 years","Longford","Number","624"
"Population","2011","Both sexes","9 years","Louth","Number","1931"
"Population","2011","Both sexes","9 years","Limerick City and County","Number","2416"
"Population","2011","Both sexes","9 years","Leitrim","Number","456"
"Population","2011","Both sexes","9 years","Laois","Number","1252"
"Population","2011","Both sexes","9 years","Meath","Number","3028"
"Population","2011","Both sexes","9 years","Monaghan","Number","817"
"Population","2011","Both sexes","9 years","Mayo","Number","1790"
"Population","2011","Both sexes","9 years","Offaly","Number","1196"
"Population","2011","Both sexes","9 years","Roscommon","Number","909"
"Population","2011","Both sexes","9 years","South Dublin","Number","3910"
"Population","2011","Both sexes","9 years","Sligo","Number","808"
"Population","2011","Both sexes","9 years","Tipperary","Number","2211"
"Population","2011","Both sexes","9 years","Waterford City and County","Number","1620"
"Population","2011","Both sexes","9 years","Westmeath","Number","1298"
"Population","2011","Both sexes","9 years","Wicklow","Number","1930"
"Population","2011","Both sexes","9 years","Wexford","Number","2179"
"Population","2011","Both sexes","10 years","State","Number","61429"
"Population","2011","Both sexes","10 years","Cork City and Cork County","Number","6830"
"Population","2011","Both sexes","10 years","Clare","Number","1674"
"Population","2011","Both sexes","10 years","Cavan","Number","1114"
"Population","2011","Both sexes","10 years","Carlow","Number","763"
"Population","2011","Both sexes","10 years","Dublin City","Number","4923"
"Population","2011","Both sexes","10 years","Donegal","Number","2349"
"Population","2011","Both sexes","10 years","Dún Laoghaire-Rathdown","Number","2343"
"Population","2011","Both sexes","10 years","Fingal","Number","3877"
"Population","2011","Both sexes","10 years","Galway City","Number","774"
"Population","2011","Both sexes","10 years","Galway County","Number","2480"
"Population","2011","Both sexes","10 years","Kildare","Number","3282"
"Population","2011","Both sexes","10 years","Kilkenny","Number","1406"
"Population","2011","Both sexes","10 years","Kerry","Number","1815"
"Population","2011","Both sexes","10 years","Longford","Number","589"
"Population","2011","Both sexes","10 years","Louth","Number","1850"
"Population","2011","Both sexes","10 years","Limerick City and County","Number","2373"
"Population","2011","Both sexes","10 years","Leitrim","Number","402"
"Population","2011","Both sexes","10 years","Laois","Number","1261"
"Population","2011","Both sexes","10 years","Meath","Number","2847"
"Population","2011","Both sexes","10 years","Monaghan","Number","831"
"Population","2011","Both sexes","10 years","Mayo","Number","1796"
"Population","2011","Both sexes","10 years","Offaly","Number","1125"
"Population","2011","Both sexes","10 years","Roscommon","Number","907"
"Population","2011","Both sexes","10 years","South Dublin","Number","3833"
"Population","2011","Both sexes","10 years","Sligo","Number","863"
"Population","2011","Both sexes","10 years","Tipperary","Number","2323"
"Population","2011","Both sexes","10 years","Waterford City and County","Number","1551"
"Population","2011","Both sexes","10 years","Westmeath","Number","1249"
"Population","2011","Both sexes","10 years","Wicklow","Number","1943"
"Population","2011","Both sexes","10 years","Wexford","Number","2056"
"Population","2011","Both sexes","11 years","State","Number","60834"
"Population","2011","Both sexes","11 years","Cork City and Cork County","Number","6678"
"Population","2011","Both sexes","11 years","Clare","Number","1791"
"Population","2011","Both sexes","11 years","Cavan","Number","1108"
"Population","2011","Both sexes","11 years","Carlow","Number","775"
"Population","2011","Both sexes","11 years","Dublin City","Number","4929"
"Population","2011","Both sexes","11 years","Donegal","Number","2451"
"Population","2011","Both sexes","11 years","Dún Laoghaire-Rathdown","Number","2405"
"Population","2011","Both sexes","11 years","Fingal","Number","3620"
"Population","2011","Both sexes","11 years","Galway City","Number","699"
"Population","2011","Both sexes","11 years","Galway County","Number","2480"
"Population","2011","Both sexes","11 years","Kildare","Number","3060"
"Population","2011","Both sexes","11 years","Kilkenny","Number","1320"
"Population","2011","Both sexes","11 years","Kerry","Number","1956"
"Population","2011","Both sexes","11 years","Longford","Number","556"
"Population","2011","Both sexes","11 years","Louth","Number","1796"
"Population","2011","Both sexes","11 years","Limerick City and County","Number","2447"
"Population","2011","Both sexes","11 years","Leitrim","Number","451"
"Population","2011","Both sexes","11 years","Laois","Number","1158"
"Population","2011","Both sexes","11 years","Meath","Number","2700"
"Population","2011","Both sexes","11 years","Monaghan","Number","840"
"Population","2011","Both sexes","11 years","Mayo","Number","1838"
"Population","2011","Both sexes","11 years","Offaly","Number","1171"
"Population","2011","Both sexes","11 years","Roscommon","Number","870"
"Population","2011","Both sexes","11 years","South Dublin","Number","3670"
"Population","2011","Both sexes","11 years","Sligo","Number","838"
"Population","2011","Both sexes","11 years","Tipperary","Number","2241"
"Population","2011","Both sexes","11 years","Waterford City and County","Number","1575"
"Population","2011","Both sexes","11 years","Westmeath","Number","1257"
"Population","2011","Both sexes","11 years","Wicklow","Number","1978"
"Population","2011","Both sexes","11 years","Wexford","Number","2176"
"Population","2011","Both sexes","12 years","State","Number","61234"
"Population","2011","Both sexes","12 years","Cork City and Cork County","Number","6922"
"Population","2011","Both sexes","12 years","Clare","Number","1682"
"Population","2011","Both sexes","12 years","Cavan","Number","1127"
"Population","2011","Both sexes","12 years","Carlow","Number","770"
"Population","2011","Both sexes","12 years","Dublin City","Number","5169"
"Population","2011","Both sexes","12 years","Donegal","Number","2447"
"Population","2011","Both sexes","12 years","Dún Laoghaire-Rathdown","Number","2486"
"Population","2011","Both sexes","12 years","Fingal","Number","3527"
"Population","2011","Both sexes","12 years","Galway City","Number","698"
"Population","2011","Both sexes","12 years","Galway County","Number","2522"
"Population","2011","Both sexes","12 years","Kildare","Number","3118"
"Population","2011","Both sexes","12 years","Kilkenny","Number","1311"
"Population","2011","Both sexes","12 years","Kerry","Number","1941"
"Population","2011","Both sexes","12 years","Longford","Number","561"
"Population","2011","Both sexes","12 years","Louth","Number","1782"
"Population","2011","Both sexes","12 years","Limerick City and County","Number","2505"
"Population","2011","Both sexes","12 years","Leitrim","Number","455"
"Population","2011","Both sexes","12 years","Laois","Number","1173"
"Population","2011","Both sexes","12 years","Meath","Number","2732"
"Population","2011","Both sexes","12 years","Monaghan","Number","873"
"Population","2011","Both sexes","12 years","Mayo","Number","1794"
"Population","2011","Both sexes","12 years","Offaly","Number","1154"
"Population","2011","Both sexes","12 years","Roscommon","Number","912"
"Population","2011","Both sexes","12 years","South Dublin","Number","3652"
"Population","2011","Both sexes","12 years","Sligo","Number","898"
"Population","2011","Both sexes","12 years","Tipperary","Number","2190"
"Population","2011","Both sexes","12 years","Waterford City and County","Number","1568"
"Population","2011","Both sexes","12 years","Westmeath","Number","1216"
"Population","2011","Both sexes","12 years","Wicklow","Number","1901"
"Population","2011","Both sexes","12 years","Wexford","Number","2148"
"Population","2011","Both sexes","13 years","State","Number","59992"
"Population","2011","Both sexes","13 years","Cork City and Cork County","Number","6723"
"Population","2011","Both sexes","13 years","Clare","Number","1658"
"Population","2011","Both sexes","13 years","Cavan","Number","1111"
"Population","2011","Both sexes","13 years","Carlow","Number","711"
"Population","2011","Both sexes","13 years","Dublin City","Number","5079"
"Population","2011","Both sexes","13 years","Donegal","Number","2438"
"Population","2011","Both sexes","13 years","Dún Laoghaire-Rathdown","Number","2573"
"Population","2011","Both sexes","13 years","Fingal","Number","3375"
"Population","2011","Both sexes","13 years","Galway City","Number","705"
"Population","2011","Both sexes","13 years","Galway County","Number","2405"
"Population","2011","Both sexes","13 years","Kildare","Number","2939"
"Population","2011","Both sexes","13 years","Kilkenny","Number","1367"
"Population","2011","Both sexes","13 years","Kerry","Number","2004"
"Population","2011","Both sexes","13 years","Longford","Number","517"
"Population","2011","Both sexes","13 years","Louth","Number","1722"
"Population","2011","Both sexes","13 years","Limerick City and County","Number","2491"
"Population","2011","Both sexes","13 years","Leitrim","Number","416"
"Population","2011","Both sexes","13 years","Laois","Number","1141"
"Population","2011","Both sexes","13 years","Meath","Number","2684"
"Population","2011","Both sexes","13 years","Monaghan","Number","863"
"Population","2011","Both sexes","13 years","Mayo","Number","1753"
"Population","2011","Both sexes","13 years","Offaly","Number","1211"
"Population","2011","Both sexes","13 years","Roscommon","Number","864"
"Population","2011","Both sexes","13 years","South Dublin","Number","3473"
"Population","2011","Both sexes","13 years","Sligo","Number","846"
"Population","2011","Both sexes","13 years","Tipperary","Number","2270"
"Population","2011","Both sexes","13 years","Waterford City and County","Number","1541"
"Population","2011","Both sexes","13 years","Westmeath","Number","1228"
"Population","2011","Both sexes","13 years","Wicklow","Number","1805"
"Population","2011","Both sexes","13 years","Wexford","Number","2079"
"Population","2011","Both sexes","14 years","State","Number","59002"
"Population","2011","Both sexes","14 years","Cork City and Cork County","Number","6626"
"Population","2011","Both sexes","14 years","Clare","Number","1647"
"Population","2011","Both sexes","14 years","Cavan","Number","1066"
"Population","2011","Both sexes","14 years","Carlow","Number","684"
"Population","2011","Both sexes","14 years","Dublin City","Number","4993"
"Population","2011","Both sexes","14 years","Donegal","Number","2321"
"Population","2011","Both sexes","14 years","Dún Laoghaire-Rathdown","Number","2523"
"Population","2011","Both sexes","14 years","Fingal","Number","3248"
"Population","2011","Both sexes","14 years","Galway City","Number","702"
"Population","2011","Both sexes","14 years","Galway County","Number","2405"
"Population","2011","Both sexes","14 years","Kildare","Number","2915"
"Population","2011","Both sexes","14 years","Kilkenny","Number","1370"
"Population","2011","Both sexes","14 years","Kerry","Number","1997"
"Population","2011","Both sexes","14 years","Longford","Number","507"
"Population","2011","Both sexes","14 years","Louth","Number","1594"
"Population","2011","Both sexes","14 years","Limerick City and County","Number","2528"
"Population","2011","Both sexes","14 years","Leitrim","Number","405"
"Population","2011","Both sexes","14 years","Laois","Number","1034"
"Population","2011","Both sexes","14 years","Meath","Number","2506"
"Population","2011","Both sexes","14 years","Monaghan","Number","823"
"Population","2011","Both sexes","14 years","Mayo","Number","1830"
"Population","2011","Both sexes","14 years","Offaly","Number","1125"
"Population","2011","Both sexes","14 years","Roscommon","Number","852"
"Population","2011","Both sexes","14 years","South Dublin","Number","3505"
"Population","2011","Both sexes","14 years","Sligo","Number","874"
"Population","2011","Both sexes","14 years","Tipperary","Number","2203"
"Population","2011","Both sexes","14 years","Waterford City and County","Number","1567"
"Population","2011","Both sexes","14 years","Westmeath","Number","1219"
"Population","2011","Both sexes","14 years","Wicklow","Number","1892"
"Population","2011","Both sexes","14 years","Wexford","Number","2041"
"Population","2011","Both sexes","15 years","State","Number","57227"
"Population","2011","Both sexes","15 years","Cork City and Cork County","Number","6376"
"Population","2011","Both sexes","15 years","Clare","Number","1560"
"Population","2011","Both sexes","15 years","Cavan","Number","1010"
"Population","2011","Both sexes","15 years","Carlow","Number","669"
"Population","2011","Both sexes","15 years","Dublin City","Number","5046"
"Population","2011","Both sexes","15 years","Donegal","Number","2364"
"Population","2011","Both sexes","15 years","Dún Laoghaire-Rathdown","Number","2477"
"Population","2011","Both sexes","15 years","Fingal","Number","3150"
"Population","2011","Both sexes","15 years","Galway City","Number","709"
"Population","2011","Both sexes","15 years","Galway County","Number","2343"
"Population","2011","Both sexes","15 years","Kildare","Number","2684"
"Population","2011","Both sexes","15 years","Kilkenny","Number","1313"
"Population","2011","Both sexes","15 years","Kerry","Number","1870"
"Population","2011","Both sexes","15 years","Longford","Number","555"
"Population","2011","Both sexes","15 years","Louth","Number","1558"
"Population","2011","Both sexes","15 years","Limerick City and County","Number","2353"
"Population","2011","Both sexes","15 years","Leitrim","Number","437"
"Population","2011","Both sexes","15 years","Laois","Number","1065"
"Population","2011","Both sexes","15 years","Meath","Number","2414"
"Population","2011","Both sexes","15 years","Monaghan","Number","836"
"Population","2011","Both sexes","15 years","Mayo","Number","1765"
"Population","2011","Both sexes","15 years","Offaly","Number","1093"
"Population","2011","Both sexes","15 years","Roscommon","Number","848"
"Population","2011","Both sexes","15 years","South Dublin","Number","3302"
"Population","2011","Both sexes","15 years","Sligo","Number","798"
"Population","2011","Both sexes","15 years","Tipperary","Number","2171"
"Population","2011","Both sexes","15 years","Waterford City and County","Number","1465"
"Population","2011","Both sexes","15 years","Westmeath","Number","1246"
"Population","2011","Both sexes","15 years","Wicklow","Number","1800"
"Population","2011","Both sexes","15 years","Wexford","Number","1950"
"Population","2011","Both sexes","16 years","State","Number","56005"
"Population","2011","Both sexes","16 years","Cork City and Cork County","Number","6384"
"Population","2011","Both sexes","16 years","Clare","Number","1495"
"Population","2011","Both sexes","16 years","Cavan","Number","979"
"Population","2011","Both sexes","16 years","Carlow","Number","666"
"Population","2011","Both sexes","16 years","Dublin City","Number","4939"
"Population","2011","Both sexes","16 years","Donegal","Number","2213"
"Population","2011","Both sexes","16 years","Dún Laoghaire-Rathdown","Number","2406"
"Population","2011","Both sexes","16 years","Fingal","Number","3127"
"Population","2011","Both sexes","16 years","Galway City","Number","686"
"Population","2011","Both sexes","16 years","Galway County","Number","2232"
"Population","2011","Both sexes","16 years","Kildare","Number","2655"
"Population","2011","Both sexes","16 years","Kilkenny","Number","1224"
"Population","2011","Both sexes","16 years","Kerry","Number","1914"
"Population","2011","Both sexes","16 years","Longford","Number","494"
"Population","2011","Both sexes","16 years","Louth","Number","1541"
"Population","2011","Both sexes","16 years","Limerick City and County","Number","2334"
"Population","2011","Both sexes","16 years","Leitrim","Number","363"
"Population","2011","Both sexes","16 years","Laois","Number","1016"
"Population","2011","Both sexes","16 years","Meath","Number","2277"
"Population","2011","Both sexes","16 years","Monaghan","Number","861"
"Population","2011","Both sexes","16 years","Mayo","Number","1709"
"Population","2011","Both sexes","16 years","Offaly","Number","1080"
"Population","2011","Both sexes","16 years","Roscommon","Number","842"
"Population","2011","Both sexes","16 years","South Dublin","Number","3331"
"Population","2011","Both sexes","16 years","Sligo","Number","828"
"Population","2011","Both sexes","16 years","Tipperary","Number","2096"
"Population","2011","Both sexes","16 years","Waterford City and County","Number","1441"
"Population","2011","Both sexes","16 years","Westmeath","Number","1208"
"Population","2011","Both sexes","16 years","Wicklow","Number","1724"
"Population","2011","Both sexes","16 years","Wexford","Number","1940"
"Population","2011","Both sexes","17 years","State","Number","55865"
"Population","2011","Both sexes","17 years","Cork City and Cork County","Number","6185"
"Population","2011","Both sexes","17 years","Clare","Number","1530"
"Population","2011","Both sexes","17 years","Cavan","Number","973"
"Population","2011","Both sexes","17 years","Carlow","Number","655"
"Population","2011","Both sexes","17 years","Dublin City","Number","5281"
"Population","2011","Both sexes","17 years","Donegal","Number","2206"
"Population","2011","Both sexes","17 years","Dún Laoghaire-Rathdown","Number","2542"
"Population","2011","Both sexes","17 years","Fingal","Number","3111"
"Population","2011","Both sexes","17 years","Galway City","Number","719"
"Population","2011","Both sexes","17 years","Galway County","Number","2319"
"Population","2011","Both sexes","17 years","Kildare","Number","2542"
"Population","2011","Both sexes","17 years","Kilkenny","Number","1278"
"Population","2011","Both sexes","17 years","Kerry","Number","1804"
"Population","2011","Both sexes","17 years","Longford","Number","499"
"Population","2011","Both sexes","17 years","Louth","Number","1531"
"Population","2011","Both sexes","17 years","Limerick City and County","Number","2316"
"Population","2011","Both sexes","17 years","Leitrim","Number","372"
"Population","2011","Both sexes","17 years","Laois","Number","938"
"Population","2011","Both sexes","17 years","Meath","Number","2243"
"Population","2011","Both sexes","17 years","Monaghan","Number","844"
"Population","2011","Both sexes","17 years","Mayo","Number","1727"
"Population","2011","Both sexes","17 years","Offaly","Number","1021"
"Population","2011","Both sexes","17 years","Roscommon","Number","806"
"Population","2011","Both sexes","17 years","South Dublin","Number","3294"
"Population","2011","Both sexes","17 years","Sligo","Number","806"
"Population","2011","Both sexes","17 years","Tipperary","Number","2107"
"Population","2011","Both sexes","17 years","Waterford City and County","Number","1422"
"Population","2011","Both sexes","17 years","Westmeath","Number","1158"
"Population","2011","Both sexes","17 years","Wicklow","Number","1748"
"Population","2011","Both sexes","17 years","Wexford","Number","1888"
"Population","2011","Both sexes","18 years","State","Number","56840"
"Population","2011","Both sexes","18 years","Cork City and Cork County","Number","6597"
"Population","2011","Both sexes","18 years","Clare","Number","1469"
"Population","2011","Both sexes","18 years","Cavan","Number","877"
"Population","2011","Both sexes","18 years","Carlow","Number","732"
"Population","2011","Both sexes","18 years","Dublin City","Number","6324"
"Population","2011","Both sexes","18 years","Donegal","Number","1972"
"Population","2011","Both sexes","18 years","Dún Laoghaire-Rathdown","Number","2813"
"Population","2011","Both sexes","18 years","Fingal","Number","3043"
"Population","2011","Both sexes","18 years","Galway City","Number","1214"
"Population","2011","Both sexes","18 years","Galway County","Number","2161"
"Population","2011","Both sexes","18 years","Kildare","Number","2708"
"Population","2011","Both sexes","18 years","Kilkenny","Number","1291"
"Population","2011","Both sexes","18 years","Kerry","Number","1588"
"Population","2011","Both sexes","18 years","Longford","Number","432"
"Population","2011","Both sexes","18 years","Louth","Number","1513"
"Population","2011","Both sexes","18 years","Limerick City and County","Number","2781"
"Population","2011","Both sexes","18 years","Leitrim","Number","340"
"Population","2011","Both sexes","18 years","Laois","Number","812"
"Population","2011","Both sexes","18 years","Meath","Number","2104"
"Population","2011","Both sexes","18 years","Monaghan","Number","766"
"Population","2011","Both sexes","18 years","Mayo","Number","1657"
"Population","2011","Both sexes","18 years","Offaly","Number","939"
"Population","2011","Both sexes","18 years","Roscommon","Number","689"
"Population","2011","Both sexes","18 years","South Dublin","Number","3310"
"Population","2011","Both sexes","18 years","Sligo","Number","947"
"Population","2011","Both sexes","18 years","Tipperary","Number","1906"
"Population","2011","Both sexes","18 years","Waterford City and County","Number","1370"
"Population","2011","Both sexes","18 years","Westmeath","Number","1082"
"Population","2011","Both sexes","18 years","Wicklow","Number","1731"
"Population","2011","Both sexes","18 years","Wexford","Number","1672"
"Population","2011","Both sexes","19 years","State","Number","57082"
"Population","2011","Both sexes","19 years","Cork City and Cork County","Number","6435"
"Population","2011","Both sexes","19 years","Clare","Number","1254"
"Population","2011","Both sexes","19 years","Cavan","Number","744"
"Population","2011","Both sexes","19 years","Carlow","Number","668"
"Population","2011","Both sexes","19 years","Dublin City","Number","7624"
"Population","2011","Both sexes","19 years","Donegal","Number","1783"
"Population","2011","Both sexes","19 years","Dún Laoghaire-Rathdown","Number","3438"
"Population","2011","Both sexes","19 years","Fingal","Number","3217"
"Population","2011","Both sexes","19 years","Galway City","Number","1625"
"Population","2011","Both sexes","19 years","Galway County","Number","1915"
"Population","2011","Both sexes","19 years","Kildare","Number","2629"
"Population","2011","Both sexes","19 years","Kilkenny","Number","974"
"Population","2011","Both sexes","19 years","Kerry","Number","1555"
"Population","2011","Both sexes","19 years","Longford","Number","391"
"Population","2011","Both sexes","19 years","Louth","Number","1438"
"Population","2011","Both sexes","19 years","Limerick City and County","Number","3149"
"Population","2011","Both sexes","19 years","Leitrim","Number","266"
"Population","2011","Both sexes","19 years","Laois","Number","835"
"Population","2011","Both sexes","19 years","Meath","Number","2026"
"Population","2011","Both sexes","19 years","Monaghan","Number","658"
"Population","2011","Both sexes","19 years","Mayo","Number","1312"
"Population","2011","Both sexes","19 years","Offaly","Number","821"
"Population","2011","Both sexes","19 years","Roscommon","Number","596"
"Population","2011","Both sexes","19 years","South Dublin","Number","3447"
"Population","2011","Both sexes","19 years","Sligo","Number","1000"
"Population","2011","Both sexes","19 years","Tipperary","Number","1711"
"Population","2011","Both sexes","19 years","Waterford City and County","Number","1378"
"Population","2011","Both sexes","19 years","Westmeath","Number","1038"
"Population","2011","Both sexes","19 years","Wicklow","Number","1579"
"Population","2011","Both sexes","19 years","Wexford","Number","1576"
"Population","2011","Both sexes","20 years","State","Number","59932"
"Population","2011","Both sexes","20 years","Cork City and Cork County","Number","6883"
"Population","2011","Both sexes","20 years","Clare","Number","1386"
"Population","2011","Both sexes","20 years","Cavan","Number","812"
"Population","2011","Both sexes","20 years","Carlow","Number","743"
"Population","2011","Both sexes","20 years","Dublin City","Number","8694"
"Population","2011","Both sexes","20 years","Donegal","Number","1803"
"Population","2011","Both sexes","20 years","Dún Laoghaire-Rathdown","Number","3496"
"Population","2011","Both sexes","20 years","Fingal","Number","3273"
"Population","2011","Both sexes","20 years","Galway City","Number","1823"
"Population","2011","Both sexes","20 years","Galway County","Number","1926"
"Population","2011","Both sexes","20 years","Kildare","Number","2781"
"Population","2011","Both sexes","20 years","Kilkenny","Number","1038"
"Population","2011","Both sexes","20 years","Kerry","Number","1555"
"Population","2011","Both sexes","20 years","Longford","Number","407"
"Population","2011","Both sexes","20 years","Louth","Number","1605"
"Population","2011","Both sexes","20 years","Limerick City and County","Number","3143"
"Population","2011","Both sexes","20 years","Leitrim","Number","289"
"Population","2011","Both sexes","20 years","Laois","Number","848"
"Population","2011","Both sexes","20 years","Meath","Number","2008"
"Population","2011","Both sexes","20 years","Monaghan","Number","641"
"Population","2011","Both sexes","20 years","Mayo","Number","1329"
"Population","2011","Both sexes","20 years","Offaly","Number","838"
"Population","2011","Both sexes","20 years","Roscommon","Number","654"
"Population","2011","Both sexes","20 years","South Dublin","Number","3514"
"Population","2011","Both sexes","20 years","Sligo","Number","1004"
"Population","2011","Both sexes","20 years","Tipperary","Number","1738"
"Population","2011","Both sexes","20 years","Waterford City and County","Number","1382"
"Population","2011","Both sexes","20 years","Westmeath","Number","1071"
"Population","2011","Both sexes","20 years","Wicklow","Number","1643"
"Population","2011","Both sexes","20 years","Wexford","Number","1605"
"Population","2011","Both sexes","21 years","State","Number","57930"
"Population","2011","Both sexes","21 years","Cork City and Cork County","Number","6581"
"Population","2011","Both sexes","21 years","Clare","Number","1293"
"Population","2011","Both sexes","21 years","Cavan","Number","816"
"Population","2011","Both sexes","21 years","Carlow","Number","724"
"Population","2011","Both sexes","21 years","Dublin City","Number","9039"
"Population","2011","Both sexes","21 years","Donegal","Number","1860"
"Population","2011","Both sexes","21 years","Dún Laoghaire-Rathdown","Number","3136"
"Population","2011","Both sexes","21 years","Fingal","Number","3145"
"Population","2011","Both sexes","21 years","Galway City","Number","1756"
"Population","2011","Both sexes","21 years","Galway County","Number","1756"
"Population","2011","Both sexes","21 years","Kildare","Number","2469"
"Population","2011","Both sexes","21 years","Kilkenny","Number","950"
"Population","2011","Both sexes","21 years","Kerry","Number","1518"
"Population","2011","Both sexes","21 years","Longford","Number","424"
"Population","2011","Both sexes","21 years","Louth","Number","1559"
"Population","2011","Both sexes","21 years","Limerick City and County","Number","2975"
"Population","2011","Both sexes","21 years","Leitrim","Number","259"
"Population","2011","Both sexes","21 years","Laois","Number","891"
"Population","2011","Both sexes","21 years","Meath","Number","1887"
"Population","2011","Both sexes","21 years","Monaghan","Number","669"
"Population","2011","Both sexes","21 years","Mayo","Number","1273"
"Population","2011","Both sexes","21 years","Offaly","Number","903"
"Population","2011","Both sexes","21 years","Roscommon","Number","629"
"Population","2011","Both sexes","21 years","South Dublin","Number","3464"
"Population","2011","Both sexes","21 years","Sligo","Number","886"
"Population","2011","Both sexes","21 years","Tipperary","Number","1644"
"Population","2011","Both sexes","21 years","Waterford City and County","Number","1363"
"Population","2011","Both sexes","21 years","Westmeath","Number","1087"
"Population","2011","Both sexes","21 years","Wicklow","Number","1575"
"Population","2011","Both sexes","21 years","Wexford","Number","1399"
"Population","2011","Both sexes","22 years","State","Number","57647"
"Population","2011","Both sexes","22 years","Cork City and Cork County","Number","6510"
"Population","2011","Both sexes","22 years","Clare","Number","1232"
"Population","2011","Both sexes","22 years","Cavan","Number","806"
"Population","2011","Both sexes","22 years","Carlow","Number","692"
"Population","2011","Both sexes","22 years","Dublin City","Number","9163"
"Population","2011","Both sexes","22 years","Donegal","Number","1778"
"Population","2011","Both sexes","22 years","Dún Laoghaire-Rathdown","Number","3012"
"Population","2011","Both sexes","22 years","Fingal","Number","3349"
"Population","2011","Both sexes","22 years","Galway City","Number","1590"
"Population","2011","Both sexes","22 years","Galway County","Number","1737"
"Population","2011","Both sexes","22 years","Kildare","Number","2474"
"Population","2011","Both sexes","22 years","Kilkenny","Number","1009"
"Population","2011","Both sexes","22 years","Kerry","Number","1477"
"Population","2011","Both sexes","22 years","Longford","Number","391"
"Population","2011","Both sexes","22 years","Louth","Number","1561"
"Population","2011","Both sexes","22 years","Limerick City and County","Number","2829"
"Population","2011","Both sexes","22 years","Leitrim","Number","300"
"Population","2011","Both sexes","22 years","Laois","Number","916"
"Population","2011","Both sexes","22 years","Meath","Number","1831"
"Population","2011","Both sexes","22 years","Monaghan","Number","688"
"Population","2011","Both sexes","22 years","Mayo","Number","1331"
"Population","2011","Both sexes","22 years","Offaly","Number","850"
"Population","2011","Both sexes","22 years","Roscommon","Number","644"
"Population","2011","Both sexes","22 years","South Dublin","Number","3547"
"Population","2011","Both sexes","22 years","Sligo","Number","869"
"Population","2011","Both sexes","22 years","Tipperary","Number","1667"
"Population","2011","Both sexes","22 years","Waterford City and County","Number","1337"
"Population","2011","Both sexes","22 years","Westmeath","Number","1029"
"Population","2011","Both sexes","22 years","Wicklow","Number","1546"
"Population","2011","Both sexes","22 years","Wexford","Number","1482"
"Population","2011","Both sexes","23 years","State","Number","59459"
"Population","2011","Both sexes","23 years","Cork City and Cork County","Number","6716"
"Population","2011","Both sexes","23 years","Clare","Number","1248"
"Population","2011","Both sexes","23 years","Cavan","Number","799"
"Population","2011","Both sexes","23 years","Carlow","Number","713"
"Population","2011","Both sexes","23 years","Dublin City","Number","9812"
"Population","2011","Both sexes","23 years","Donegal","Number","1927"
"Population","2011","Both sexes","23 years","Dún Laoghaire-Rathdown","Number","2815"
"Population","2011","Both sexes","23 years","Fingal","Number","3454"
"Population","2011","Both sexes","23 years","Galway City","Number","1584"
"Population","2011","Both sexes","23 years","Galway County","Number","1767"
"Population","2011","Both sexes","23 years","Kildare","Number","2568"
"Population","2011","Both sexes","23 years","Kilkenny","Number","1060"
"Population","2011","Both sexes","23 years","Kerry","Number","1492"
"Population","2011","Both sexes","23 years","Longford","Number","484"
"Population","2011","Both sexes","23 years","Louth","Number","1520"
"Population","2011","Both sexes","23 years","Limerick City and County","Number","2577"
"Population","2011","Both sexes","23 years","Leitrim","Number","303"
"Population","2011","Both sexes","23 years","Laois","Number","960"
"Population","2011","Both sexes","23 years","Meath","Number","2024"
"Population","2011","Both sexes","23 years","Monaghan","Number","768"
"Population","2011","Both sexes","23 years","Mayo","Number","1466"
"Population","2011","Both sexes","23 years","Offaly","Number","925"
"Population","2011","Both sexes","23 years","Roscommon","Number","690"
"Population","2011","Both sexes","23 years","South Dublin","Number","3710"
"Population","2011","Both sexes","23 years","Sligo","Number","769"
"Population","2011","Both sexes","23 years","Tipperary","Number","1768"
"Population","2011","Both sexes","23 years","Waterford City and County","Number","1345"
"Population","2011","Both sexes","23 years","Westmeath","Number","1068"
"Population","2011","Both sexes","23 years","Wicklow","Number","1520"
"Population","2011","Both sexes","23 years","Wexford","Number","1607"
"Population","2011","Both sexes","24 years","State","Number","62263"
"Population","2011","Both sexes","24 years","Cork City and Cork County","Number","6835"
"Population","2011","Both sexes","24 years","Clare","Number","1301"
"Population","2011","Both sexes","24 years","Cavan","Number","873"
"Population","2011","Both sexes","24 years","Carlow","Number","744"
"Population","2011","Both sexes","24 years","Dublin City","Number","10698"
"Population","2011","Both sexes","24 years","Donegal","Number","1861"
"Population","2011","Both sexes","24 years","Dún Laoghaire-Rathdown","Number","2798"
"Population","2011","Both sexes","24 years","Fingal","Number","3750"
"Population","2011","Both sexes","24 years","Galway City","Number","1620"
"Population","2011","Both sexes","24 years","Galway County","Number","1785"
"Population","2011","Both sexes","24 years","Kildare","Number","2754"
"Population","2011","Both sexes","24 years","Kilkenny","Number","1125"
"Population","2011","Both sexes","24 years","Kerry","Number","1538"
"Population","2011","Both sexes","24 years","Longford","Number","451"
"Population","2011","Both sexes","24 years","Louth","Number","1617"
"Population","2011","Both sexes","24 years","Limerick City and County","Number","2595"
"Population","2011","Both sexes","24 years","Leitrim","Number","325"
"Population","2011","Both sexes","24 years","Laois","Number","1093"
"Population","2011","Both sexes","24 years","Meath","Number","2158"
"Population","2011","Both sexes","24 years","Monaghan","Number","787"
"Population","2011","Both sexes","24 years","Mayo","Number","1469"
"Population","2011","Both sexes","24 years","Offaly","Number","953"
"Population","2011","Both sexes","24 years","Roscommon","Number","705"
"Population","2011","Both sexes","24 years","South Dublin","Number","3860"
"Population","2011","Both sexes","24 years","Sligo","Number","786"
"Population","2011","Both sexes","24 years","Tipperary","Number","1867"
"Population","2011","Both sexes","24 years","Waterford City and County","Number","1443"
"Population","2011","Both sexes","24 years","Westmeath","Number","1118"
"Population","2011","Both sexes","24 years","Wicklow","Number","1648"
"Population","2011","Both sexes","24 years","Wexford","Number","1706"
"Population","2011","Both sexes","25 years","State","Number","65242"
"Population","2011","Both sexes","25 years","Cork City and Cork County","Number","6907"
"Population","2011","Both sexes","25 years","Clare","Number","1278"
"Population","2011","Both sexes","25 years","Cavan","Number","893"
"Population","2011","Both sexes","25 years","Carlow","Number","723"
"Population","2011","Both sexes","25 years","Dublin City","Number","11479"
"Population","2011","Both sexes","25 years","Donegal","Number","1877"
"Population","2011","Both sexes","25 years","Dún Laoghaire-Rathdown","Number","2921"
"Population","2011","Both sexes","25 years","Fingal","Number","4221"
"Population","2011","Both sexes","25 years","Galway City","Number","1691"
"Population","2011","Both sexes","25 years","Galway County","Number","1820"
"Population","2011","Both sexes","25 years","Kildare","Number","2796"
"Population","2011","Both sexes","25 years","Kilkenny","Number","1113"
"Population","2011","Both sexes","25 years","Kerry","Number","1745"
"Population","2011","Both sexes","25 years","Longford","Number","481"
"Population","2011","Both sexes","25 years","Louth","Number","1757"
"Population","2011","Both sexes","25 years","Limerick City and County","Number","2767"
"Population","2011","Both sexes","25 years","Leitrim","Number","366"
"Population","2011","Both sexes","25 years","Laois","Number","1116"
"Population","2011","Both sexes","25 years","Meath","Number","2259"
"Population","2011","Both sexes","25 years","Monaghan","Number","859"
"Population","2011","Both sexes","25 years","Mayo","Number","1527"
"Population","2011","Both sexes","25 years","Offaly","Number","913"
"Population","2011","Both sexes","25 years","Roscommon","Number","759"
"Population","2011","Both sexes","25 years","South Dublin","Number","4224"
"Population","2011","Both sexes","25 years","Sligo","Number","812"
"Population","2011","Both sexes","25 years","Tipperary","Number","1875"
"Population","2011","Both sexes","25 years","Waterford City and County","Number","1492"
"Population","2011","Both sexes","25 years","Westmeath","Number","1277"
"Population","2011","Both sexes","25 years","Wicklow","Number","1580"
"Population","2011","Both sexes","25 years","Wexford","Number","1714"
"Population","2011","Both sexes","26 years","State","Number","68086"
"Population","2011","Both sexes","26 years","Cork City and Cork County","Number","7574"
"Population","2011","Both sexes","26 years","Clare","Number","1417"
"Population","2011","Both sexes","26 years","Cavan","Number","943"
"Population","2011","Both sexes","26 years","Carlow","Number","791"
"Population","2011","Both sexes","26 years","Dublin City","Number","11812"
"Population","2011","Both sexes","26 years","Donegal","Number","1916"
"Population","2011","Both sexes","26 years","Dún Laoghaire-Rathdown","Number","2928"
"Population","2011","Both sexes","26 years","Fingal","Number","4355"
"Population","2011","Both sexes","26 years","Galway City","Number","1752"
"Population","2011","Both sexes","26 years","Galway County","Number","1907"
"Population","2011","Both sexes","26 years","Kildare","Number","3006"
"Population","2011","Both sexes","26 years","Kilkenny","Number","1190"
"Population","2011","Both sexes","26 years","Kerry","Number","1839"
"Population","2011","Both sexes","26 years","Longford","Number","512"
"Population","2011","Both sexes","26 years","Louth","Number","1706"
"Population","2011","Both sexes","26 years","Limerick City and County","Number","2777"
"Population","2011","Both sexes","26 years","Leitrim","Number","330"
"Population","2011","Both sexes","26 years","Laois","Number","1180"
"Population","2011","Both sexes","26 years","Meath","Number","2430"
"Population","2011","Both sexes","26 years","Monaghan","Number","827"
"Population","2011","Both sexes","26 years","Mayo","Number","1577"
"Population","2011","Both sexes","26 years","Offaly","Number","1055"
"Population","2011","Both sexes","26 years","Roscommon","Number","785"
"Population","2011","Both sexes","26 years","South Dublin","Number","4374"
"Population","2011","Both sexes","26 years","Sligo","Number","830"
"Population","2011","Both sexes","26 years","Tipperary","Number","2005"
"Population","2011","Both sexes","26 years","Waterford City and County","Number","1451"
"Population","2011","Both sexes","26 years","Westmeath","Number","1261"
"Population","2011","Both sexes","26 years","Wicklow","Number","1666"
"Population","2011","Both sexes","26 years","Wexford","Number","1890"
"Population","2011","Both sexes","27 years","State","Number","71791"
"Population","2011","Both sexes","27 years","Cork City and Cork County","Number","7775"
"Population","2011","Both sexes","27 years","Clare","Number","1460"
"Population","2011","Both sexes","27 years","Cavan","Number","1065"
"Population","2011","Both sexes","27 years","Carlow","Number","825"
"Population","2011","Both sexes","27 years","Dublin City","Number","12503"
"Population","2011","Both sexes","27 years","Donegal","Number","2022"
"Population","2011","Both sexes","27 years","Dún Laoghaire-Rathdown","Number","3127"
"Population","2011","Both sexes","27 years","Fingal","Number","4670"
"Population","2011","Both sexes","27 years","Galway City","Number","1838"
"Population","2011","Both sexes","27 years","Galway County","Number","2093"
"Population","2011","Both sexes","27 years","Kildare","Number","3242"
"Population","2011","Both sexes","27 years","Kilkenny","Number","1266"
"Population","2011","Both sexes","27 years","Kerry","Number","1975"
"Population","2011","Both sexes","27 years","Longford","Number","545"
"Population","2011","Both sexes","27 years","Louth","Number","1788"
"Population","2011","Both sexes","27 years","Limerick City and County","Number","2973"
"Population","2011","Both sexes","27 years","Leitrim","Number","412"
"Population","2011","Both sexes","27 years","Laois","Number","1251"
"Population","2011","Both sexes","27 years","Meath","Number","2535"
"Population","2011","Both sexes","27 years","Monaghan","Number","837"
"Population","2011","Both sexes","27 years","Mayo","Number","1624"
"Population","2011","Both sexes","27 years","Offaly","Number","1039"
"Population","2011","Both sexes","27 years","Roscommon","Number","778"
"Population","2011","Both sexes","27 years","South Dublin","Number","4515"
"Population","2011","Both sexes","27 years","Sligo","Number","900"
"Population","2011","Both sexes","27 years","Tipperary","Number","2118"
"Population","2011","Both sexes","27 years","Waterford City and County","Number","1593"
"Population","2011","Both sexes","27 years","Westmeath","Number","1236"
"Population","2011","Both sexes","27 years","Wicklow","Number","1824"
"Population","2011","Both sexes","27 years","Wexford","Number","1962"
"Population","2011","Both sexes","28 years","State","Number","76766"
"Population","2011","Both sexes","28 years","Cork City and Cork County","Number","8407"
"Population","2011","Both sexes","28 years","Clare","Number","1539"
"Population","2011","Both sexes","28 years","Cavan","Number","1127"
"Population","2011","Both sexes","28 years","Carlow","Number","898"
"Population","2011","Both sexes","28 years","Dublin City","Number","13318"
"Population","2011","Both sexes","28 years","Donegal","Number","2134"
"Population","2011","Both sexes","28 years","Dún Laoghaire-Rathdown","Number","3346"
"Population","2011","Both sexes","28 years","Fingal","Number","5228"
"Population","2011","Both sexes","28 years","Galway City","Number","1996"
"Population","2011","Both sexes","28 years","Galway County","Number","2278"
"Population","2011","Both sexes","28 years","Kildare","Number","3512"
"Population","2011","Both sexes","28 years","Kilkenny","Number","1374"
"Population","2011","Both sexes","28 years","Kerry","Number","1975"
"Population","2011","Both sexes","28 years","Longford","Number","589"
"Population","2011","Both sexes","28 years","Louth","Number","1850"
"Population","2011","Both sexes","28 years","Limerick City and County","Number","3144"
"Population","2011","Both sexes","28 years","Leitrim","Number","433"
"Population","2011","Both sexes","28 years","Laois","Number","1370"
"Population","2011","Both sexes","28 years","Meath","Number","2861"
"Population","2011","Both sexes","28 years","Monaghan","Number","960"
"Population","2011","Both sexes","28 years","Mayo","Number","1675"
"Population","2011","Both sexes","28 years","Offaly","Number","1155"
"Population","2011","Both sexes","28 years","Roscommon","Number","849"
"Population","2011","Both sexes","28 years","South Dublin","Number","4786"
"Population","2011","Both sexes","28 years","Sligo","Number","941"
"Population","2011","Both sexes","28 years","Tipperary","Number","2270"
"Population","2011","Both sexes","28 years","Waterford City and County","Number","1602"
"Population","2011","Both sexes","28 years","Westmeath","Number","1298"
"Population","2011","Both sexes","28 years","Wicklow","Number","1892"
"Population","2011","Both sexes","28 years","Wexford","Number","1959"
"Population","2011","Both sexes","29 years","State","Number","79237"
"Population","2011","Both sexes","29 years","Cork City and Cork County","Number","8649"
"Population","2011","Both sexes","29 years","Clare","Number","1618"
"Population","2011","Both sexes","29 years","Cavan","Number","1105"
"Population","2011","Both sexes","29 years","Carlow","Number","862"
"Population","2011","Both sexes","29 years","Dublin City","Number","13299"
"Population","2011","Both sexes","29 years","Donegal","Number","2222"
"Population","2011","Both sexes","29 years","Dún Laoghaire-Rathdown","Number","3487"
"Population","2011","Both sexes","29 years","Fingal","Number","5533"
"Population","2011","Both sexes","29 years","Galway City","Number","2025"
"Population","2011","Both sexes","29 years","Galway County","Number","2399"
"Population","2011","Both sexes","29 years","Kildare","Number","3688"
"Population","2011","Both sexes","29 years","Kilkenny","Number","1456"
"Population","2011","Both sexes","29 years","Kerry","Number","2097"
"Population","2011","Both sexes","29 years","Longford","Number","591"
"Population","2011","Both sexes","29 years","Louth","Number","1929"
"Population","2011","Both sexes","29 years","Limerick City and County","Number","3126"
"Population","2011","Both sexes","29 years","Leitrim","Number","439"
"Population","2011","Both sexes","29 years","Laois","Number","1398"
"Population","2011","Both sexes","29 years","Meath","Number","2956"
"Population","2011","Both sexes","29 years","Monaghan","Number","928"
"Population","2011","Both sexes","29 years","Mayo","Number","1727"
"Population","2011","Both sexes","29 years","Offaly","Number","1212"
"Population","2011","Both sexes","29 years","Roscommon","Number","891"
"Population","2011","Both sexes","29 years","South Dublin","Number","5155"
"Population","2011","Both sexes","29 years","Sligo","Number","941"
"Population","2011","Both sexes","29 years","Tipperary","Number","2333"
"Population","2011","Both sexes","29 years","Waterford City and County","Number","1657"
"Population","2011","Both sexes","29 years","Westmeath","Number","1389"
"Population","2011","Both sexes","29 years","Wicklow","Number","2021"
"Population","2011","Both sexes","29 years","Wexford","Number","2104"
"Population","2011","Both sexes","30 years","State","Number","82614"
"Population","2011","Both sexes","30 years","Cork City and Cork County","Number","8916"
"Population","2011","Both sexes","30 years","Clare","Number","1738"
"Population","2011","Both sexes","30 years","Cavan","Number","1190"
"Population","2011","Both sexes","30 years","Carlow","Number","907"
"Population","2011","Both sexes","30 years","Dublin City","Number","13365"
"Population","2011","Both sexes","30 years","Donegal","Number","2366"
"Population","2011","Both sexes","30 years","Dún Laoghaire-Rathdown","Number","3643"
"Population","2011","Both sexes","30 years","Fingal","Number","5773"
"Population","2011","Both sexes","30 years","Galway City","Number","1979"
"Population","2011","Both sexes","30 years","Galway County","Number","2585"
"Population","2011","Both sexes","30 years","Kildare","Number","3803"
"Population","2011","Both sexes","30 years","Kilkenny","Number","1549"
"Population","2011","Both sexes","30 years","Kerry","Number","2146"
"Population","2011","Both sexes","30 years","Longford","Number","652"
"Population","2011","Both sexes","30 years","Louth","Number","2040"
"Population","2011","Both sexes","30 years","Limerick City and County","Number","3322"
"Population","2011","Both sexes","30 years","Leitrim","Number","502"
"Population","2011","Both sexes","30 years","Laois","Number","1443"
"Population","2011","Both sexes","30 years","Meath","Number","3184"
"Population","2011","Both sexes","30 years","Monaghan","Number","1009"
"Population","2011","Both sexes","30 years","Mayo","Number","1822"
"Population","2011","Both sexes","30 years","Offaly","Number","1253"
"Population","2011","Both sexes","30 years","Roscommon","Number","911"
"Population","2011","Both sexes","30 years","South Dublin","Number","5386"
"Population","2011","Both sexes","30 years","Sligo","Number","1005"
"Population","2011","Both sexes","30 years","Tipperary","Number","2384"
"Population","2011","Both sexes","30 years","Waterford City and County","Number","1806"
"Population","2011","Both sexes","30 years","Westmeath","Number","1429"
"Population","2011","Both sexes","30 years","Wicklow","Number","2209"
"Population","2011","Both sexes","30 years","Wexford","Number","2297"
"Population","2011","Both sexes","31 years","State","Number","81733"
"Population","2011","Both sexes","31 years","Cork City and Cork County","Number","9003"
"Population","2011","Both sexes","31 years","Clare","Number","1727"
"Population","2011","Both sexes","31 years","Cavan","Number","1153"
"Population","2011","Both sexes","31 years","Carlow","Number","961"
"Population","2011","Both sexes","31 years","Dublin City","Number","12198"
"Population","2011","Both sexes","31 years","Donegal","Number","2371"
"Population","2011","Both sexes","31 years","Dún Laoghaire-Rathdown","Number","3452"
"Population","2011","Both sexes","31 years","Fingal","Number","6047"
"Population","2011","Both sexes","31 years","Galway City","Number","1893"
"Population","2011","Both sexes","31 years","Galway County","Number","2632"
"Population","2011","Both sexes","31 years","Kildare","Number","3843"
"Population","2011","Both sexes","31 years","Kilkenny","Number","1456"
"Population","2011","Both sexes","31 years","Kerry","Number","2248"
"Population","2011","Both sexes","31 years","Longford","Number","628"
"Population","2011","Both sexes","31 years","Louth","Number","2122"
"Population","2011","Both sexes","31 years","Limerick City and County","Number","3293"
"Population","2011","Both sexes","31 years","Leitrim","Number","458"
"Population","2011","Both sexes","31 years","Laois","Number","1471"
"Population","2011","Both sexes","31 years","Meath","Number","3332"
"Population","2011","Both sexes","31 years","Monaghan","Number","975"
"Population","2011","Both sexes","31 years","Mayo","Number","1816"
"Population","2011","Both sexes","31 years","Offaly","Number","1208"
"Population","2011","Both sexes","31 years","Roscommon","Number","984"
"Population","2011","Both sexes","31 years","South Dublin","Number","5240"
"Population","2011","Both sexes","31 years","Sligo","Number","979"
"Population","2011","Both sexes","31 years","Tipperary","Number","2393"
"Population","2011","Both sexes","31 years","Waterford City and County","Number","1834"
"Population","2011","Both sexes","31 years","Westmeath","Number","1435"
"Population","2011","Both sexes","31 years","Wicklow","Number","2211"
"Population","2011","Both sexes","31 years","Wexford","Number","2370"
"Population","2011","Both sexes","32 years","State","Number","78832"
"Population","2011","Both sexes","32 years","Cork City and Cork County","Number","8882"
"Population","2011","Both sexes","32 years","Clare","Number","1742"
"Population","2011","Both sexes","32 years","Cavan","Number","1156"
"Population","2011","Both sexes","32 years","Carlow","Number","925"
"Population","2011","Both sexes","32 years","Dublin City","Number","11354"
"Population","2011","Both sexes","32 years","Donegal","Number","2315"
"Population","2011","Both sexes","32 years","Dún Laoghaire-Rathdown","Number","3295"
"Population","2011","Both sexes","32 years","Fingal","Number","5876"
"Population","2011","Both sexes","32 years","Galway City","Number","1696"
"Population","2011","Both sexes","32 years","Galway County","Number","2601"
"Population","2011","Both sexes","32 years","Kildare","Number","3814"
"Population","2011","Both sexes","32 years","Kilkenny","Number","1527"
"Population","2011","Both sexes","32 years","Kerry","Number","2175"
"Population","2011","Both sexes","32 years","Longford","Number","584"
"Population","2011","Both sexes","32 years","Louth","Number","1931"
"Population","2011","Both sexes","32 years","Limerick City and County","Number","3075"
"Population","2011","Both sexes","32 years","Leitrim","Number","455"
"Population","2011","Both sexes","32 years","Laois","Number","1398"
"Population","2011","Both sexes","32 years","Meath","Number","3301"
"Population","2011","Both sexes","32 years","Monaghan","Number","929"
"Population","2011","Both sexes","32 years","Mayo","Number","1746"
"Population","2011","Both sexes","32 years","Offaly","Number","1156"
"Population","2011","Both sexes","32 years","Roscommon","Number","908"
"Population","2011","Both sexes","32 years","South Dublin","Number","5177"
"Population","2011","Both sexes","32 years","Sligo","Number","903"
"Population","2011","Both sexes","32 years","Tipperary","Number","2372"
"Population","2011","Both sexes","32 years","Waterford City and County","Number","1807"
"Population","2011","Both sexes","32 years","Westmeath","Number","1367"
"Population","2011","Both sexes","32 years","Wicklow","Number","2190"
"Population","2011","Both sexes","32 years","Wexford","Number","2175"
"Population","2011","Both sexes","33 years","State","Number","75997"
"Population","2011","Both sexes","33 years","Cork City and Cork County","Number","8484"
"Population","2011","Both sexes","33 years","Clare","Number","1714"
"Population","2011","Both sexes","33 years","Cavan","Number","1148"
"Population","2011","Both sexes","33 years","Carlow","Number","879"
"Population","2011","Both sexes","33 years","Dublin City","Number","10345"
"Population","2011","Both sexes","33 years","Donegal","Number","2320"
"Population","2011","Both sexes","33 years","Dún Laoghaire-Rathdown","Number","3066"
"Population","2011","Both sexes","33 years","Fingal","Number","5727"
"Population","2011","Both sexes","33 years","Galway City","Number","1548"
"Population","2011","Both sexes","33 years","Galway County","Number","2682"
"Population","2011","Both sexes","33 years","Kildare","Number","3743"
"Population","2011","Both sexes","33 years","Kilkenny","Number","1532"
"Population","2011","Both sexes","33 years","Kerry","Number","2179"
"Population","2011","Both sexes","33 years","Longford","Number","514"
"Population","2011","Both sexes","33 years","Louth","Number","1980"
"Population","2011","Both sexes","33 years","Limerick City and County","Number","3072"
"Population","2011","Both sexes","33 years","Leitrim","Number","452"
"Population","2011","Both sexes","33 years","Laois","Number","1404"
"Population","2011","Both sexes","33 years","Meath","Number","3226"
"Population","2011","Both sexes","33 years","Monaghan","Number","902"
"Population","2011","Both sexes","33 years","Mayo","Number","1724"
"Population","2011","Both sexes","33 years","Offaly","Number","1116"
"Population","2011","Both sexes","33 years","Roscommon","Number","891"
"Population","2011","Both sexes","33 years","South Dublin","Number","4649"
"Population","2011","Both sexes","33 years","Sligo","Number","920"
"Population","2011","Both sexes","33 years","Tipperary","Number","2338"
"Population","2011","Both sexes","33 years","Waterford City and County","Number","1805"
"Population","2011","Both sexes","33 years","Westmeath","Number","1359"
"Population","2011","Both sexes","33 years","Wicklow","Number","2155"
"Population","2011","Both sexes","33 years","Wexford","Number","2123"
"Population","2011","Both sexes","34 years","State","Number","74769"
"Population","2011","Both sexes","34 years","Cork City and Cork County","Number","8609"
"Population","2011","Both sexes","34 years","Clare","Number","1778"
"Population","2011","Both sexes","34 years","Cavan","Number","1080"
"Population","2011","Both sexes","34 years","Carlow","Number","891"
"Population","2011","Both sexes","34 years","Dublin City","Number","9627"
"Population","2011","Both sexes","34 years","Donegal","Number","2357"
"Population","2011","Both sexes","34 years","Dún Laoghaire-Rathdown","Number","2786"
"Population","2011","Both sexes","34 years","Fingal","Number","5553"
"Population","2011","Both sexes","34 years","Galway City","Number","1482"
"Population","2011","Both sexes","34 years","Galway County","Number","2735"
"Population","2011","Both sexes","34 years","Kildare","Number","3647"
"Population","2011","Both sexes","34 years","Kilkenny","Number","1504"
"Population","2011","Both sexes","34 years","Kerry","Number","2087"
"Population","2011","Both sexes","34 years","Longford","Number","607"
"Population","2011","Both sexes","34 years","Louth","Number","1913"
"Population","2011","Both sexes","34 years","Limerick City and County","Number","3015"
"Population","2011","Both sexes","34 years","Leitrim","Number","468"
"Population","2011","Both sexes","34 years","Laois","Number","1378"
"Population","2011","Both sexes","34 years","Meath","Number","3192"
"Population","2011","Both sexes","34 years","Monaghan","Number","922"
"Population","2011","Both sexes","34 years","Mayo","Number","1780"
"Population","2011","Both sexes","34 years","Offaly","Number","1159"
"Population","2011","Both sexes","34 years","Roscommon","Number","862"
"Population","2011","Both sexes","34 years","South Dublin","Number","4614"
"Population","2011","Both sexes","34 years","Sligo","Number","926"
"Population","2011","Both sexes","34 years","Tipperary","Number","2304"
"Population","2011","Both sexes","34 years","Waterford City and County","Number","1772"
"Population","2011","Both sexes","34 years","Westmeath","Number","1342"
"Population","2011","Both sexes","34 years","Wicklow","Number","2172"
"Population","2011","Both sexes","34 years","Wexford","Number","2207"
"Population","2011","Both sexes","35 years","State","Number","74286"
"Population","2011","Both sexes","35 years","Cork City and Cork County","Number","8383"
"Population","2011","Both sexes","35 years","Clare","Number","1840"
"Population","2011","Both sexes","35 years","Cavan","Number","1088"
"Population","2011","Both sexes","35 years","Carlow","Number","863"
"Population","2011","Both sexes","35 years","Dublin City","Number","9072"
"Population","2011","Both sexes","35 years","Donegal","Number","2399"
"Population","2011","Both sexes","35 years","Dún Laoghaire-Rathdown","Number","2910"
"Population","2011","Both sexes","35 years","Fingal","Number","5526"
"Population","2011","Both sexes","35 years","Galway City","Number","1405"
"Population","2011","Both sexes","35 years","Galway County","Number","2731"
"Population","2011","Both sexes","35 years","Kildare","Number","3772"
"Population","2011","Both sexes","35 years","Kilkenny","Number","1594"
"Population","2011","Both sexes","35 years","Kerry","Number","2088"
"Population","2011","Both sexes","35 years","Longford","Number","581"
"Population","2011","Both sexes","35 years","Louth","Number","2033"
"Population","2011","Both sexes","35 years","Limerick City and County","Number","2938"
"Population","2011","Both sexes","35 years","Leitrim","Number","461"
"Population","2011","Both sexes","35 years","Laois","Number","1338"
"Population","2011","Both sexes","35 years","Meath","Number","3365"
"Population","2011","Both sexes","35 years","Monaghan","Number","913"
"Population","2011","Both sexes","35 years","Mayo","Number","1854"
"Population","2011","Both sexes","35 years","Offaly","Number","1171"
"Population","2011","Both sexes","35 years","Roscommon","Number","896"
"Population","2011","Both sexes","35 years","South Dublin","Number","4496"
"Population","2011","Both sexes","35 years","Sligo","Number","941"
"Population","2011","Both sexes","35 years","Tipperary","Number","2318"
"Population","2011","Both sexes","35 years","Waterford City and County","Number","1709"
"Population","2011","Both sexes","35 years","Westmeath","Number","1296"
"Population","2011","Both sexes","35 years","Wicklow","Number","2158"
"Population","2011","Both sexes","35 years","Wexford","Number","2147"
"Population","2011","Both sexes","36 years","State","Number","73970"
"Population","2011","Both sexes","36 years","Cork City and Cork County","Number","8441"
"Population","2011","Both sexes","36 years","Clare","Number","1680"
"Population","2011","Both sexes","36 years","Cavan","Number","1088"
"Population","2011","Both sexes","36 years","Carlow","Number","833"
"Population","2011","Both sexes","36 years","Dublin City","Number","8691"
"Population","2011","Both sexes","36 years","Donegal","Number","2342"
"Population","2011","Both sexes","36 years","Dún Laoghaire-Rathdown","Number","2960"
"Population","2011","Both sexes","36 years","Fingal","Number","5421"
"Population","2011","Both sexes","36 years","Galway City","Number","1258"
"Population","2011","Both sexes","36 years","Galway County","Number","2846"
"Population","2011","Both sexes","36 years","Kildare","Number","3703"
"Population","2011","Both sexes","36 years","Kilkenny","Number","1505"
"Population","2011","Both sexes","36 years","Kerry","Number","2147"
"Population","2011","Both sexes","36 years","Longford","Number","599"
"Population","2011","Both sexes","36 years","Louth","Number","1990"
"Population","2011","Both sexes","36 years","Limerick City and County","Number","3007"
"Population","2011","Both sexes","36 years","Leitrim","Number","455"
"Population","2011","Both sexes","36 years","Laois","Number","1252"
"Population","2011","Both sexes","36 years","Meath","Number","3432"
"Population","2011","Both sexes","36 years","Monaghan","Number","932"
"Population","2011","Both sexes","36 years","Mayo","Number","1790"
"Population","2011","Both sexes","36 years","Offaly","Number","1165"
"Population","2011","Both sexes","36 years","Roscommon","Number","932"
"Population","2011","Both sexes","36 years","South Dublin","Number","4433"
"Population","2011","Both sexes","36 years","Sligo","Number","971"
"Population","2011","Both sexes","36 years","Tipperary","Number","2437"
"Population","2011","Both sexes","36 years","Waterford City and County","Number","1749"
"Population","2011","Both sexes","36 years","Westmeath","Number","1376"
"Population","2011","Both sexes","36 years","Wicklow","Number","2277"
"Population","2011","Both sexes","36 years","Wexford","Number","2258"
"Population","2011","Both sexes","37 years","State","Number","72536"
"Population","2011","Both sexes","37 years","Cork City and Cork County","Number","8089"
"Population","2011","Both sexes","37 years","Clare","Number","1830"
"Population","2011","Both sexes","37 years","Cavan","Number","1132"
"Population","2011","Both sexes","37 years","Carlow","Number","806"
"Population","2011","Both sexes","37 years","Dublin City","Number","8165"
"Population","2011","Both sexes","37 years","Donegal","Number","2335"
"Population","2011","Both sexes","37 years","Dún Laoghaire-Rathdown","Number","2926"
"Population","2011","Both sexes","37 years","Fingal","Number","5350"
"Population","2011","Both sexes","37 years","Galway City","Number","1187"
"Population","2011","Both sexes","37 years","Galway County","Number","2860"
"Population","2011","Both sexes","37 years","Kildare","Number","3761"
"Population","2011","Both sexes","37 years","Kilkenny","Number","1534"
"Population","2011","Both sexes","37 years","Kerry","Number","2179"
"Population","2011","Both sexes","37 years","Longford","Number","533"
"Population","2011","Both sexes","37 years","Louth","Number","1990"
"Population","2011","Both sexes","37 years","Limerick City and County","Number","2818"
"Population","2011","Both sexes","37 years","Leitrim","Number","516"
"Population","2011","Both sexes","37 years","Laois","Number","1364"
"Population","2011","Both sexes","37 years","Meath","Number","3426"
"Population","2011","Both sexes","37 years","Monaghan","Number","859"
"Population","2011","Both sexes","37 years","Mayo","Number","1783"
"Population","2011","Both sexes","37 years","Offaly","Number","1202"
"Population","2011","Both sexes","37 years","Roscommon","Number","935"
"Population","2011","Both sexes","37 years","South Dublin","Number","4256"
"Population","2011","Both sexes","37 years","Sligo","Number","923"
"Population","2011","Both sexes","37 years","Tipperary","Number","2392"
"Population","2011","Both sexes","37 years","Waterford City and County","Number","1651"
"Population","2011","Both sexes","37 years","Westmeath","Number","1328"
"Population","2011","Both sexes","37 years","Wicklow","Number","2230"
"Population","2011","Both sexes","37 years","Wexford","Number","2176"
"Population","2011","Both sexes","38 years","State","Number","72619"
"Population","2011","Both sexes","38 years","Cork City and Cork County","Number","8108"
"Population","2011","Both sexes","38 years","Clare","Number","1865"
"Population","2011","Both sexes","38 years","Cavan","Number","1054"
"Population","2011","Both sexes","38 years","Carlow","Number","939"
"Population","2011","Both sexes","38 years","Dublin City","Number","8027"
"Population","2011","Both sexes","38 years","Donegal","Number","2370"
"Population","2011","Both sexes","38 years","Dún Laoghaire-Rathdown","Number","2934"
"Population","2011","Both sexes","38 years","Fingal","Number","5219"
"Population","2011","Both sexes","38 years","Galway City","Number","1139"
"Population","2011","Both sexes","38 years","Galway County","Number","2911"
"Population","2011","Both sexes","38 years","Kildare","Number","3866"
"Population","2011","Both sexes","38 years","Kilkenny","Number","1547"
"Population","2011","Both sexes","38 years","Kerry","Number","2154"
"Population","2011","Both sexes","38 years","Longford","Number","590"
"Population","2011","Both sexes","38 years","Louth","Number","2011"
"Population","2011","Both sexes","38 years","Limerick City and County","Number","2845"
"Population","2011","Both sexes","38 years","Leitrim","Number","469"
"Population","2011","Both sexes","38 years","Laois","Number","1287"
"Population","2011","Both sexes","38 years","Meath","Number","3350"
"Population","2011","Both sexes","38 years","Monaghan","Number","943"
"Population","2011","Both sexes","38 years","Mayo","Number","1779"
"Population","2011","Both sexes","38 years","Offaly","Number","1193"
"Population","2011","Both sexes","38 years","Roscommon","Number","929"
"Population","2011","Both sexes","38 years","South Dublin","Number","4175"
"Population","2011","Both sexes","38 years","Sligo","Number","924"
"Population","2011","Both sexes","38 years","Tipperary","Number","2470"
"Population","2011","Both sexes","38 years","Waterford City and County","Number","1674"
"Population","2011","Both sexes","38 years","Westmeath","Number","1310"
"Population","2011","Both sexes","38 years","Wicklow","Number","2267"
"Population","2011","Both sexes","38 years","Wexford","Number","2270"
"Population","2011","Both sexes","39 years","State","Number","70850"
"Population","2011","Both sexes","39 years","Cork City and Cork County","Number","8019"
"Population","2011","Both sexes","39 years","Clare","Number","1909"
"Population","2011","Both sexes","39 years","Cavan","Number","1122"
"Population","2011","Both sexes","39 years","Carlow","Number","870"
"Population","2011","Both sexes","39 years","Dublin City","Number","7828"
"Population","2011","Both sexes","39 years","Donegal","Number","2398"
"Population","2011","Both sexes","39 years","Dún Laoghaire-Rathdown","Number","2998"
"Population","2011","Both sexes","39 years","Fingal","Number","4932"
"Population","2011","Both sexes","39 years","Galway City","Number","1062"
"Population","2011","Both sexes","39 years","Galway County","Number","2783"
"Population","2011","Both sexes","39 years","Kildare","Number","3696"
"Population","2011","Both sexes","39 years","Kilkenny","Number","1448"
"Population","2011","Both sexes","39 years","Kerry","Number","2156"
"Population","2011","Both sexes","39 years","Longford","Number","577"
"Population","2011","Both sexes","39 years","Louth","Number","1919"
"Population","2011","Both sexes","39 years","Limerick City and County","Number","2752"
"Population","2011","Both sexes","39 years","Leitrim","Number","462"
"Population","2011","Both sexes","39 years","Laois","Number","1329"
"Population","2011","Both sexes","39 years","Meath","Number","3218"
"Population","2011","Both sexes","39 years","Monaghan","Number","872"
"Population","2011","Both sexes","39 years","Mayo","Number","1821"
"Population","2011","Both sexes","39 years","Offaly","Number","1168"
"Population","2011","Both sexes","39 years","Roscommon","Number","884"
"Population","2011","Both sexes","39 years","South Dublin","Number","3982"
"Population","2011","Both sexes","39 years","Sligo","Number","872"
"Population","2011","Both sexes","39 years","Tipperary","Number","2259"
"Population","2011","Both sexes","39 years","Waterford City and County","Number","1685"
"Population","2011","Both sexes","39 years","Westmeath","Number","1330"
"Population","2011","Both sexes","39 years","Wicklow","Number","2261"
"Population","2011","Both sexes","39 years","Wexford","Number","2238"
"Population","2011","Both sexes","40 years","State","Number","70347"
"Population","2011","Both sexes","40 years","Cork City and Cork County","Number","7965"
"Population","2011","Both sexes","40 years","Clare","Number","1853"
"Population","2011","Both sexes","40 years","Cavan","Number","1079"
"Population","2011","Both sexes","40 years","Carlow","Number","813"
"Population","2011","Both sexes","40 years","Dublin City","Number","7632"
"Population","2011","Both sexes","40 years","Donegal","Number","2361"
"Population","2011","Both sexes","40 years","Dún Laoghaire-Rathdown","Number","2883"
"Population","2011","Both sexes","40 years","Fingal","Number","4722"
"Population","2011","Both sexes","40 years","Galway City","Number","1035"
"Population","2011","Both sexes","40 years","Galway County","Number","2850"
"Population","2011","Both sexes","40 years","Kildare","Number","3578"
"Population","2011","Both sexes","40 years","Kilkenny","Number","1384"
"Population","2011","Both sexes","40 years","Kerry","Number","2165"
"Population","2011","Both sexes","40 years","Longford","Number","604"
"Population","2011","Both sexes","40 years","Louth","Number","2012"
"Population","2011","Both sexes","40 years","Limerick City and County","Number","2744"
"Population","2011","Both sexes","40 years","Leitrim","Number","451"
"Population","2011","Both sexes","40 years","Laois","Number","1319"
"Population","2011","Both sexes","40 years","Meath","Number","3261"
"Population","2011","Both sexes","40 years","Monaghan","Number","870"
"Population","2011","Both sexes","40 years","Mayo","Number","1854"
"Population","2011","Both sexes","40 years","Offaly","Number","1182"
"Population","2011","Both sexes","40 years","Roscommon","Number","947"
"Population","2011","Both sexes","40 years","South Dublin","Number","3956"
"Population","2011","Both sexes","40 years","Sligo","Number","884"
"Population","2011","Both sexes","40 years","Tipperary","Number","2391"
"Population","2011","Both sexes","40 years","Waterford City and County","Number","1692"
"Population","2011","Both sexes","40 years","Westmeath","Number","1340"
"Population","2011","Both sexes","40 years","Wicklow","Number","2296"
"Population","2011","Both sexes","40 years","Wexford","Number","2224"
"Population","2011","Both sexes","41 years","State","Number","68490"
"Population","2011","Both sexes","41 years","Cork City and Cork County","Number","7794"
"Population","2011","Both sexes","41 years","Clare","Number","1824"
"Population","2011","Both sexes","41 years","Cavan","Number","1093"
"Population","2011","Both sexes","41 years","Carlow","Number","816"
"Population","2011","Both sexes","41 years","Dublin City","Number","7488"
"Population","2011","Both sexes","41 years","Donegal","Number","2371"
"Population","2011","Both sexes","41 years","Dún Laoghaire-Rathdown","Number","2890"
"Population","2011","Both sexes","41 years","Fingal","Number","4430"
"Population","2011","Both sexes","41 years","Galway City","Number","939"
"Population","2011","Both sexes","41 years","Galway County","Number","2731"
"Population","2011","Both sexes","41 years","Kildare","Number","3417"
"Population","2011","Both sexes","41 years","Kilkenny","Number","1425"
"Population","2011","Both sexes","41 years","Kerry","Number","2174"
"Population","2011","Both sexes","41 years","Longford","Number","543"
"Population","2011","Both sexes","41 years","Louth","Number","1949"
"Population","2011","Both sexes","41 years","Limerick City and County","Number","2717"
"Population","2011","Both sexes","41 years","Leitrim","Number","475"
"Population","2011","Both sexes","41 years","Laois","Number","1266"
"Population","2011","Both sexes","41 years","Meath","Number","3097"
"Population","2011","Both sexes","41 years","Monaghan","Number","870"
"Population","2011","Both sexes","41 years","Mayo","Number","1864"
"Population","2011","Both sexes","41 years","Offaly","Number","1085"
"Population","2011","Both sexes","41 years","Roscommon","Number","909"
"Population","2011","Both sexes","41 years","South Dublin","Number","3792"
"Population","2011","Both sexes","41 years","Sligo","Number","907"
"Population","2011","Both sexes","41 years","Tipperary","Number","2277"
"Population","2011","Both sexes","41 years","Waterford City and County","Number","1694"
"Population","2011","Both sexes","41 years","Westmeath","Number","1281"
"Population","2011","Both sexes","41 years","Wicklow","Number","2145"
"Population","2011","Both sexes","41 years","Wexford","Number","2227"
"Population","2011","Both sexes","42 years","State","Number","64732"
"Population","2011","Both sexes","42 years","Cork City and Cork County","Number","7220"
"Population","2011","Both sexes","42 years","Clare","Number","1744"
"Population","2011","Both sexes","42 years","Cavan","Number","1037"
"Population","2011","Both sexes","42 years","Carlow","Number","763"
"Population","2011","Both sexes","42 years","Dublin City","Number","6795"
"Population","2011","Both sexes","42 years","Donegal","Number","2338"
"Population","2011","Both sexes","42 years","Dún Laoghaire-Rathdown","Number","2774"
"Population","2011","Both sexes","42 years","Fingal","Number","4122"
"Population","2011","Both sexes","42 years","Galway City","Number","861"
"Population","2011","Both sexes","42 years","Galway County","Number","2613"
"Population","2011","Both sexes","42 years","Kildare","Number","3322"
"Population","2011","Both sexes","42 years","Kilkenny","Number","1374"
"Population","2011","Both sexes","42 years","Kerry","Number","2077"
"Population","2011","Both sexes","42 years","Longford","Number","545"
"Population","2011","Both sexes","42 years","Louth","Number","1870"
"Population","2011","Both sexes","42 years","Limerick City and County","Number","2481"
"Population","2011","Both sexes","42 years","Leitrim","Number","424"
"Population","2011","Both sexes","42 years","Laois","Number","1183"
"Population","2011","Both sexes","42 years","Meath","Number","2859"
"Population","2011","Both sexes","42 years","Monaghan","Number","833"
"Population","2011","Both sexes","42 years","Mayo","Number","1776"
"Population","2011","Both sexes","42 years","Offaly","Number","1079"
"Population","2011","Both sexes","42 years","Roscommon","Number","908"
"Population","2011","Both sexes","42 years","South Dublin","Number","3558"
"Population","2011","Both sexes","42 years","Sligo","Number","847"
"Population","2011","Both sexes","42 years","Tipperary","Number","2226"
"Population","2011","Both sexes","42 years","Waterford City and County","Number","1630"
"Population","2011","Both sexes","42 years","Westmeath","Number","1304"
"Population","2011","Both sexes","42 years","Wicklow","Number","2039"
"Population","2011","Both sexes","42 years","Wexford","Number","2130"
"Population","2011","Both sexes","43 years","State","Number","64164"
"Population","2011","Both sexes","43 years","Cork City and Cork County","Number","7293"
"Population","2011","Both sexes","43 years","Clare","Number","1756"
"Population","2011","Both sexes","43 years","Cavan","Number","1061"
"Population","2011","Both sexes","43 years","Carlow","Number","760"
"Population","2011","Both sexes","43 years","Dublin City","Number","6794"
"Population","2011","Both sexes","43 years","Donegal","Number","2351"
"Population","2011","Both sexes","43 years","Dún Laoghaire-Rathdown","Number","2728"
"Population","2011","Both sexes","43 years","Fingal","Number","3902"
"Population","2011","Both sexes","43 years","Galway City","Number","856"
"Population","2011","Both sexes","43 years","Galway County","Number","2639"
"Population","2011","Both sexes","43 years","Kildare","Number","3158"
"Population","2011","Both sexes","43 years","Kilkenny","Number","1328"
"Population","2011","Both sexes","43 years","Kerry","Number","2044"
"Population","2011","Both sexes","43 years","Longford","Number","565"
"Population","2011","Both sexes","43 years","Louth","Number","1823"
"Population","2011","Both sexes","43 years","Limerick City and County","Number","2586"
"Population","2011","Both sexes","43 years","Leitrim","Number","432"
"Population","2011","Both sexes","43 years","Laois","Number","1138"
"Population","2011","Both sexes","43 years","Meath","Number","2901"
"Population","2011","Both sexes","43 years","Monaghan","Number","829"
"Population","2011","Both sexes","43 years","Mayo","Number","1749"
"Population","2011","Both sexes","43 years","Offaly","Number","1121"
"Population","2011","Both sexes","43 years","Roscommon","Number","859"
"Population","2011","Both sexes","43 years","South Dublin","Number","3521"
"Population","2011","Both sexes","43 years","Sligo","Number","892"
"Population","2011","Both sexes","43 years","Tipperary","Number","2247"
"Population","2011","Both sexes","43 years","Waterford City and County","Number","1557"
"Population","2011","Both sexes","43 years","Westmeath","Number","1201"
"Population","2011","Both sexes","43 years","Wicklow","Number","1984"
"Population","2011","Both sexes","43 years","Wexford","Number","2089"
"Population","2011","Both sexes","44 years","State","Number","63079"
"Population","2011","Both sexes","44 years","Cork City and Cork County","Number","7289"
"Population","2011","Both sexes","44 years","Clare","Number","1743"
"Population","2011","Both sexes","44 years","Cavan","Number","1016"
"Population","2011","Both sexes","44 years","Carlow","Number","777"
"Population","2011","Both sexes","44 years","Dublin City","Number","6298"
"Population","2011","Both sexes","44 years","Donegal","Number","2236"
"Population","2011","Both sexes","44 years","Dún Laoghaire-Rathdown","Number","2853"
"Population","2011","Both sexes","44 years","Fingal","Number","3705"
"Population","2011","Both sexes","44 years","Galway City","Number","849"
"Population","2011","Both sexes","44 years","Galway County","Number","2618"
"Population","2011","Both sexes","44 years","Kildare","Number","3089"
"Population","2011","Both sexes","44 years","Kilkenny","Number","1369"
"Population","2011","Both sexes","44 years","Kerry","Number","1950"
"Population","2011","Both sexes","44 years","Longford","Number","550"
"Population","2011","Both sexes","44 years","Louth","Number","1669"
"Population","2011","Both sexes","44 years","Limerick City and County","Number","2569"
"Population","2011","Both sexes","44 years","Leitrim","Number","441"
"Population","2011","Both sexes","44 years","Laois","Number","1151"
"Population","2011","Both sexes","44 years","Meath","Number","2738"
"Population","2011","Both sexes","44 years","Monaghan","Number","813"
"Population","2011","Both sexes","44 years","Mayo","Number","1804"
"Population","2011","Both sexes","44 years","Offaly","Number","1084"
"Population","2011","Both sexes","44 years","Roscommon","Number","962"
"Population","2011","Both sexes","44 years","South Dublin","Number","3302"
"Population","2011","Both sexes","44 years","Sligo","Number","889"
"Population","2011","Both sexes","44 years","Tipperary","Number","2289"
"Population","2011","Both sexes","44 years","Waterford City and County","Number","1660"
"Population","2011","Both sexes","44 years","Westmeath","Number","1189"
"Population","2011","Both sexes","44 years","Wicklow","Number","2032"
"Population","2011","Both sexes","44 years","Wexford","Number","2145"
"Population","2011","Both sexes","45 years","State","Number","62698"
"Population","2011","Both sexes","45 years","Cork City and Cork County","Number","7320"
"Population","2011","Both sexes","45 years","Clare","Number","1750"
"Population","2011","Both sexes","45 years","Cavan","Number","977"
"Population","2011","Both sexes","45 years","Carlow","Number","754"
"Population","2011","Both sexes","45 years","Dublin City","Number","6597"
"Population","2011","Both sexes","45 years","Donegal","Number","2219"
"Population","2011","Both sexes","45 years","Dún Laoghaire-Rathdown","Number","2801"
"Population","2011","Both sexes","45 years","Fingal","Number","3535"
"Population","2011","Both sexes","45 years","Galway City","Number","881"
"Population","2011","Both sexes","45 years","Galway County","Number","2492"
"Population","2011","Both sexes","45 years","Kildare","Number","3117"
"Population","2011","Both sexes","45 years","Kilkenny","Number","1387"
"Population","2011","Both sexes","45 years","Kerry","Number","2085"
"Population","2011","Both sexes","45 years","Longford","Number","530"
"Population","2011","Both sexes","45 years","Louth","Number","1768"
"Population","2011","Both sexes","45 years","Limerick City and County","Number","2447"
"Population","2011","Both sexes","45 years","Leitrim","Number","446"
"Population","2011","Both sexes","45 years","Laois","Number","1124"
"Population","2011","Both sexes","45 years","Meath","Number","2705"
"Population","2011","Both sexes","45 years","Monaghan","Number","815"
"Population","2011","Both sexes","45 years","Mayo","Number","1817"
"Population","2011","Both sexes","45 years","Offaly","Number","1064"
"Population","2011","Both sexes","45 years","Roscommon","Number","916"
"Population","2011","Both sexes","45 years","South Dublin","Number","3228"
"Population","2011","Both sexes","45 years","Sligo","Number","865"
"Population","2011","Both sexes","45 years","Tipperary","Number","2229"
"Population","2011","Both sexes","45 years","Waterford City and County","Number","1598"
"Population","2011","Both sexes","45 years","Westmeath","Number","1183"
"Population","2011","Both sexes","45 years","Wicklow","Number","2054"
"Population","2011","Both sexes","45 years","Wexford","Number","1994"
"Population","2011","Both sexes","46 years","State","Number","63180"
"Population","2011","Both sexes","46 years","Cork City and Cork County","Number","7278"
"Population","2011","Both sexes","46 years","Clare","Number","1655"
"Population","2011","Both sexes","46 years","Cavan","Number","1020"
"Population","2011","Both sexes","46 years","Carlow","Number","726"
"Population","2011","Both sexes","46 years","Dublin City","Number","6681"
"Population","2011","Both sexes","46 years","Donegal","Number","2247"
"Population","2011","Both sexes","46 years","Dún Laoghaire-Rathdown","Number","2876"
"Population","2011","Both sexes","46 years","Fingal","Number","3585"
"Population","2011","Both sexes","46 years","Galway City","Number","878"
"Population","2011","Both sexes","46 years","Galway County","Number","2531"
"Population","2011","Both sexes","46 years","Kildare","Number","3019"
"Population","2011","Both sexes","46 years","Kilkenny","Number","1376"
"Population","2011","Both sexes","46 years","Kerry","Number","2084"
"Population","2011","Both sexes","46 years","Longford","Number","511"
"Population","2011","Both sexes","46 years","Louth","Number","1707"
"Population","2011","Both sexes","46 years","Limerick City and County","Number","2534"
"Population","2011","Both sexes","46 years","Leitrim","Number","465"
"Population","2011","Both sexes","46 years","Laois","Number","1047"
"Population","2011","Both sexes","46 years","Meath","Number","2710"
"Population","2011","Both sexes","46 years","Monaghan","Number","818"
"Population","2011","Both sexes","46 years","Mayo","Number","1859"
"Population","2011","Both sexes","46 years","Offaly","Number","1110"
"Population","2011","Both sexes","46 years","Roscommon","Number","866"
"Population","2011","Both sexes","46 years","South Dublin","Number","3405"
"Population","2011","Both sexes","46 years","Sligo","Number","862"
"Population","2011","Both sexes","46 years","Tipperary","Number","2269"
"Population","2011","Both sexes","46 years","Waterford City and County","Number","1606"
"Population","2011","Both sexes","46 years","Westmeath","Number","1271"
"Population","2011","Both sexes","46 years","Wicklow","Number","2042"
"Population","2011","Both sexes","46 years","Wexford","Number","2142"
"Population","2011","Both sexes","47 years","State","Number","61369"
"Population","2011","Both sexes","47 years","Cork City and Cork County","Number","7093"
"Population","2011","Both sexes","47 years","Clare","Number","1687"
"Population","2011","Both sexes","47 years","Cavan","Number","989"
"Population","2011","Both sexes","47 years","Carlow","Number","726"
"Population","2011","Both sexes","47 years","Dublin City","Number","6475"
"Population","2011","Both sexes","47 years","Donegal","Number","2132"
"Population","2011","Both sexes","47 years","Dún Laoghaire-Rathdown","Number","2888"
"Population","2011","Both sexes","47 years","Fingal","Number","3473"
"Population","2011","Both sexes","47 years","Galway City","Number","768"
"Population","2011","Both sexes","47 years","Galway County","Number","2459"
"Population","2011","Both sexes","47 years","Kildare","Number","2853"
"Population","2011","Both sexes","47 years","Kilkenny","Number","1259"
"Population","2011","Both sexes","47 years","Kerry","Number","2025"
"Population","2011","Both sexes","47 years","Longford","Number","476"
"Population","2011","Both sexes","47 years","Louth","Number","1642"
"Population","2011","Both sexes","47 years","Limerick City and County","Number","2460"
"Population","2011","Both sexes","47 years","Leitrim","Number","452"
"Population","2011","Both sexes","47 years","Laois","Number","1093"
"Population","2011","Both sexes","47 years","Meath","Number","2504"
"Population","2011","Both sexes","47 years","Monaghan","Number","811"
"Population","2011","Both sexes","47 years","Mayo","Number","1868"
"Population","2011","Both sexes","47 years","Offaly","Number","1093"
"Population","2011","Both sexes","47 years","Roscommon","Number","874"
"Population","2011","Both sexes","47 years","South Dublin","Number","3320"
"Population","2011","Both sexes","47 years","Sligo","Number","948"
"Population","2011","Both sexes","47 years","Tipperary","Number","2244"
"Population","2011","Both sexes","47 years","Waterford City and County","Number","1598"
"Population","2011","Both sexes","47 years","Westmeath","Number","1163"
"Population","2011","Both sexes","47 years","Wicklow","Number","1942"
"Population","2011","Both sexes","47 years","Wexford","Number","2054"
"Population","2011","Both sexes","48 years","State","Number","59782"
"Population","2011","Both sexes","48 years","Cork City and Cork County","Number","7017"
"Population","2011","Both sexes","48 years","Clare","Number","1617"
"Population","2011","Both sexes","48 years","Cavan","Number","963"
"Population","2011","Both sexes","48 years","Carlow","Number","730"
"Population","2011","Both sexes","48 years","Dublin City","Number","6284"
"Population","2011","Both sexes","48 years","Donegal","Number","2029"
"Population","2011","Both sexes","48 years","Dún Laoghaire-Rathdown","Number","2890"
"Population","2011","Both sexes","48 years","Fingal","Number","3361"
"Population","2011","Both sexes","48 years","Galway City","Number","813"
"Population","2011","Both sexes","48 years","Galway County","Number","2330"
"Population","2011","Both sexes","48 years","Kildare","Number","2683"
"Population","2011","Both sexes","48 years","Kilkenny","Number","1308"
"Population","2011","Both sexes","48 years","Kerry","Number","1987"
"Population","2011","Both sexes","48 years","Longford","Number","484"
"Population","2011","Both sexes","48 years","Louth","Number","1621"
"Population","2011","Both sexes","48 years","Limerick City and County","Number","2448"
"Population","2011","Both sexes","48 years","Leitrim","Number","407"
"Population","2011","Both sexes","48 years","Laois","Number","970"
"Population","2011","Both sexes","48 years","Meath","Number","2418"
"Population","2011","Both sexes","48 years","Monaghan","Number","793"
"Population","2011","Both sexes","48 years","Mayo","Number","1668"
"Population","2011","Both sexes","48 years","Offaly","Number","989"
"Population","2011","Both sexes","48 years","Roscommon","Number","879"
"Population","2011","Both sexes","48 years","South Dublin","Number","3226"
"Population","2011","Both sexes","48 years","Sligo","Number","902"
"Population","2011","Both sexes","48 years","Tipperary","Number","2219"
"Population","2011","Both sexes","48 years","Waterford City and County","Number","1625"
"Population","2011","Both sexes","48 years","Westmeath","Number","1150"
"Population","2011","Both sexes","48 years","Wicklow","Number","1989"
"Population","2011","Both sexes","48 years","Wexford","Number","1982"
"Population","2011","Both sexes","49 years","State","Number","58156"
"Population","2011","Both sexes","49 years","Cork City and Cork County","Number","6815"
"Population","2011","Both sexes","49 years","Clare","Number","1484"
"Population","2011","Both sexes","49 years","Cavan","Number","915"
"Population","2011","Both sexes","49 years","Carlow","Number","665"
"Population","2011","Both sexes","49 years","Dublin City","Number","6250"
"Population","2011","Both sexes","49 years","Donegal","Number","2007"
"Population","2011","Both sexes","49 years","Dún Laoghaire-Rathdown","Number","2874"
"Population","2011","Both sexes","49 years","Fingal","Number","3231"
"Population","2011","Both sexes","49 years","Galway City","Number","732"
"Population","2011","Both sexes","49 years","Galway County","Number","2348"
"Population","2011","Both sexes","49 years","Kildare","Number","2617"
"Population","2011","Both sexes","49 years","Kilkenny","Number","1237"
"Population","2011","Both sexes","49 years","Kerry","Number","1935"
"Population","2011","Both sexes","49 years","Longford","Number","479"
"Population","2011","Both sexes","49 years","Louth","Number","1510"
"Population","2011","Both sexes","49 years","Limerick City and County","Number","2449"
"Population","2011","Both sexes","49 years","Leitrim","Number","388"
"Population","2011","Both sexes","49 years","Laois","Number","966"
"Population","2011","Both sexes","49 years","Meath","Number","2304"
"Population","2011","Both sexes","49 years","Monaghan","Number","810"
"Population","2011","Both sexes","49 years","Mayo","Number","1714"
"Population","2011","Both sexes","49 years","Offaly","Number","986"
"Population","2011","Both sexes","49 years","Roscommon","Number","842"
"Population","2011","Both sexes","49 years","South Dublin","Number","3171"
"Population","2011","Both sexes","49 years","Sligo","Number","874"
"Population","2011","Both sexes","49 years","Tipperary","Number","2069"
"Population","2011","Both sexes","49 years","Waterford City and County","Number","1515"
"Population","2011","Both sexes","49 years","Westmeath","Number","1096"
"Population","2011","Both sexes","49 years","Wicklow","Number","1943"
"Population","2011","Both sexes","49 years","Wexford","Number","1930"
"Population","2011","Both sexes","50 years","State","Number","58441"
"Population","2011","Both sexes","50 years","Cork City and Cork County","Number","6722"
"Population","2011","Both sexes","50 years","Clare","Number","1526"
"Population","2011","Both sexes","50 years","Cavan","Number","904"
"Population","2011","Both sexes","50 years","Carlow","Number","700"
"Population","2011","Both sexes","50 years","Dublin City","Number","6268"
"Population","2011","Both sexes","50 years","Donegal","Number","1965"
"Population","2011","Both sexes","50 years","Dún Laoghaire-Rathdown","Number","2748"
"Population","2011","Both sexes","50 years","Fingal","Number","3188"
"Population","2011","Both sexes","50 years","Galway City","Number","810"
"Population","2011","Both sexes","50 years","Galway County","Number","2377"
"Population","2011","Both sexes","50 years","Kildare","Number","2714"
"Population","2011","Both sexes","50 years","Kilkenny","Number","1305"
"Population","2011","Both sexes","50 years","Kerry","Number","1963"
"Population","2011","Both sexes","50 years","Longford","Number","494"
"Population","2011","Both sexes","50 years","Louth","Number","1551"
"Population","2011","Both sexes","50 years","Limerick City and County","Number","2352"
"Population","2011","Both sexes","50 years","Leitrim","Number","426"
"Population","2011","Both sexes","50 years","Laois","Number","1005"
"Population","2011","Both sexes","50 years","Meath","Number","2285"
"Population","2011","Both sexes","50 years","Monaghan","Number","773"
"Population","2011","Both sexes","50 years","Mayo","Number","1750"
"Population","2011","Both sexes","50 years","Offaly","Number","1037"
"Population","2011","Both sexes","50 years","Roscommon","Number","878"
"Population","2011","Both sexes","50 years","South Dublin","Number","3250"
"Population","2011","Both sexes","50 years","Sligo","Number","892"
"Population","2011","Both sexes","50 years","Tipperary","Number","2219"
"Population","2011","Both sexes","50 years","Waterford City and County","Number","1438"
"Population","2011","Both sexes","50 years","Westmeath","Number","1095"
"Population","2011","Both sexes","50 years","Wicklow","Number","1855"
"Population","2011","Both sexes","50 years","Wexford","Number","1951"
"Population","2011","Both sexes","51 years","State","Number","56126"
"Population","2011","Both sexes","51 years","Cork City and Cork County","Number","6405"
"Population","2011","Both sexes","51 years","Clare","Number","1506"
"Population","2011","Both sexes","51 years","Cavan","Number","949"
"Population","2011","Both sexes","51 years","Carlow","Number","659"
"Population","2011","Both sexes","51 years","Dublin City","Number","5964"
"Population","2011","Both sexes","51 years","Donegal","Number","1979"
"Population","2011","Both sexes","51 years","Dún Laoghaire-Rathdown","Number","2651"
"Population","2011","Both sexes","51 years","Fingal","Number","3147"
"Population","2011","Both sexes","51 years","Galway City","Number","767"
"Population","2011","Both sexes","51 years","Galway County","Number","2262"
"Population","2011","Both sexes","51 years","Kildare","Number","2407"
"Population","2011","Both sexes","51 years","Kilkenny","Number","1306"
"Population","2011","Both sexes","51 years","Kerry","Number","1907"
"Population","2011","Both sexes","51 years","Longford","Number","477"
"Population","2011","Both sexes","51 years","Louth","Number","1437"
"Population","2011","Both sexes","51 years","Limerick City and County","Number","2369"
"Population","2011","Both sexes","51 years","Leitrim","Number","431"
"Population","2011","Both sexes","51 years","Laois","Number","918"
"Population","2011","Both sexes","51 years","Meath","Number","2132"
"Population","2011","Both sexes","51 years","Monaghan","Number","758"
"Population","2011","Both sexes","51 years","Mayo","Number","1808"
"Population","2011","Both sexes","51 years","Offaly","Number","981"
"Population","2011","Both sexes","51 years","Roscommon","Number","818"
"Population","2011","Both sexes","51 years","South Dublin","Number","3077"
"Population","2011","Both sexes","51 years","Sligo","Number","939"
"Population","2011","Both sexes","51 years","Tipperary","Number","2007"
"Population","2011","Both sexes","51 years","Waterford City and County","Number","1460"
"Population","2011","Both sexes","51 years","Westmeath","Number","1076"
"Population","2011","Both sexes","51 years","Wicklow","Number","1711"
"Population","2011","Both sexes","51 years","Wexford","Number","1818"
"Population","2011","Both sexes","52 years","State","Number","54054"
"Population","2011","Both sexes","52 years","Cork City and Cork County","Number","6202"
"Population","2011","Both sexes","52 years","Clare","Number","1564"
"Population","2011","Both sexes","52 years","Cavan","Number","837"
"Population","2011","Both sexes","52 years","Carlow","Number","650"
"Population","2011","Both sexes","52 years","Dublin City","Number","5673"
"Population","2011","Both sexes","52 years","Donegal","Number","1917"
"Population","2011","Both sexes","52 years","Dún Laoghaire-Rathdown","Number","2572"
"Population","2011","Both sexes","52 years","Fingal","Number","2893"
"Population","2011","Both sexes","52 years","Galway City","Number","696"
"Population","2011","Both sexes","52 years","Galway County","Number","2208"
"Population","2011","Both sexes","52 years","Kildare","Number","2361"
"Population","2011","Both sexes","52 years","Kilkenny","Number","1209"
"Population","2011","Both sexes","52 years","Kerry","Number","1965"
"Population","2011","Both sexes","52 years","Longford","Number","444"
"Population","2011","Both sexes","52 years","Louth","Number","1340"
"Population","2011","Both sexes","52 years","Limerick City and County","Number","2299"
"Population","2011","Both sexes","52 years","Leitrim","Number","433"
"Population","2011","Both sexes","52 years","Laois","Number","908"
"Population","2011","Both sexes","52 years","Meath","Number","1999"
"Population","2011","Both sexes","52 years","Monaghan","Number","725"
"Population","2011","Both sexes","52 years","Mayo","Number","1751"
"Population","2011","Both sexes","52 years","Offaly","Number","919"
"Population","2011","Both sexes","52 years","Roscommon","Number","854"
"Population","2011","Both sexes","52 years","South Dublin","Number","3010"
"Population","2011","Both sexes","52 years","Sligo","Number","793"
"Population","2011","Both sexes","52 years","Tipperary","Number","1948"
"Population","2011","Both sexes","52 years","Waterford City and County","Number","1373"
"Population","2011","Both sexes","52 years","Westmeath","Number","1019"
"Population","2011","Both sexes","52 years","Wicklow","Number","1697"
"Population","2011","Both sexes","52 years","Wexford","Number","1795"
"Population","2011","Both sexes","53 years","State","Number","53446"
"Population","2011","Both sexes","53 years","Cork City and Cork County","Number","6092"
"Population","2011","Both sexes","53 years","Clare","Number","1447"
"Population","2011","Both sexes","53 years","Cavan","Number","868"
"Population","2011","Both sexes","53 years","Carlow","Number","631"
"Population","2011","Both sexes","53 years","Dublin City","Number","5578"
"Population","2011","Both sexes","53 years","Donegal","Number","1828"
"Population","2011","Both sexes","53 years","Dún Laoghaire-Rathdown","Number","2546"
"Population","2011","Both sexes","53 years","Fingal","Number","2703"
"Population","2011","Both sexes","53 years","Galway City","Number","733"
"Population","2011","Both sexes","53 years","Galway County","Number","2202"
"Population","2011","Both sexes","53 years","Kildare","Number","2269"
"Population","2011","Both sexes","53 years","Kilkenny","Number","1226"
"Population","2011","Both sexes","53 years","Kerry","Number","1987"
"Population","2011","Both sexes","53 years","Longford","Number","468"
"Population","2011","Both sexes","53 years","Louth","Number","1360"
"Population","2011","Both sexes","53 years","Limerick City and County","Number","2346"
"Population","2011","Both sexes","53 years","Leitrim","Number","420"
"Population","2011","Both sexes","53 years","Laois","Number","924"
"Population","2011","Both sexes","53 years","Meath","Number","1954"
"Population","2011","Both sexes","53 years","Monaghan","Number","750"
"Population","2011","Both sexes","53 years","Mayo","Number","1766"
"Population","2011","Both sexes","53 years","Offaly","Number","884"
"Population","2011","Both sexes","53 years","Roscommon","Number","880"
"Population","2011","Both sexes","53 years","South Dublin","Number","3034"
"Population","2011","Both sexes","53 years","Sligo","Number","852"
"Population","2011","Both sexes","53 years","Tipperary","Number","2034"
"Population","2011","Both sexes","53 years","Waterford City and County","Number","1318"
"Population","2011","Both sexes","53 years","Westmeath","Number","1007"
"Population","2011","Both sexes","53 years","Wicklow","Number","1604"
"Population","2011","Both sexes","53 years","Wexford","Number","1735"
"Population","2011","Both sexes","54 years","State","Number","52319"
"Population","2011","Both sexes","54 years","Cork City and Cork County","Number","5975"
"Population","2011","Both sexes","54 years","Clare","Number","1401"
"Population","2011","Both sexes","54 years","Cavan","Number","870"
"Population","2011","Both sexes","54 years","Carlow","Number","647"
"Population","2011","Both sexes","54 years","Dublin City","Number","5432"
"Population","2011","Both sexes","54 years","Donegal","Number","1817"
"Population","2011","Both sexes","54 years","Dún Laoghaire-Rathdown","Number","2515"
"Population","2011","Both sexes","54 years","Fingal","Number","2733"
"Population","2011","Both sexes","54 years","Galway City","Number","720"
"Population","2011","Both sexes","54 years","Galway County","Number","2149"
"Population","2011","Both sexes","54 years","Kildare","Number","2322"
"Population","2011","Both sexes","54 years","Kilkenny","Number","1092"
"Population","2011","Both sexes","54 years","Kerry","Number","1876"
"Population","2011","Both sexes","54 years","Longford","Number","461"
"Population","2011","Both sexes","54 years","Louth","Number","1356"
"Population","2011","Both sexes","54 years","Limerick City and County","Number","2277"
"Population","2011","Both sexes","54 years","Leitrim","Number","433"
"Population","2011","Both sexes","54 years","Laois","Number","873"
"Population","2011","Both sexes","54 years","Meath","Number","1950"
"Population","2011","Both sexes","54 years","Monaghan","Number","711"
"Population","2011","Both sexes","54 years","Mayo","Number","1734"
"Population","2011","Both sexes","54 years","Offaly","Number","873"
"Population","2011","Both sexes","54 years","Roscommon","Number","808"
"Population","2011","Both sexes","54 years","South Dublin","Number","2946"
"Population","2011","Both sexes","54 years","Sligo","Number","856"
"Population","2011","Both sexes","54 years","Tipperary","Number","1898"
"Population","2011","Both sexes","54 years","Waterford City and County","Number","1335"
"Population","2011","Both sexes","54 years","Westmeath","Number","1008"
"Population","2011","Both sexes","54 years","Wicklow","Number","1545"
"Population","2011","Both sexes","54 years","Wexford","Number","1706"
"Population","2011","Both sexes","55 years","State","Number","50731"
"Population","2011","Both sexes","55 years","Cork City and Cork County","Number","5794"
"Population","2011","Both sexes","55 years","Clare","Number","1329"
"Population","2011","Both sexes","55 years","Cavan","Number","840"
"Population","2011","Both sexes","55 years","Carlow","Number","597"
"Population","2011","Both sexes","55 years","Dublin City","Number","5241"
"Population","2011","Both sexes","55 years","Donegal","Number","1807"
"Population","2011","Both sexes","55 years","Dún Laoghaire-Rathdown","Number","2398"
"Population","2011","Both sexes","55 years","Fingal","Number","2574"
"Population","2011","Both sexes","55 years","Galway City","Number","663"
"Population","2011","Both sexes","55 years","Galway County","Number","2112"
"Population","2011","Both sexes","55 years","Kildare","Number","2148"
"Population","2011","Both sexes","55 years","Kilkenny","Number","1126"
"Population","2011","Both sexes","55 years","Kerry","Number","1859"
"Population","2011","Both sexes","55 years","Longford","Number","445"
"Population","2011","Both sexes","55 years","Louth","Number","1318"
"Population","2011","Both sexes","55 years","Limerick City and County","Number","2167"
"Population","2011","Both sexes","55 years","Leitrim","Number","415"
"Population","2011","Both sexes","55 years","Laois","Number","854"
"Population","2011","Both sexes","55 years","Meath","Number","1878"
"Population","2011","Both sexes","55 years","Monaghan","Number","672"
"Population","2011","Both sexes","55 years","Mayo","Number","1690"
"Population","2011","Both sexes","55 years","Offaly","Number","853"
"Population","2011","Both sexes","55 years","Roscommon","Number","828"
"Population","2011","Both sexes","55 years","South Dublin","Number","2928"
"Population","2011","Both sexes","55 years","Sligo","Number","819"
"Population","2011","Both sexes","55 years","Tipperary","Number","1930"
"Population","2011","Both sexes","55 years","Waterford City and County","Number","1305"
"Population","2011","Both sexes","55 years","Westmeath","Number","947"
"Population","2011","Both sexes","55 years","Wicklow","Number","1573"
"Population","2011","Both sexes","55 years","Wexford","Number","1621"
"Population","2011","Both sexes","56 years","State","Number","50475"
"Population","2011","Both sexes","56 years","Cork City and Cork County","Number","5657"
"Population","2011","Both sexes","56 years","Clare","Number","1382"
"Population","2011","Both sexes","56 years","Cavan","Number","831"
"Population","2011","Both sexes","56 years","Carlow","Number","582"
"Population","2011","Both sexes","56 years","Dublin City","Number","5102"
"Population","2011","Both sexes","56 years","Donegal","Number","1874"
"Population","2011","Both sexes","56 years","Dún Laoghaire-Rathdown","Number","2340"
"Population","2011","Both sexes","56 years","Fingal","Number","2451"
"Population","2011","Both sexes","56 years","Galway City","Number","752"
"Population","2011","Both sexes","56 years","Galway County","Number","2089"
"Population","2011","Both sexes","56 years","Kildare","Number","2215"
"Population","2011","Both sexes","56 years","Kilkenny","Number","1083"
"Population","2011","Both sexes","56 years","Kerry","Number","1840"
"Population","2011","Both sexes","56 years","Longford","Number","449"
"Population","2011","Both sexes","56 years","Louth","Number","1299"
"Population","2011","Both sexes","56 years","Limerick City and County","Number","2238"
"Population","2011","Both sexes","56 years","Leitrim","Number","410"
"Population","2011","Both sexes","56 years","Laois","Number","795"
"Population","2011","Both sexes","56 years","Meath","Number","1884"
"Population","2011","Both sexes","56 years","Monaghan","Number","689"
"Population","2011","Both sexes","56 years","Mayo","Number","1756"
"Population","2011","Both sexes","56 years","Offaly","Number","850"
"Population","2011","Both sexes","56 years","Roscommon","Number","863"
"Population","2011","Both sexes","56 years","South Dublin","Number","2917"
"Population","2011","Both sexes","56 years","Sligo","Number","812"
"Population","2011","Both sexes","56 years","Tipperary","Number","1895"
"Population","2011","Both sexes","56 years","Waterford City and County","Number","1366"
"Population","2011","Both sexes","56 years","Westmeath","Number","941"
"Population","2011","Both sexes","56 years","Wicklow","Number","1498"
"Population","2011","Both sexes","56 years","Wexford","Number","1615"
"Population","2011","Both sexes","57 years","State","Number","48474"
"Population","2011","Both sexes","57 years","Cork City and Cork County","Number","5608"
"Population","2011","Both sexes","57 years","Clare","Number","1356"
"Population","2011","Both sexes","57 years","Cavan","Number","781"
"Population","2011","Both sexes","57 years","Carlow","Number","538"
"Population","2011","Both sexes","57 years","Dublin City","Number","4826"
"Population","2011","Both sexes","57 years","Donegal","Number","1749"
"Population","2011","Both sexes","57 years","Dún Laoghaire-Rathdown","Number","2296"
"Population","2011","Both sexes","57 years","Fingal","Number","2520"
"Population","2011","Both sexes","57 years","Galway City","Number","691"
"Population","2011","Both sexes","57 years","Galway County","Number","1963"
"Population","2011","Both sexes","57 years","Kildare","Number","2081"
"Population","2011","Both sexes","57 years","Kilkenny","Number","1124"
"Population","2011","Both sexes","57 years","Kerry","Number","1741"
"Population","2011","Both sexes","57 years","Longford","Number","446"
"Population","2011","Both sexes","57 years","Louth","Number","1252"
"Population","2011","Both sexes","57 years","Limerick City and County","Number","2043"
"Population","2011","Both sexes","57 years","Leitrim","Number","422"
"Population","2011","Both sexes","57 years","Laois","Number","797"
"Population","2011","Both sexes","57 years","Meath","Number","1759"
"Population","2011","Both sexes","57 years","Monaghan","Number","654"
"Population","2011","Both sexes","57 years","Mayo","Number","1605"
"Population","2011","Both sexes","57 years","Offaly","Number","801"
"Population","2011","Both sexes","57 years","Roscommon","Number","844"
"Population","2011","Both sexes","57 years","South Dublin","Number","2765"
"Population","2011","Both sexes","57 years","Sligo","Number","788"
"Population","2011","Both sexes","57 years","Tipperary","Number","1849"
"Population","2011","Both sexes","57 years","Waterford City and County","Number","1235"
"Population","2011","Both sexes","57 years","Westmeath","Number","880"
"Population","2011","Both sexes","57 years","Wicklow","Number","1485"
"Population","2011","Both sexes","57 years","Wexford","Number","1575"
"Population","2011","Both sexes","58 years","State","Number","48640"
"Population","2011","Both sexes","58 years","Cork City and Cork County","Number","5591"
"Population","2011","Both sexes","58 years","Clare","Number","1372"
"Population","2011","Both sexes","58 years","Cavan","Number","795"
"Population","2011","Both sexes","58 years","Carlow","Number","612"
"Population","2011","Both sexes","58 years","Dublin City","Number","4875"
"Population","2011","Both sexes","58 years","Donegal","Number","1790"
"Population","2011","Both sexes","58 years","Dún Laoghaire-Rathdown","Number","2309"
"Population","2011","Both sexes","58 years","Fingal","Number","2523"
"Population","2011","Both sexes","58 years","Galway City","Number","696"
"Population","2011","Both sexes","58 years","Galway County","Number","1976"
"Population","2011","Both sexes","58 years","Kildare","Number","2034"
"Population","2011","Both sexes","58 years","Kilkenny","Number","1028"
"Population","2011","Both sexes","58 years","Kerry","Number","1777"
"Population","2011","Both sexes","58 years","Longford","Number","469"
"Population","2011","Both sexes","58 years","Louth","Number","1188"
"Population","2011","Both sexes","58 years","Limerick City and County","Number","2192"
"Population","2011","Both sexes","58 years","Leitrim","Number","413"
"Population","2011","Both sexes","58 years","Laois","Number","771"
"Population","2011","Both sexes","58 years","Meath","Number","1745"
"Population","2011","Both sexes","58 years","Monaghan","Number","657"
"Population","2011","Both sexes","58 years","Mayo","Number","1583"
"Population","2011","Both sexes","58 years","Offaly","Number","819"
"Population","2011","Both sexes","58 years","Roscommon","Number","758"
"Population","2011","Both sexes","58 years","South Dublin","Number","2860"
"Population","2011","Both sexes","58 years","Sligo","Number","792"
"Population","2011","Both sexes","58 years","Tipperary","Number","1830"
"Population","2011","Both sexes","58 years","Waterford City and County","Number","1235"
"Population","2011","Both sexes","58 years","Westmeath","Number","933"
"Population","2011","Both sexes","58 years","Wicklow","Number","1433"
"Population","2011","Both sexes","58 years","Wexford","Number","1584"
"Population","2011","Both sexes","59 years","State","Number","46202"
"Population","2011","Both sexes","59 years","Cork City and Cork County","Number","5324"
"Population","2011","Both sexes","59 years","Clare","Number","1281"
"Population","2011","Both sexes","59 years","Cavan","Number","703"
"Population","2011","Both sexes","59 years","Carlow","Number","547"
"Population","2011","Both sexes","59 years","Dublin City","Number","4622"
"Population","2011","Both sexes","59 years","Donegal","Number","1745"
"Population","2011","Both sexes","59 years","Dún Laoghaire-Rathdown","Number","2144"
"Population","2011","Both sexes","59 years","Fingal","Number","2350"
"Population","2011","Both sexes","59 years","Galway City","Number","613"
"Population","2011","Both sexes","59 years","Galway County","Number","1898"
"Population","2011","Both sexes","59 years","Kildare","Number","1844"
"Population","2011","Both sexes","59 years","Kilkenny","Number","1004"
"Population","2011","Both sexes","59 years","Kerry","Number","1758"
"Population","2011","Both sexes","59 years","Longford","Number","463"
"Population","2011","Both sexes","59 years","Louth","Number","1163"
"Population","2011","Both sexes","59 years","Limerick City and County","Number","2056"
"Population","2011","Both sexes","59 years","Leitrim","Number","364"
"Population","2011","Both sexes","59 years","Laois","Number","758"
"Population","2011","Both sexes","59 years","Meath","Number","1613"
"Population","2011","Both sexes","59 years","Monaghan","Number","657"
"Population","2011","Both sexes","59 years","Mayo","Number","1547"
"Population","2011","Both sexes","59 years","Offaly","Number","758"
"Population","2011","Both sexes","59 years","Roscommon","Number","768"
"Population","2011","Both sexes","59 years","South Dublin","Number","2852"
"Population","2011","Both sexes","59 years","Sligo","Number","719"
"Population","2011","Both sexes","59 years","Tipperary","Number","1754"
"Population","2011","Both sexes","59 years","Waterford City and County","Number","1236"
"Population","2011","Both sexes","59 years","Westmeath","Number","816"
"Population","2011","Both sexes","59 years","Wicklow","Number","1334"
"Population","2011","Both sexes","59 years","Wexford","Number","1511"
"Population","2011","Both sexes","60 years","State","Number","45365"
"Population","2011","Both sexes","60 years","Cork City and Cork County","Number","5208"
"Population","2011","Both sexes","60 years","Clare","Number","1341"
"Population","2011","Both sexes","60 years","Cavan","Number","738"
"Population","2011","Both sexes","60 years","Carlow","Number","527"
"Population","2011","Both sexes","60 years","Dublin City","Number","4604"
"Population","2011","Both sexes","60 years","Donegal","Number","1726"
"Population","2011","Both sexes","60 years","Dún Laoghaire-Rathdown","Number","2064"
"Population","2011","Both sexes","60 years","Fingal","Number","2182"
"Population","2011","Both sexes","60 years","Galway City","Number","586"
"Population","2011","Both sexes","60 years","Galway County","Number","1883"
"Population","2011","Both sexes","60 years","Kildare","Number","1822"
"Population","2011","Both sexes","60 years","Kilkenny","Number","966"
"Population","2011","Both sexes","60 years","Kerry","Number","1754"
"Population","2011","Both sexes","60 years","Longford","Number","400"
"Population","2011","Both sexes","60 years","Louth","Number","1083"
"Population","2011","Both sexes","60 years","Limerick City and County","Number","1994"
"Population","2011","Both sexes","60 years","Leitrim","Number","365"
"Population","2011","Both sexes","60 years","Laois","Number","683"
"Population","2011","Both sexes","60 years","Meath","Number","1617"
"Population","2011","Both sexes","60 years","Monaghan","Number","644"
"Population","2011","Both sexes","60 years","Mayo","Number","1636"
"Population","2011","Both sexes","60 years","Offaly","Number","744"
"Population","2011","Both sexes","60 years","Roscommon","Number","722"
"Population","2011","Both sexes","60 years","South Dublin","Number","2781"
"Population","2011","Both sexes","60 years","Sligo","Number","778"
"Population","2011","Both sexes","60 years","Tipperary","Number","1708"
"Population","2011","Both sexes","60 years","Waterford City and County","Number","1122"
"Population","2011","Both sexes","60 years","Westmeath","Number","791"
"Population","2011","Both sexes","60 years","Wicklow","Number","1398"
"Population","2011","Both sexes","60 years","Wexford","Number","1498"
"Population","2011","Both sexes","61 years","State","Number","44765"
"Population","2011","Both sexes","61 years","Cork City and Cork County","Number","5013"
"Population","2011","Both sexes","61 years","Clare","Number","1291"
"Population","2011","Both sexes","61 years","Cavan","Number","721"
"Population","2011","Both sexes","61 years","Carlow","Number","541"
"Population","2011","Both sexes","61 years","Dublin City","Number","4534"
"Population","2011","Both sexes","61 years","Donegal","Number","1714"
"Population","2011","Both sexes","61 years","Dún Laoghaire-Rathdown","Number","2026"
"Population","2011","Both sexes","61 years","Fingal","Number","2185"
"Population","2011","Both sexes","61 years","Galway City","Number","601"
"Population","2011","Both sexes","61 years","Galway County","Number","1802"
"Population","2011","Both sexes","61 years","Kildare","Number","1779"
"Population","2011","Both sexes","61 years","Kilkenny","Number","1026"
"Population","2011","Both sexes","61 years","Kerry","Number","1682"
"Population","2011","Both sexes","61 years","Longford","Number","438"
"Population","2011","Both sexes","61 years","Louth","Number","1143"
"Population","2011","Both sexes","61 years","Limerick City and County","Number","1999"
"Population","2011","Both sexes","61 years","Leitrim","Number","379"
"Population","2011","Both sexes","61 years","Laois","Number","671"
"Population","2011","Both sexes","61 years","Meath","Number","1508"
"Population","2011","Both sexes","61 years","Monaghan","Number","614"
"Population","2011","Both sexes","61 years","Mayo","Number","1627"
"Population","2011","Both sexes","61 years","Offaly","Number","784"
"Population","2011","Both sexes","61 years","Roscommon","Number","715"
"Population","2011","Both sexes","61 years","South Dublin","Number","2709"
"Population","2011","Both sexes","61 years","Sligo","Number","795"
"Population","2011","Both sexes","61 years","Tipperary","Number","1721"
"Population","2011","Both sexes","61 years","Waterford City and County","Number","1146"
"Population","2011","Both sexes","61 years","Westmeath","Number","790"
"Population","2011","Both sexes","61 years","Wicklow","Number","1320"
"Population","2011","Both sexes","61 years","Wexford","Number","1491"
"Population","2011","Both sexes","62 years","State","Number","44100"
"Population","2011","Both sexes","62 years","Cork City and Cork County","Number","5056"
"Population","2011","Both sexes","62 years","Clare","Number","1296"
"Population","2011","Both sexes","62 years","Cavan","Number","704"
"Population","2011","Both sexes","62 years","Carlow","Number","515"
"Population","2011","Both sexes","62 years","Dublin City","Number","4571"
"Population","2011","Both sexes","62 years","Donegal","Number","1686"
"Population","2011","Both sexes","62 years","Dún Laoghaire-Rathdown","Number","1998"
"Population","2011","Both sexes","62 years","Fingal","Number","2129"
"Population","2011","Both sexes","62 years","Galway City","Number","639"
"Population","2011","Both sexes","62 years","Galway County","Number","1739"
"Population","2011","Both sexes","62 years","Kildare","Number","1781"
"Population","2011","Both sexes","62 years","Kilkenny","Number","913"
"Population","2011","Both sexes","62 years","Kerry","Number","1705"
"Population","2011","Both sexes","62 years","Longford","Number","424"
"Population","2011","Both sexes","62 years","Louth","Number","1111"
"Population","2011","Both sexes","62 years","Limerick City and County","Number","1977"
"Population","2011","Both sexes","62 years","Leitrim","Number","336"
"Population","2011","Both sexes","62 years","Laois","Number","646"
"Population","2011","Both sexes","62 years","Meath","Number","1562"
"Population","2011","Both sexes","62 years","Monaghan","Number","626"
"Population","2011","Both sexes","62 years","Mayo","Number","1524"
"Population","2011","Both sexes","62 years","Offaly","Number","731"
"Population","2011","Both sexes","62 years","Roscommon","Number","703"
"Population","2011","Both sexes","62 years","South Dublin","Number","2518"
"Population","2011","Both sexes","62 years","Sligo","Number","711"
"Population","2011","Both sexes","62 years","Tipperary","Number","1689"
"Population","2011","Both sexes","62 years","Waterford City and County","Number","1163"
"Population","2011","Both sexes","62 years","Westmeath","Number","810"
"Population","2011","Both sexes","62 years","Wicklow","Number","1378"
"Population","2011","Both sexes","62 years","Wexford","Number","1459"
"Population","2011","Both sexes","63 years","State","Number","43124"
"Population","2011","Both sexes","63 years","Cork City and Cork County","Number","4882"
"Population","2011","Both sexes","63 years","Clare","Number","1251"
"Population","2011","Both sexes","63 years","Cavan","Number","702"
"Population","2011","Both sexes","63 years","Carlow","Number","523"
"Population","2011","Both sexes","63 years","Dublin City","Number","4476"
"Population","2011","Both sexes","63 years","Donegal","Number","1683"
"Population","2011","Both sexes","63 years","Dún Laoghaire-Rathdown","Number","2042"
"Population","2011","Both sexes","63 years","Fingal","Number","2070"
"Population","2011","Both sexes","63 years","Galway City","Number","555"
"Population","2011","Both sexes","63 years","Galway County","Number","1730"
"Population","2011","Both sexes","63 years","Kildare","Number","1666"
"Population","2011","Both sexes","63 years","Kilkenny","Number","965"
"Population","2011","Both sexes","63 years","Kerry","Number","1665"
"Population","2011","Both sexes","63 years","Longford","Number","424"
"Population","2011","Both sexes","63 years","Louth","Number","1139"
"Population","2011","Both sexes","63 years","Limerick City and County","Number","1939"
"Population","2011","Both sexes","63 years","Leitrim","Number","339"
"Population","2011","Both sexes","63 years","Laois","Number","674"
"Population","2011","Both sexes","63 years","Meath","Number","1519"
"Population","2011","Both sexes","63 years","Monaghan","Number","581"
"Population","2011","Both sexes","63 years","Mayo","Number","1490"
"Population","2011","Both sexes","63 years","Offaly","Number","749"
"Population","2011","Both sexes","63 years","Roscommon","Number","718"
"Population","2011","Both sexes","63 years","South Dublin","Number","2297"
"Population","2011","Both sexes","63 years","Sligo","Number","687"
"Population","2011","Both sexes","63 years","Tipperary","Number","1703"
"Population","2011","Both sexes","63 years","Waterford City and County","Number","1129"
"Population","2011","Both sexes","63 years","Westmeath","Number","772"
"Population","2011","Both sexes","63 years","Wicklow","Number","1281"
"Population","2011","Both sexes","63 years","Wexford","Number","1473"
"Population","2011","Both sexes","64 years","State","Number","41432"
"Population","2011","Both sexes","64 years","Cork City and Cork County","Number","4788"
"Population","2011","Both sexes","64 years","Clare","Number","1237"
"Population","2011","Both sexes","64 years","Cavan","Number","659"
"Population","2011","Both sexes","64 years","Carlow","Number","474"
"Population","2011","Both sexes","64 years","Dublin City","Number","4330"
"Population","2011","Both sexes","64 years","Donegal","Number","1635"
"Population","2011","Both sexes","64 years","Dún Laoghaire-Rathdown","Number","2036"
"Population","2011","Both sexes","64 years","Fingal","Number","1959"
"Population","2011","Both sexes","64 years","Galway City","Number","566"
"Population","2011","Both sexes","64 years","Galway County","Number","1636"
"Population","2011","Both sexes","64 years","Kildare","Number","1636"
"Population","2011","Both sexes","64 years","Kilkenny","Number","852"
"Population","2011","Both sexes","64 years","Kerry","Number","1656"
"Population","2011","Both sexes","64 years","Longford","Number","372"
"Population","2011","Both sexes","64 years","Louth","Number","1045"
"Population","2011","Both sexes","64 years","Limerick City and County","Number","1773"
"Population","2011","Both sexes","64 years","Leitrim","Number","314"
"Population","2011","Both sexes","64 years","Laois","Number","659"
"Population","2011","Both sexes","64 years","Meath","Number","1406"
"Population","2011","Both sexes","64 years","Monaghan","Number","575"
"Population","2011","Both sexes","64 years","Mayo","Number","1463"
"Population","2011","Both sexes","64 years","Offaly","Number","659"
"Population","2011","Both sexes","64 years","Roscommon","Number","673"
"Population","2011","Both sexes","64 years","South Dublin","Number","2207"
"Population","2011","Both sexes","64 years","Sligo","Number","657"
"Population","2011","Both sexes","64 years","Tipperary","Number","1584"
"Population","2011","Both sexes","64 years","Waterford City and County","Number","1167"
"Population","2011","Both sexes","64 years","Westmeath","Number","727"
"Population","2011","Both sexes","64 years","Wicklow","Number","1262"
"Population","2011","Both sexes","64 years","Wexford","Number","1425"
"Population","2011","Both sexes","65 years","State","Number","39834"
"Population","2011","Both sexes","65 years","Cork City and Cork County","Number","4667"
"Population","2011","Both sexes","65 years","Clare","Number","1199"
"Population","2011","Both sexes","65 years","Cavan","Number","641"
"Population","2011","Both sexes","65 years","Carlow","Number","466"
"Population","2011","Both sexes","65 years","Dublin City","Number","4024"
"Population","2011","Both sexes","65 years","Donegal","Number","1580"
"Population","2011","Both sexes","65 years","Dún Laoghaire-Rathdown","Number","1934"
"Population","2011","Both sexes","65 years","Fingal","Number","1848"
"Population","2011","Both sexes","65 years","Galway City","Number","587"
"Population","2011","Both sexes","65 years","Galway County","Number","1576"
"Population","2011","Both sexes","65 years","Kildare","Number","1465"
"Population","2011","Both sexes","65 years","Kilkenny","Number","850"
"Population","2011","Both sexes","65 years","Kerry","Number","1618"
"Population","2011","Both sexes","65 years","Longford","Number","394"
"Population","2011","Both sexes","65 years","Louth","Number","1056"
"Population","2011","Both sexes","65 years","Limerick City and County","Number","1728"
"Population","2011","Both sexes","65 years","Leitrim","Number","325"
"Population","2011","Both sexes","65 years","Laois","Number","606"
"Population","2011","Both sexes","65 years","Meath","Number","1344"
"Population","2011","Both sexes","65 years","Monaghan","Number","545"
"Population","2011","Both sexes","65 years","Mayo","Number","1397"
"Population","2011","Both sexes","65 years","Offaly","Number","645"
"Population","2011","Both sexes","65 years","Roscommon","Number","691"
"Population","2011","Both sexes","65 years","South Dublin","Number","2033"
"Population","2011","Both sexes","65 years","Sligo","Number","672"
"Population","2011","Both sexes","65 years","Tipperary","Number","1520"
"Population","2011","Both sexes","65 years","Waterford City and County","Number","1106"
"Population","2011","Both sexes","65 years","Westmeath","Number","725"
"Population","2011","Both sexes","65 years","Wicklow","Number","1218"
"Population","2011","Both sexes","65 years","Wexford","Number","1374"
"Population","2011","Both sexes","66 years","State","Number","36582"
"Population","2011","Both sexes","66 years","Cork City and Cork County","Number","4284"
"Population","2011","Both sexes","66 years","Clare","Number","1057"
"Population","2011","Both sexes","66 years","Cavan","Number","599"
"Population","2011","Both sexes","66 years","Carlow","Number","426"
"Population","2011","Both sexes","66 years","Dublin City","Number","3785"
"Population","2011","Both sexes","66 years","Donegal","Number","1484"
"Population","2011","Both sexes","66 years","Dún Laoghaire-Rathdown","Number","1793"
"Population","2011","Both sexes","66 years","Fingal","Number","1748"
"Population","2011","Both sexes","66 years","Galway City","Number","452"
"Population","2011","Both sexes","66 years","Galway County","Number","1475"
"Population","2011","Both sexes","66 years","Kildare","Number","1370"
"Population","2011","Both sexes","66 years","Kilkenny","Number","839"
"Population","2011","Both sexes","66 years","Kerry","Number","1456"
"Population","2011","Both sexes","66 years","Longford","Number","355"
"Population","2011","Both sexes","66 years","Louth","Number","910"
"Population","2011","Both sexes","66 years","Limerick City and County","Number","1624"
"Population","2011","Both sexes","66 years","Leitrim","Number","306"
"Population","2011","Both sexes","66 years","Laois","Number","552"
"Population","2011","Both sexes","66 years","Meath","Number","1276"
"Population","2011","Both sexes","66 years","Monaghan","Number","488"
"Population","2011","Both sexes","66 years","Mayo","Number","1248"
"Population","2011","Both sexes","66 years","Offaly","Number","606"
"Population","2011","Both sexes","66 years","Roscommon","Number","565"
"Population","2011","Both sexes","66 years","South Dublin","Number","1774"
"Population","2011","Both sexes","66 years","Sligo","Number","597"
"Population","2011","Both sexes","66 years","Tipperary","Number","1442"
"Population","2011","Both sexes","66 years","Waterford City and County","Number","982"
"Population","2011","Both sexes","66 years","Westmeath","Number","694"
"Population","2011","Both sexes","66 years","Wicklow","Number","1150"
"Population","2011","Both sexes","66 years","Wexford","Number","1245"
"Population","2011","Both sexes","67 years","State","Number","34761"
"Population","2011","Both sexes","67 years","Cork City and Cork County","Number","3915"
"Population","2011","Both sexes","67 years","Clare","Number","1009"
"Population","2011","Both sexes","67 years","Cavan","Number","560"
"Population","2011","Both sexes","67 years","Carlow","Number","391"
"Population","2011","Both sexes","67 years","Dublin City","Number","3647"
"Population","2011","Both sexes","67 years","Donegal","Number","1418"
"Population","2011","Both sexes","67 years","Dún Laoghaire-Rathdown","Number","1798"
"Population","2011","Both sexes","67 years","Fingal","Number","1527"
"Population","2011","Both sexes","67 years","Galway City","Number","478"
"Population","2011","Both sexes","67 years","Galway County","Number","1368"
"Population","2011","Both sexes","67 years","Kildare","Number","1279"
"Population","2011","Both sexes","67 years","Kilkenny","Number","759"
"Population","2011","Both sexes","67 years","Kerry","Number","1377"
"Population","2011","Both sexes","67 years","Longford","Number","306"
"Population","2011","Both sexes","67 years","Louth","Number","958"
"Population","2011","Both sexes","67 years","Limerick City and County","Number","1537"
"Population","2011","Both sexes","67 years","Leitrim","Number","290"
"Population","2011","Both sexes","67 years","Laois","Number","537"
"Population","2011","Both sexes","67 years","Meath","Number","1181"
"Population","2011","Both sexes","67 years","Monaghan","Number","460"
"Population","2011","Both sexes","67 years","Mayo","Number","1182"
"Population","2011","Both sexes","67 years","Offaly","Number","562"
"Population","2011","Both sexes","67 years","Roscommon","Number","599"
"Population","2011","Both sexes","67 years","South Dublin","Number","1752"
"Population","2011","Both sexes","67 years","Sligo","Number","543"
"Population","2011","Both sexes","67 years","Tipperary","Number","1370"
"Population","2011","Both sexes","67 years","Waterford City and County","Number","976"
"Population","2011","Both sexes","67 years","Westmeath","Number","608"
"Population","2011","Both sexes","67 years","Wicklow","Number","1083"
"Population","2011","Both sexes","67 years","Wexford","Number","1291"
"Population","2011","Both sexes","68 years","State","Number","32783"
"Population","2011","Both sexes","68 years","Cork City and Cork County","Number","3623"
"Population","2011","Both sexes","68 years","Clare","Number","892"
"Population","2011","Both sexes","68 years","Cavan","Number","485"
"Population","2011","Both sexes","68 years","Carlow","Number","395"
"Population","2011","Both sexes","68 years","Dublin City","Number","3639"
"Population","2011","Both sexes","68 years","Donegal","Number","1321"
"Population","2011","Both sexes","68 years","Dún Laoghaire-Rathdown","Number","1687"
"Population","2011","Both sexes","68 years","Fingal","Number","1476"
"Population","2011","Both sexes","68 years","Galway City","Number","424"
"Population","2011","Both sexes","68 years","Galway County","Number","1310"
"Population","2011","Both sexes","68 years","Kildare","Number","1230"
"Population","2011","Both sexes","68 years","Kilkenny","Number","751"
"Population","2011","Both sexes","68 years","Kerry","Number","1354"
"Population","2011","Both sexes","68 years","Longford","Number","299"
"Population","2011","Both sexes","68 years","Louth","Number","836"
"Population","2011","Both sexes","68 years","Limerick City and County","Number","1484"
"Population","2011","Both sexes","68 years","Leitrim","Number","264"
"Population","2011","Both sexes","68 years","Laois","Number","525"
"Population","2011","Both sexes","68 years","Meath","Number","1099"
"Population","2011","Both sexes","68 years","Monaghan","Number","468"
"Population","2011","Both sexes","68 years","Mayo","Number","1164"
"Population","2011","Both sexes","68 years","Offaly","Number","592"
"Population","2011","Both sexes","68 years","Roscommon","Number","520"
"Population","2011","Both sexes","68 years","South Dublin","Number","1518"
"Population","2011","Both sexes","68 years","Sligo","Number","549"
"Population","2011","Both sexes","68 years","Tipperary","Number","1225"
"Population","2011","Both sexes","68 years","Waterford City and County","Number","909"
"Population","2011","Both sexes","68 years","Westmeath","Number","567"
"Population","2011","Both sexes","68 years","Wicklow","Number","1011"
"Population","2011","Both sexes","68 years","Wexford","Number","1166"
"Population","2011","Both sexes","69 years","State","Number","29678"
"Population","2011","Both sexes","69 years","Cork City and Cork County","Number","3509"
"Population","2011","Both sexes","69 years","Clare","Number","784"
"Population","2011","Both sexes","69 years","Cavan","Number","429"
"Population","2011","Both sexes","69 years","Carlow","Number","358"
"Population","2011","Both sexes","69 years","Dublin City","Number","3364"
"Population","2011","Both sexes","69 years","Donegal","Number","1195"
"Population","2011","Both sexes","69 years","Dún Laoghaire-Rathdown","Number","1679"
"Population","2011","Both sexes","69 years","Fingal","Number","1262"
"Population","2011","Both sexes","69 years","Galway City","Number","466"
"Population","2011","Both sexes","69 years","Galway County","Number","1238"
"Population","2011","Both sexes","69 years","Kildare","Number","992"
"Population","2011","Both sexes","69 years","Kilkenny","Number","646"
"Population","2011","Both sexes","69 years","Kerry","Number","1106"
"Population","2011","Both sexes","69 years","Longford","Number","279"
"Population","2011","Both sexes","69 years","Louth","Number","728"
"Population","2011","Both sexes","69 years","Limerick City and County","Number","1320"
"Population","2011","Both sexes","69 years","Leitrim","Number","221"
"Population","2011","Both sexes","69 years","Laois","Number","444"
"Population","2011","Both sexes","69 years","Meath","Number","1014"
"Population","2011","Both sexes","69 years","Monaghan","Number","370"
"Population","2011","Both sexes","69 years","Mayo","Number","1046"
"Population","2011","Both sexes","69 years","Offaly","Number","465"
"Population","2011","Both sexes","69 years","Roscommon","Number","482"
"Population","2011","Both sexes","69 years","South Dublin","Number","1359"
"Population","2011","Both sexes","69 years","Sligo","Number","459"
"Population","2011","Both sexes","69 years","Tipperary","Number","1103"
"Population","2011","Both sexes","69 years","Waterford City and County","Number","850"
"Population","2011","Both sexes","69 years","Westmeath","Number","504"
"Population","2011","Both sexes","69 years","Wicklow","Number","910"
"Population","2011","Both sexes","69 years","Wexford","Number","1096"
"Population","2011","Both sexes","70 years","State","Number","28165"
"Population","2011","Both sexes","70 years","Cork City and Cork County","Number","3205"
"Population","2011","Both sexes","70 years","Clare","Number","802"
"Population","2011","Both sexes","70 years","Cavan","Number","406"
"Population","2011","Both sexes","70 years","Carlow","Number","348"
"Population","2011","Both sexes","70 years","Dublin City","Number","3284"
"Population","2011","Both sexes","70 years","Donegal","Number","1144"
"Population","2011","Both sexes","70 years","Dún Laoghaire-Rathdown","Number","1548"
"Population","2011","Both sexes","70 years","Fingal","Number","1150"
"Population","2011","Both sexes","70 years","Galway City","Number","348"
"Population","2011","Both sexes","70 years","Galway County","Number","1119"
"Population","2011","Both sexes","70 years","Kildare","Number","884"
"Population","2011","Both sexes","70 years","Kilkenny","Number","602"
"Population","2011","Both sexes","70 years","Kerry","Number","1131"
"Population","2011","Both sexes","70 years","Longford","Number","242"
"Population","2011","Both sexes","70 years","Louth","Number","767"
"Population","2011","Both sexes","70 years","Limerick City and County","Number","1273"
"Population","2011","Both sexes","70 years","Leitrim","Number","232"
"Population","2011","Both sexes","70 years","Laois","Number","424"
"Population","2011","Both sexes","70 years","Meath","Number","899"
"Population","2011","Both sexes","70 years","Monaghan","Number","370"
"Population","2011","Both sexes","70 years","Mayo","Number","1013"
"Population","2011","Both sexes","70 years","Offaly","Number","428"
"Population","2011","Both sexes","70 years","Roscommon","Number","467"
"Population","2011","Both sexes","70 years","South Dublin","Number","1397"
"Population","2011","Both sexes","70 years","Sligo","Number","479"
"Population","2011","Both sexes","70 years","Tipperary","Number","1054"
"Population","2011","Both sexes","70 years","Waterford City and County","Number","825"
"Population","2011","Both sexes","70 years","Westmeath","Number","476"
"Population","2011","Both sexes","70 years","Wicklow","Number","838"
"Population","2011","Both sexes","70 years","Wexford","Number","1010"
"Population","2011","Both sexes","71 years","State","Number","27822"
"Population","2011","Both sexes","71 years","Cork City and Cork County","Number","3340"
"Population","2011","Both sexes","71 years","Clare","Number","758"
"Population","2011","Both sexes","71 years","Cavan","Number","415"
"Population","2011","Both sexes","71 years","Carlow","Number","336"
"Population","2011","Both sexes","71 years","Dublin City","Number","3453"
"Population","2011","Both sexes","71 years","Donegal","Number","1108"
"Population","2011","Both sexes","71 years","Dún Laoghaire-Rathdown","Number","1560"
"Population","2011","Both sexes","71 years","Fingal","Number","1105"
"Population","2011","Both sexes","71 years","Galway City","Number","373"
"Population","2011","Both sexes","71 years","Galway County","Number","1102"
"Population","2011","Both sexes","71 years","Kildare","Number","844"
"Population","2011","Both sexes","71 years","Kilkenny","Number","581"
"Population","2011","Both sexes","71 years","Kerry","Number","1110"
"Population","2011","Both sexes","71 years","Longford","Number","238"
"Population","2011","Both sexes","71 years","Louth","Number","709"
"Population","2011","Both sexes","71 years","Limerick City and County","Number","1266"
"Population","2011","Both sexes","71 years","Leitrim","Number","229"
"Population","2011","Both sexes","71 years","Laois","Number","401"
"Population","2011","Both sexes","71 years","Meath","Number","801"
"Population","2011","Both sexes","71 years","Monaghan","Number","394"
"Population","2011","Both sexes","71 years","Mayo","Number","925"
"Population","2011","Both sexes","71 years","Offaly","Number","461"
"Population","2011","Both sexes","71 years","Roscommon","Number","423"
"Population","2011","Both sexes","71 years","South Dublin","Number","1299"
"Population","2011","Both sexes","71 years","Sligo","Number","446"
"Population","2011","Both sexes","71 years","Tipperary","Number","1082"
"Population","2011","Both sexes","71 years","Waterford City and County","Number","749"
"Population","2011","Both sexes","71 years","Westmeath","Number","486"
"Population","2011","Both sexes","71 years","Wicklow","Number","808"
"Population","2011","Both sexes","71 years","Wexford","Number","1020"
"Population","2011","Both sexes","72 years","State","Number","26505"
"Population","2011","Both sexes","72 years","Cork City and Cork County","Number","3052"
"Population","2011","Both sexes","72 years","Clare","Number","731"
"Population","2011","Both sexes","72 years","Cavan","Number","404"
"Population","2011","Both sexes","72 years","Carlow","Number","317"
"Population","2011","Both sexes","72 years","Dublin City","Number","3325"
"Population","2011","Both sexes","72 years","Donegal","Number","1083"
"Population","2011","Both sexes","72 years","Dún Laoghaire-Rathdown","Number","1572"
"Population","2011","Both sexes","72 years","Fingal","Number","947"
"Population","2011","Both sexes","72 years","Galway City","Number","351"
"Population","2011","Both sexes","72 years","Galway County","Number","1077"
"Population","2011","Both sexes","72 years","Kildare","Number","841"
"Population","2011","Both sexes","72 years","Kilkenny","Number","533"
"Population","2011","Both sexes","72 years","Kerry","Number","971"
"Population","2011","Both sexes","72 years","Longford","Number","219"
"Population","2011","Both sexes","72 years","Louth","Number","640"
"Population","2011","Both sexes","72 years","Limerick City and County","Number","1189"
"Population","2011","Both sexes","72 years","Leitrim","Number","224"
"Population","2011","Both sexes","72 years","Laois","Number","388"
"Population","2011","Both sexes","72 years","Meath","Number","808"
"Population","2011","Both sexes","72 years","Monaghan","Number","344"
"Population","2011","Both sexes","72 years","Mayo","Number","953"
"Population","2011","Both sexes","72 years","Offaly","Number","437"
"Population","2011","Both sexes","72 years","Roscommon","Number","441"
"Population","2011","Both sexes","72 years","South Dublin","Number","1227"
"Population","2011","Both sexes","72 years","Sligo","Number","417"
"Population","2011","Both sexes","72 years","Tipperary","Number","1044"
"Population","2011","Both sexes","72 years","Waterford City and County","Number","718"
"Population","2011","Both sexes","72 years","Westmeath","Number","484"
"Population","2011","Both sexes","72 years","Wicklow","Number","770"
"Population","2011","Both sexes","72 years","Wexford","Number","998"
"Population","2011","Both sexes","73 years","State","Number","24637"
"Population","2011","Both sexes","73 years","Cork City and Cork County","Number","2895"
"Population","2011","Both sexes","73 years","Clare","Number","632"
"Population","2011","Both sexes","73 years","Cavan","Number","378"
"Population","2011","Both sexes","73 years","Carlow","Number","317"
"Population","2011","Both sexes","73 years","Dublin City","Number","3185"
"Population","2011","Both sexes","73 years","Donegal","Number","962"
"Population","2011","Both sexes","73 years","Dún Laoghaire-Rathdown","Number","1426"
"Population","2011","Both sexes","73 years","Fingal","Number","915"
"Population","2011","Both sexes","73 years","Galway City","Number","328"
"Population","2011","Both sexes","73 years","Galway County","Number","928"
"Population","2011","Both sexes","73 years","Kildare","Number","726"
"Population","2011","Both sexes","73 years","Kilkenny","Number","509"
"Population","2011","Both sexes","73 years","Kerry","Number","978"
"Population","2011","Both sexes","73 years","Longford","Number","209"
"Population","2011","Both sexes","73 years","Louth","Number","625"
"Population","2011","Both sexes","73 years","Limerick City and County","Number","1118"
"Population","2011","Both sexes","73 years","Leitrim","Number","221"
"Population","2011","Both sexes","73 years","Laois","Number","340"
"Population","2011","Both sexes","73 years","Meath","Number","748"
"Population","2011","Both sexes","73 years","Monaghan","Number","343"
"Population","2011","Both sexes","73 years","Mayo","Number","877"
"Population","2011","Both sexes","73 years","Offaly","Number","419"
"Population","2011","Both sexes","73 years","Roscommon","Number","400"
"Population","2011","Both sexes","73 years","South Dublin","Number","1093"
"Population","2011","Both sexes","73 years","Sligo","Number","373"
"Population","2011","Both sexes","73 years","Tipperary","Number","955"
"Population","2011","Both sexes","73 years","Waterford City and County","Number","693"
"Population","2011","Both sexes","73 years","Westmeath","Number","463"
"Population","2011","Both sexes","73 years","Wicklow","Number","686"
"Population","2011","Both sexes","73 years","Wexford","Number","895"
"Population","2011","Both sexes","74 years","State","Number","24061"
"Population","2011","Both sexes","74 years","Cork City and Cork County","Number","2882"
"Population","2011","Both sexes","74 years","Clare","Number","601"
"Population","2011","Both sexes","74 years","Cavan","Number","387"
"Population","2011","Both sexes","74 years","Carlow","Number","247"
"Population","2011","Both sexes","74 years","Dublin City","Number","3186"
"Population","2011","Both sexes","74 years","Donegal","Number","935"
"Population","2011","Both sexes","74 years","Dún Laoghaire-Rathdown","Number","1364"
"Population","2011","Both sexes","74 years","Fingal","Number","839"
"Population","2011","Both sexes","74 years","Galway City","Number","318"
"Population","2011","Both sexes","74 years","Galway County","Number","976"
"Population","2011","Both sexes","74 years","Kildare","Number","692"
"Population","2011","Both sexes","74 years","Kilkenny","Number","523"
"Population","2011","Both sexes","74 years","Kerry","Number","878"
"Population","2011","Both sexes","74 years","Longford","Number","219"
"Population","2011","Both sexes","74 years","Louth","Number","623"
"Population","2011","Both sexes","74 years","Limerick City and County","Number","1061"
"Population","2011","Both sexes","74 years","Leitrim","Number","201"
"Population","2011","Both sexes","74 years","Laois","Number","393"
"Population","2011","Both sexes","74 years","Meath","Number","706"
"Population","2011","Both sexes","74 years","Monaghan","Number","296"
"Population","2011","Both sexes","74 years","Mayo","Number","856"
"Population","2011","Both sexes","74 years","Offaly","Number","420"
"Population","2011","Both sexes","74 years","Roscommon","Number","413"
"Population","2011","Both sexes","74 years","South Dublin","Number","1076"
"Population","2011","Both sexes","74 years","Sligo","Number","407"
"Population","2011","Both sexes","74 years","Tipperary","Number","918"
"Population","2011","Both sexes","74 years","Waterford City and County","Number","672"
"Population","2011","Both sexes","74 years","Westmeath","Number","455"
"Population","2011","Both sexes","74 years","Wicklow","Number","655"
"Population","2011","Both sexes","74 years","Wexford","Number","862"
"Population","2011","Both sexes","75 years","State","Number","23096"
"Population","2011","Both sexes","75 years","Cork City and Cork County","Number","2738"
"Population","2011","Both sexes","75 years","Clare","Number","606"
"Population","2011","Both sexes","75 years","Cavan","Number","434"
"Population","2011","Both sexes","75 years","Carlow","Number","275"
"Population","2011","Both sexes","75 years","Dublin City","Number","3035"
"Population","2011","Both sexes","75 years","Donegal","Number","869"
"Population","2011","Both sexes","75 years","Dún Laoghaire-Rathdown","Number","1310"
"Population","2011","Both sexes","75 years","Fingal","Number","787"
"Population","2011","Both sexes","75 years","Galway City","Number","317"
"Population","2011","Both sexes","75 years","Galway County","Number","915"
"Population","2011","Both sexes","75 years","Kildare","Number","660"
"Population","2011","Both sexes","75 years","Kilkenny","Number","511"
"Population","2011","Both sexes","75 years","Kerry","Number","838"
"Population","2011","Both sexes","75 years","Longford","Number","219"
"Population","2011","Both sexes","75 years","Louth","Number","585"
"Population","2011","Both sexes","75 years","Limerick City and County","Number","1029"
"Population","2011","Both sexes","75 years","Leitrim","Number","211"
"Population","2011","Both sexes","75 years","Laois","Number","358"
"Population","2011","Both sexes","75 years","Meath","Number","673"
"Population","2011","Both sexes","75 years","Monaghan","Number","325"
"Population","2011","Both sexes","75 years","Mayo","Number","817"
"Population","2011","Both sexes","75 years","Offaly","Number","411"
"Population","2011","Both sexes","75 years","Roscommon","Number","401"
"Population","2011","Both sexes","75 years","South Dublin","Number","960"
"Population","2011","Both sexes","75 years","Sligo","Number","357"
"Population","2011","Both sexes","75 years","Tipperary","Number","937"
"Population","2011","Both sexes","75 years","Waterford City and County","Number","649"
"Population","2011","Both sexes","75 years","Westmeath","Number","419"
"Population","2011","Both sexes","75 years","Wicklow","Number","633"
"Population","2011","Both sexes","75 years","Wexford","Number","817"
"Population","2011","Both sexes","76 years","State","Number","21734"
"Population","2011","Both sexes","76 years","Cork City and Cork County","Number","2579"
"Population","2011","Both sexes","76 years","Clare","Number","547"
"Population","2011","Both sexes","76 years","Cavan","Number","379"
"Population","2011","Both sexes","76 years","Carlow","Number","243"
"Population","2011","Both sexes","76 years","Dublin City","Number","2897"
"Population","2011","Both sexes","76 years","Donegal","Number","839"
"Population","2011","Both sexes","76 years","Dún Laoghaire-Rathdown","Number","1246"
"Population","2011","Both sexes","76 years","Fingal","Number","748"
"Population","2011","Both sexes","76 years","Galway City","Number","276"
"Population","2011","Both sexes","76 years","Galway County","Number","864"
"Population","2011","Both sexes","76 years","Kildare","Number","623"
"Population","2011","Both sexes","76 years","Kilkenny","Number","496"
"Population","2011","Both sexes","76 years","Kerry","Number","855"
"Population","2011","Both sexes","76 years","Longford","Number","212"
"Population","2011","Both sexes","76 years","Louth","Number","516"
"Population","2011","Both sexes","76 years","Limerick City and County","Number","931"
"Population","2011","Both sexes","76 years","Leitrim","Number","208"
"Population","2011","Both sexes","76 years","Laois","Number","324"
"Population","2011","Both sexes","76 years","Meath","Number","652"
"Population","2011","Both sexes","76 years","Monaghan","Number","309"
"Population","2011","Both sexes","76 years","Mayo","Number","752"
"Population","2011","Both sexes","76 years","Offaly","Number","358"
"Population","2011","Both sexes","76 years","Roscommon","Number","366"
"Population","2011","Both sexes","76 years","South Dublin","Number","936"
"Population","2011","Both sexes","76 years","Sligo","Number","374"
"Population","2011","Both sexes","76 years","Tipperary","Number","864"
"Population","2011","Both sexes","76 years","Waterford City and County","Number","609"
"Population","2011","Both sexes","76 years","Westmeath","Number","400"
"Population","2011","Both sexes","76 years","Wicklow","Number","573"
"Population","2011","Both sexes","76 years","Wexford","Number","758"
"Population","2011","Both sexes","77 years","State","Number","20643"
"Population","2011","Both sexes","77 years","Cork City and Cork County","Number","2451"
"Population","2011","Both sexes","77 years","Clare","Number","534"
"Population","2011","Both sexes","77 years","Cavan","Number","364"
"Population","2011","Both sexes","77 years","Carlow","Number","224"
"Population","2011","Both sexes","77 years","Dublin City","Number","2811"
"Population","2011","Both sexes","77 years","Donegal","Number","804"
"Population","2011","Both sexes","77 years","Dún Laoghaire-Rathdown","Number","1201"
"Population","2011","Both sexes","77 years","Fingal","Number","638"
"Population","2011","Both sexes","77 years","Galway City","Number","271"
"Population","2011","Both sexes","77 years","Galway County","Number","855"
"Population","2011","Both sexes","77 years","Kildare","Number","557"
"Population","2011","Both sexes","77 years","Kilkenny","Number","418"
"Population","2011","Both sexes","77 years","Kerry","Number","796"
"Population","2011","Both sexes","77 years","Longford","Number","196"
"Population","2011","Both sexes","77 years","Louth","Number","515"
"Population","2011","Both sexes","77 years","Limerick City and County","Number","891"
"Population","2011","Both sexes","77 years","Leitrim","Number","176"
"Population","2011","Both sexes","77 years","Laois","Number","317"
"Population","2011","Both sexes","77 years","Meath","Number","595"
"Population","2011","Both sexes","77 years","Monaghan","Number","265"
"Population","2011","Both sexes","77 years","Mayo","Number","798"
"Population","2011","Both sexes","77 years","Offaly","Number","370"
"Population","2011","Both sexes","77 years","Roscommon","Number","357"
"Population","2011","Both sexes","77 years","South Dublin","Number","866"
"Population","2011","Both sexes","77 years","Sligo","Number","339"
"Population","2011","Both sexes","77 years","Tipperary","Number","851"
"Population","2011","Both sexes","77 years","Waterford City and County","Number","600"
"Population","2011","Both sexes","77 years","Westmeath","Number","370"
"Population","2011","Both sexes","77 years","Wicklow","Number","502"
"Population","2011","Both sexes","77 years","Wexford","Number","711"
"Population","2011","Both sexes","78 years","State","Number","18862"
"Population","2011","Both sexes","78 years","Cork City and Cork County","Number","2203"
"Population","2011","Both sexes","78 years","Clare","Number","463"
"Population","2011","Both sexes","78 years","Cavan","Number","315"
"Population","2011","Both sexes","78 years","Carlow","Number","195"
"Population","2011","Both sexes","78 years","Dublin City","Number","2622"
"Population","2011","Both sexes","78 years","Donegal","Number","750"
"Population","2011","Both sexes","78 years","Dún Laoghaire-Rathdown","Number","1111"
"Population","2011","Both sexes","78 years","Fingal","Number","659"
"Population","2011","Both sexes","78 years","Galway City","Number","223"
"Population","2011","Both sexes","78 years","Galway County","Number","767"
"Population","2011","Both sexes","78 years","Kildare","Number","507"
"Population","2011","Both sexes","78 years","Kilkenny","Number","442"
"Population","2011","Both sexes","78 years","Kerry","Number","733"
"Population","2011","Both sexes","78 years","Longford","Number","177"
"Population","2011","Both sexes","78 years","Louth","Number","430"
"Population","2011","Both sexes","78 years","Limerick City and County","Number","800"
"Population","2011","Both sexes","78 years","Leitrim","Number","183"
"Population","2011","Both sexes","78 years","Laois","Number","289"
"Population","2011","Both sexes","78 years","Meath","Number","520"
"Population","2011","Both sexes","78 years","Monaghan","Number","323"
"Population","2011","Both sexes","78 years","Mayo","Number","702"
"Population","2011","Both sexes","78 years","Offaly","Number","310"
"Population","2011","Both sexes","78 years","Roscommon","Number","339"
"Population","2011","Both sexes","78 years","South Dublin","Number","718"
"Population","2011","Both sexes","78 years","Sligo","Number","314"
"Population","2011","Both sexes","78 years","Tipperary","Number","798"
"Population","2011","Both sexes","78 years","Waterford City and County","Number","532"
"Population","2011","Both sexes","78 years","Westmeath","Number","350"
"Population","2011","Both sexes","78 years","Wicklow","Number","472"
"Population","2011","Both sexes","78 years","Wexford","Number","615"
"Population","2011","Both sexes","79 years","State","Number","17701"
"Population","2011","Both sexes","79 years","Cork City and Cork County","Number","2133"
"Population","2011","Both sexes","79 years","Clare","Number","473"
"Population","2011","Both sexes","79 years","Cavan","Number","283"
"Population","2011","Both sexes","79 years","Carlow","Number","209"
"Population","2011","Both sexes","79 years","Dublin City","Number","2428"
"Population","2011","Both sexes","79 years","Donegal","Number","701"
"Population","2011","Both sexes","79 years","Dún Laoghaire-Rathdown","Number","1080"
"Population","2011","Both sexes","79 years","Fingal","Number","523"
"Population","2011","Both sexes","79 years","Galway City","Number","211"
"Population","2011","Both sexes","79 years","Galway County","Number","766"
"Population","2011","Both sexes","79 years","Kildare","Number","423"
"Population","2011","Both sexes","79 years","Kilkenny","Number","362"
"Population","2011","Both sexes","79 years","Kerry","Number","734"
"Population","2011","Both sexes","79 years","Longford","Number","153"
"Population","2011","Both sexes","79 years","Louth","Number","425"
"Population","2011","Both sexes","79 years","Limerick City and County","Number","742"
"Population","2011","Both sexes","79 years","Leitrim","Number","149"
"Population","2011","Both sexes","79 years","Laois","Number","268"
"Population","2011","Both sexes","79 years","Meath","Number","475"
"Population","2011","Both sexes","79 years","Monaghan","Number","246"
"Population","2011","Both sexes","79 years","Mayo","Number","675"
"Population","2011","Both sexes","79 years","Offaly","Number","278"
"Population","2011","Both sexes","79 years","Roscommon","Number","346"
"Population","2011","Both sexes","79 years","South Dublin","Number","720"
"Population","2011","Both sexes","79 years","Sligo","Number","317"
"Population","2011","Both sexes","79 years","Tipperary","Number","726"
"Population","2011","Both sexes","79 years","Waterford City and County","Number","507"
"Population","2011","Both sexes","79 years","Westmeath","Number","326"
"Population","2011","Both sexes","79 years","Wicklow","Number","453"
"Population","2011","Both sexes","79 years","Wexford","Number","569"
"Population","2011","Both sexes","80 years","State","Number","16954"
"Population","2011","Both sexes","80 years","Cork City and Cork County","Number","2003"
"Population","2011","Both sexes","80 years","Clare","Number","427"
"Population","2011","Both sexes","80 years","Cavan","Number","302"
"Population","2011","Both sexes","80 years","Carlow","Number","209"
"Population","2011","Both sexes","80 years","Dublin City","Number","2363"
"Population","2011","Both sexes","80 years","Donegal","Number","684"
"Population","2011","Both sexes","80 years","Dún Laoghaire-Rathdown","Number","962"
"Population","2011","Both sexes","80 years","Fingal","Number","483"
"Population","2011","Both sexes","80 years","Galway City","Number","232"
"Population","2011","Both sexes","80 years","Galway County","Number","709"
"Population","2011","Both sexes","80 years","Kildare","Number","428"
"Population","2011","Both sexes","80 years","Kilkenny","Number","368"
"Population","2011","Both sexes","80 years","Kerry","Number","678"
"Population","2011","Both sexes","80 years","Longford","Number","156"
"Population","2011","Both sexes","80 years","Louth","Number","398"
"Population","2011","Both sexes","80 years","Limerick City and County","Number","731"
"Population","2011","Both sexes","80 years","Leitrim","Number","179"
"Population","2011","Both sexes","80 years","Laois","Number","274"
"Population","2011","Both sexes","80 years","Meath","Number","480"
"Population","2011","Both sexes","80 years","Monaghan","Number","233"
"Population","2011","Both sexes","80 years","Mayo","Number","651"
"Population","2011","Both sexes","80 years","Offaly","Number","270"
"Population","2011","Both sexes","80 years","Roscommon","Number","311"
"Population","2011","Both sexes","80 years","South Dublin","Number","680"
"Population","2011","Both sexes","80 years","Sligo","Number","277"
"Population","2011","Both sexes","80 years","Tipperary","Number","727"
"Population","2011","Both sexes","80 years","Waterford City and County","Number","448"
"Population","2011","Both sexes","80 years","Westmeath","Number","305"
"Population","2011","Both sexes","80 years","Wicklow","Number","429"
"Population","2011","Both sexes","80 years","Wexford","Number","557"
"Population","2011","Both sexes","81 years","State","Number","15331"
"Population","2011","Both sexes","81 years","Cork City and Cork County","Number","1871"
"Population","2011","Both sexes","81 years","Clare","Number","411"
"Population","2011","Both sexes","81 years","Cavan","Number","263"
"Population","2011","Both sexes","81 years","Carlow","Number","196"
"Population","2011","Both sexes","81 years","Dublin City","Number","2211"
"Population","2011","Both sexes","81 years","Donegal","Number","564"
"Population","2011","Both sexes","81 years","Dún Laoghaire-Rathdown","Number","961"
"Population","2011","Both sexes","81 years","Fingal","Number","418"
"Population","2011","Both sexes","81 years","Galway City","Number","189"
"Population","2011","Both sexes","81 years","Galway County","Number","608"
"Population","2011","Both sexes","81 years","Kildare","Number","409"
"Population","2011","Both sexes","81 years","Kilkenny","Number","333"
"Population","2011","Both sexes","81 years","Kerry","Number","604"
"Population","2011","Both sexes","81 years","Longford","Number","122"
"Population","2011","Both sexes","81 years","Louth","Number","375"
"Population","2011","Both sexes","81 years","Limerick City and County","Number","638"
"Population","2011","Both sexes","81 years","Leitrim","Number","145"
"Population","2011","Both sexes","81 years","Laois","Number","224"
"Population","2011","Both sexes","81 years","Meath","Number","435"
"Population","2011","Both sexes","81 years","Monaghan","Number","223"
"Population","2011","Both sexes","81 years","Mayo","Number","525"
"Population","2011","Both sexes","81 years","Offaly","Number","255"
"Population","2011","Both sexes","81 years","Roscommon","Number","328"
"Population","2011","Both sexes","81 years","South Dublin","Number","539"
"Population","2011","Both sexes","81 years","Sligo","Number","247"
"Population","2011","Both sexes","81 years","Tipperary","Number","671"
"Population","2011","Both sexes","81 years","Waterford City and County","Number","424"
"Population","2011","Both sexes","81 years","Westmeath","Number","279"
"Population","2011","Both sexes","81 years","Wicklow","Number","394"
"Population","2011","Both sexes","81 years","Wexford","Number","469"
"Population","2011","Both sexes","82 years","State","Number","13893"
"Population","2011","Both sexes","82 years","Cork City and Cork County","Number","1637"
"Population","2011","Both sexes","82 years","Clare","Number","371"
"Population","2011","Both sexes","82 years","Cavan","Number","250"
"Population","2011","Both sexes","82 years","Carlow","Number","157"
"Population","2011","Both sexes","82 years","Dublin City","Number","1941"
"Population","2011","Both sexes","82 years","Donegal","Number","568"
"Population","2011","Both sexes","82 years","Dún Laoghaire-Rathdown","Number","831"
"Population","2011","Both sexes","82 years","Fingal","Number","398"
"Population","2011","Both sexes","82 years","Galway City","Number","186"
"Population","2011","Both sexes","82 years","Galway County","Number","549"
"Population","2011","Both sexes","82 years","Kildare","Number","367"
"Population","2011","Both sexes","82 years","Kilkenny","Number","286"
"Population","2011","Both sexes","82 years","Kerry","Number","563"
"Population","2011","Both sexes","82 years","Longford","Number","118"
"Population","2011","Both sexes","82 years","Louth","Number","342"
"Population","2011","Both sexes","82 years","Limerick City and County","Number","585"
"Population","2011","Both sexes","82 years","Leitrim","Number","131"
"Population","2011","Both sexes","82 years","Laois","Number","228"
"Population","2011","Both sexes","82 years","Meath","Number","354"
"Population","2011","Both sexes","82 years","Monaghan","Number","199"
"Population","2011","Both sexes","82 years","Mayo","Number","544"
"Population","2011","Both sexes","82 years","Offaly","Number","262"
"Population","2011","Both sexes","82 years","Roscommon","Number","308"
"Population","2011","Both sexes","82 years","South Dublin","Number","503"
"Population","2011","Both sexes","82 years","Sligo","Number","250"
"Population","2011","Both sexes","82 years","Tipperary","Number","538"
"Population","2011","Both sexes","82 years","Waterford City and County","Number","389"
"Population","2011","Both sexes","82 years","Westmeath","Number","282"
"Population","2011","Both sexes","82 years","Wicklow","Number","326"
"Population","2011","Both sexes","82 years","Wexford","Number","430"
"Population","2011","Both sexes","83 years","State","Number","12378"
"Population","2011","Both sexes","83 years","Cork City and Cork County","Number","1368"
"Population","2011","Both sexes","83 years","Clare","Number","314"
"Population","2011","Both sexes","83 years","Cavan","Number","232"
"Population","2011","Both sexes","83 years","Carlow","Number","136"
"Population","2011","Both sexes","83 years","Dublin City","Number","1780"
"Population","2011","Both sexes","83 years","Donegal","Number","494"
"Population","2011","Both sexes","83 years","Dún Laoghaire-Rathdown","Number","742"
"Population","2011","Both sexes","83 years","Fingal","Number","389"
"Population","2011","Both sexes","83 years","Galway City","Number","167"
"Population","2011","Both sexes","83 years","Galway County","Number","540"
"Population","2011","Both sexes","83 years","Kildare","Number","334"
"Population","2011","Both sexes","83 years","Kilkenny","Number","275"
"Population","2011","Both sexes","83 years","Kerry","Number","473"
"Population","2011","Both sexes","83 years","Longford","Number","110"
"Population","2011","Both sexes","83 years","Louth","Number","290"
"Population","2011","Both sexes","83 years","Limerick City and County","Number","501"
"Population","2011","Both sexes","83 years","Leitrim","Number","105"
"Population","2011","Both sexes","83 years","Laois","Number","204"
"Population","2011","Both sexes","83 years","Meath","Number","336"
"Population","2011","Both sexes","83 years","Monaghan","Number","168"
"Population","2011","Both sexes","83 years","Mayo","Number","500"
"Population","2011","Both sexes","83 years","Offaly","Number","196"
"Population","2011","Both sexes","83 years","Roscommon","Number","244"
"Population","2011","Both sexes","83 years","South Dublin","Number","468"
"Population","2011","Both sexes","83 years","Sligo","Number","262"
"Population","2011","Both sexes","83 years","Tipperary","Number","518"
"Population","2011","Both sexes","83 years","Waterford City and County","Number","314"
"Population","2011","Both sexes","83 years","Westmeath","Number","220"
"Population","2011","Both sexes","83 years","Wicklow","Number","301"
"Population","2011","Both sexes","83 years","Wexford","Number","397"
"Population","2011","Both sexes","84 years","State","Number","11557"
"Population","2011","Both sexes","84 years","Cork City and Cork County","Number","1356"
"Population","2011","Both sexes","84 years","Clare","Number","327"
"Population","2011","Both sexes","84 years","Cavan","Number","196"
"Population","2011","Both sexes","84 years","Carlow","Number","120"
"Population","2011","Both sexes","84 years","Dublin City","Number","1617"
"Population","2011","Both sexes","84 years","Donegal","Number","461"
"Population","2011","Both sexes","84 years","Dún Laoghaire-Rathdown","Number","658"
"Population","2011","Both sexes","84 years","Fingal","Number","327"
"Population","2011","Both sexes","84 years","Galway City","Number","144"
"Population","2011","Both sexes","84 years","Galway County","Number","526"
"Population","2011","Both sexes","84 years","Kildare","Number","332"
"Population","2011","Both sexes","84 years","Kilkenny","Number","256"
"Population","2011","Both sexes","84 years","Kerry","Number","441"
"Population","2011","Both sexes","84 years","Longford","Number","122"
"Population","2011","Both sexes","84 years","Louth","Number","297"
"Population","2011","Both sexes","84 years","Limerick City and County","Number","477"
"Population","2011","Both sexes","84 years","Leitrim","Number","124"
"Population","2011","Both sexes","84 years","Laois","Number","179"
"Population","2011","Both sexes","84 years","Meath","Number","326"
"Population","2011","Both sexes","84 years","Monaghan","Number","170"
"Population","2011","Both sexes","84 years","Mayo","Number","430"
"Population","2011","Both sexes","84 years","Offaly","Number","200"
"Population","2011","Both sexes","84 years","Roscommon","Number","229"
"Population","2011","Both sexes","84 years","South Dublin","Number","419"
"Population","2011","Both sexes","84 years","Sligo","Number","198"
"Population","2011","Both sexes","84 years","Tipperary","Number","503"
"Population","2011","Both sexes","84 years","Waterford City and County","Number","280"
"Population","2011","Both sexes","84 years","Westmeath","Number","224"
"Population","2011","Both sexes","84 years","Wicklow","Number","281"
"Population","2011","Both sexes","84 years","Wexford","Number","337"
"Population","2011","Both sexes","85 years","State","Number","10247"
"Population","2011","Both sexes","85 years","Cork City and Cork County","Number","1140"
"Population","2011","Both sexes","85 years","Clare","Number","249"
"Population","2011","Both sexes","85 years","Cavan","Number","192"
"Population","2011","Both sexes","85 years","Carlow","Number","103"
"Population","2011","Both sexes","85 years","Dublin City","Number","1456"
"Population","2011","Both sexes","85 years","Donegal","Number","419"
"Population","2011","Both sexes","85 years","Dún Laoghaire-Rathdown","Number","564"
"Population","2011","Both sexes","85 years","Fingal","Number","320"
"Population","2011","Both sexes","85 years","Galway City","Number","138"
"Population","2011","Both sexes","85 years","Galway County","Number","424"
"Population","2011","Both sexes","85 years","Kildare","Number","280"
"Population","2011","Both sexes","85 years","Kilkenny","Number","250"
"Population","2011","Both sexes","85 years","Kerry","Number","429"
"Population","2011","Both sexes","85 years","Longford","Number","95"
"Population","2011","Both sexes","85 years","Louth","Number","244"
"Population","2011","Both sexes","85 years","Limerick City and County","Number","422"
"Population","2011","Both sexes","85 years","Leitrim","Number","95"
"Population","2011","Both sexes","85 years","Laois","Number","155"
"Population","2011","Both sexes","85 years","Meath","Number","277"
"Population","2011","Both sexes","85 years","Monaghan","Number","148"
"Population","2011","Both sexes","85 years","Mayo","Number","404"
"Population","2011","Both sexes","85 years","Offaly","Number","181"
"Population","2011","Both sexes","85 years","Roscommon","Number","188"
"Population","2011","Both sexes","85 years","South Dublin","Number","332"
"Population","2011","Both sexes","85 years","Sligo","Number","205"
"Population","2011","Both sexes","85 years","Tipperary","Number","429"
"Population","2011","Both sexes","85 years","Waterford City and County","Number","278"
"Population","2011","Both sexes","85 years","Westmeath","Number","219"
"Population","2011","Both sexes","85 years","Wicklow","Number","288"
"Population","2011","Both sexes","85 years","Wexford","Number","323"
"Population","2011","Both sexes","86 years","State","Number","9249"
"Population","2011","Both sexes","86 years","Cork City and Cork County","Number","1067"
"Population","2011","Both sexes","86 years","Clare","Number","263"
"Population","2011","Both sexes","86 years","Cavan","Number","174"
"Population","2011","Both sexes","86 years","Carlow","Number","105"
"Population","2011","Both sexes","86 years","Dublin City","Number","1282"
"Population","2011","Both sexes","86 years","Donegal","Number","354"
"Population","2011","Both sexes","86 years","Dún Laoghaire-Rathdown","Number","477"
"Population","2011","Both sexes","86 years","Fingal","Number","267"
"Population","2011","Both sexes","86 years","Galway City","Number","102"
"Population","2011","Both sexes","86 years","Galway County","Number","415"
"Population","2011","Both sexes","86 years","Kildare","Number","262"
"Population","2011","Both sexes","86 years","Kilkenny","Number","188"
"Population","2011","Both sexes","86 years","Kerry","Number","376"
"Population","2011","Both sexes","86 years","Longford","Number","85"
"Population","2011","Both sexes","86 years","Louth","Number","232"
"Population","2011","Both sexes","86 years","Limerick City and County","Number","396"
"Population","2011","Both sexes","86 years","Leitrim","Number","96"
"Population","2011","Both sexes","86 years","Laois","Number","147"
"Population","2011","Both sexes","86 years","Meath","Number","248"
"Population","2011","Both sexes","86 years","Monaghan","Number","171"
"Population","2011","Both sexes","86 years","Mayo","Number","389"
"Population","2011","Both sexes","86 years","Offaly","Number","155"
"Population","2011","Both sexes","86 years","Roscommon","Number","197"
"Population","2011","Both sexes","86 years","South Dublin","Number","291"
"Population","2011","Both sexes","86 years","Sligo","Number","186"
"Population","2011","Both sexes","86 years","Tipperary","Number","367"
"Population","2011","Both sexes","86 years","Waterford City and County","Number","239"
"Population","2011","Both sexes","86 years","Westmeath","Number","185"
"Population","2011","Both sexes","86 years","Wicklow","Number","234"
"Population","2011","Both sexes","86 years","Wexford","Number","299"
"Population","2011","Both sexes","87 years","State","Number","7975"
"Population","2011","Both sexes","87 years","Cork City and Cork County","Number","952"
"Population","2011","Both sexes","87 years","Clare","Number","197"
"Population","2011","Both sexes","87 years","Cavan","Number","154"
"Population","2011","Both sexes","87 years","Carlow","Number","79"
"Population","2011","Both sexes","87 years","Dublin City","Number","1069"
"Population","2011","Both sexes","87 years","Donegal","Number","351"
"Population","2011","Both sexes","87 years","Dún Laoghaire-Rathdown","Number","460"
"Population","2011","Both sexes","87 years","Fingal","Number","208"
"Population","2011","Both sexes","87 years","Galway City","Number","91"
"Population","2011","Both sexes","87 years","Galway County","Number","357"
"Population","2011","Both sexes","87 years","Kildare","Number","216"
"Population","2011","Both sexes","87 years","Kilkenny","Number","165"
"Population","2011","Both sexes","87 years","Kerry","Number","300"
"Population","2011","Both sexes","87 years","Longford","Number","82"
"Population","2011","Both sexes","87 years","Louth","Number","207"
"Population","2011","Both sexes","87 years","Limerick City and County","Number","355"
"Population","2011","Both sexes","87 years","Leitrim","Number","87"
"Population","2011","Both sexes","87 years","Laois","Number","107"
"Population","2011","Both sexes","87 years","Meath","Number","205"
"Population","2011","Both sexes","87 years","Monaghan","Number","109"
"Population","2011","Both sexes","87 years","Mayo","Number","333"
"Population","2011","Both sexes","87 years","Offaly","Number","129"
"Population","2011","Both sexes","87 years","Roscommon","Number","155"
"Population","2011","Both sexes","87 years","South Dublin","Number","252"
"Population","2011","Both sexes","87 years","Sligo","Number","156"
"Population","2011","Both sexes","87 years","Tipperary","Number","363"
"Population","2011","Both sexes","87 years","Waterford City and County","Number","257"
"Population","2011","Both sexes","87 years","Westmeath","Number","156"
"Population","2011","Both sexes","87 years","Wicklow","Number","188"
"Population","2011","Both sexes","87 years","Wexford","Number","235"
"Population","2011","Both sexes","88 years","State","Number","6854"
"Population","2011","Both sexes","88 years","Cork City and Cork County","Number","816"
"Population","2011","Both sexes","88 years","Clare","Number","177"
"Population","2011","Both sexes","88 years","Cavan","Number","133"
"Population","2011","Both sexes","88 years","Carlow","Number","80"
"Population","2011","Both sexes","88 years","Dublin City","Number","959"
"Population","2011","Both sexes","88 years","Donegal","Number","273"
"Population","2011","Both sexes","88 years","Dún Laoghaire-Rathdown","Number","405"
"Population","2011","Both sexes","88 years","Fingal","Number","214"
"Population","2011","Both sexes","88 years","Galway City","Number","84"
"Population","2011","Both sexes","88 years","Galway County","Number","323"
"Population","2011","Both sexes","88 years","Kildare","Number","192"
"Population","2011","Both sexes","88 years","Kilkenny","Number","160"
"Population","2011","Both sexes","88 years","Kerry","Number","246"
"Population","2011","Both sexes","88 years","Longford","Number","54"
"Population","2011","Both sexes","88 years","Louth","Number","165"
"Population","2011","Both sexes","88 years","Limerick City and County","Number","292"
"Population","2011","Both sexes","88 years","Leitrim","Number","70"
"Population","2011","Both sexes","88 years","Laois","Number","98"
"Population","2011","Both sexes","88 years","Meath","Number","195"
"Population","2011","Both sexes","88 years","Monaghan","Number","111"
"Population","2011","Both sexes","88 years","Mayo","Number","303"
"Population","2011","Both sexes","88 years","Offaly","Number","124"
"Population","2011","Both sexes","88 years","Roscommon","Number","134"
"Population","2011","Both sexes","88 years","South Dublin","Number","172"
"Population","2011","Both sexes","88 years","Sligo","Number","139"
"Population","2011","Both sexes","88 years","Tipperary","Number","266"
"Population","2011","Both sexes","88 years","Waterford City and County","Number","193"
"Population","2011","Both sexes","88 years","Westmeath","Number","119"
"Population","2011","Both sexes","88 years","Wicklow","Number","152"
"Population","2011","Both sexes","88 years","Wexford","Number","205"
"Population","2011","Both sexes","89 years","State","Number","5562"
"Population","2011","Both sexes","89 years","Cork City and Cork County","Number","616"
"Population","2011","Both sexes","89 years","Clare","Number","154"
"Population","2011","Both sexes","89 years","Cavan","Number","108"
"Population","2011","Both sexes","89 years","Carlow","Number","68"
"Population","2011","Both sexes","89 years","Dublin City","Number","721"
"Population","2011","Both sexes","89 years","Donegal","Number","257"
"Population","2011","Both sexes","89 years","Dún Laoghaire-Rathdown","Number","370"
"Population","2011","Both sexes","89 years","Fingal","Number","160"
"Population","2011","Both sexes","89 years","Galway City","Number","55"
"Population","2011","Both sexes","89 years","Galway County","Number","258"
"Population","2011","Both sexes","89 years","Kildare","Number","164"
"Population","2011","Both sexes","89 years","Kilkenny","Number","148"
"Population","2011","Both sexes","89 years","Kerry","Number","226"
"Population","2011","Both sexes","89 years","Longford","Number","42"
"Population","2011","Both sexes","89 years","Louth","Number","131"
"Population","2011","Both sexes","89 years","Limerick City and County","Number","207"
"Population","2011","Both sexes","89 years","Leitrim","Number","50"
"Population","2011","Both sexes","89 years","Laois","Number","78"
"Population","2011","Both sexes","89 years","Meath","Number","177"
"Population","2011","Both sexes","89 years","Monaghan","Number","87"
"Population","2011","Both sexes","89 years","Mayo","Number","246"
"Population","2011","Both sexes","89 years","Offaly","Number","87"
"Population","2011","Both sexes","89 years","Roscommon","Number","102"
"Population","2011","Both sexes","89 years","South Dublin","Number","161"
"Population","2011","Both sexes","89 years","Sligo","Number","109"
"Population","2011","Both sexes","89 years","Tipperary","Number","213"
"Population","2011","Both sexes","89 years","Waterford City and County","Number","149"
"Population","2011","Both sexes","89 years","Westmeath","Number","106"
"Population","2011","Both sexes","89 years","Wicklow","Number","153"
"Population","2011","Both sexes","89 years","Wexford","Number","159"
"Population","2011","Both sexes","90 years","State","Number","4718"
"Population","2011","Both sexes","90 years","Cork City and Cork County","Number","520"
"Population","2011","Both sexes","90 years","Clare","Number","133"
"Population","2011","Both sexes","90 years","Cavan","Number","95"
"Population","2011","Both sexes","90 years","Carlow","Number","60"
"Population","2011","Both sexes","90 years","Dublin City","Number","628"
"Population","2011","Both sexes","90 years","Donegal","Number","210"
"Population","2011","Both sexes","90 years","Dún Laoghaire-Rathdown","Number","266"
"Population","2011","Both sexes","90 years","Fingal","Number","138"
"Population","2011","Both sexes","90 years","Galway City","Number","65"
"Population","2011","Both sexes","90 years","Galway County","Number","240"
"Population","2011","Both sexes","90 years","Kildare","Number","157"
"Population","2011","Both sexes","90 years","Kilkenny","Number","120"
"Population","2011","Both sexes","90 years","Kerry","Number","200"
"Population","2011","Both sexes","90 years","Longford","Number","49"
"Population","2011","Both sexes","90 years","Louth","Number","132"
"Population","2011","Both sexes","90 years","Limerick City and County","Number","176"
"Population","2011","Both sexes","90 years","Leitrim","Number","50"
"Population","2011","Both sexes","90 years","Laois","Number","55"
"Population","2011","Both sexes","90 years","Meath","Number","116"
"Population","2011","Both sexes","90 years","Monaghan","Number","71"
"Population","2011","Both sexes","90 years","Mayo","Number","184"
"Population","2011","Both sexes","90 years","Offaly","Number","70"
"Population","2011","Both sexes","90 years","Roscommon","Number","109"
"Population","2011","Both sexes","90 years","South Dublin","Number","126"
"Population","2011","Both sexes","90 years","Sligo","Number","85"
"Population","2011","Both sexes","90 years","Tipperary","Number","193"
"Population","2011","Both sexes","90 years","Waterford City and County","Number","100"
"Population","2011","Both sexes","90 years","Westmeath","Number","94"
"Population","2011","Both sexes","90 years","Wicklow","Number","125"
"Population","2011","Both sexes","90 years","Wexford","Number","151"
"Population","2011","Both sexes","91 years","State","Number","3859"
"Population","2011","Both sexes","91 years","Cork City and Cork County","Number","433"
"Population","2011","Both sexes","91 years","Clare","Number","121"
"Population","2011","Both sexes","91 years","Cavan","Number","90"
"Population","2011","Both sexes","91 years","Carlow","Number","44"
"Population","2011","Both sexes","91 years","Dublin City","Number","486"
"Population","2011","Both sexes","91 years","Donegal","Number","165"
"Population","2011","Both sexes","91 years","Dún Laoghaire-Rathdown","Number","250"
"Population","2011","Both sexes","91 years","Fingal","Number","111"
"Population","2011","Both sexes","91 years","Galway City","Number","62"
"Population","2011","Both sexes","91 years","Galway County","Number","178"
"Population","2011","Both sexes","91 years","Kildare","Number","116"
"Population","2011","Both sexes","91 years","Kilkenny","Number","98"
"Population","2011","Both sexes","91 years","Kerry","Number","146"
"Population","2011","Both sexes","91 years","Longford","Number","38"
"Population","2011","Both sexes","91 years","Louth","Number","86"
"Population","2011","Both sexes","91 years","Limerick City and County","Number","158"
"Population","2011","Both sexes","91 years","Leitrim","Number","43"
"Population","2011","Both sexes","91 years","Laois","Number","60"
"Population","2011","Both sexes","91 years","Meath","Number","94"
"Population","2011","Both sexes","91 years","Monaghan","Number","49"
"Population","2011","Both sexes","91 years","Mayo","Number","155"
"Population","2011","Both sexes","91 years","Offaly","Number","74"
"Population","2011","Both sexes","91 years","Roscommon","Number","73"
"Population","2011","Both sexes","91 years","South Dublin","Number","123"
"Population","2011","Both sexes","91 years","Sligo","Number","75"
"Population","2011","Both sexes","91 years","Tipperary","Number","161"
"Population","2011","Both sexes","91 years","Waterford City and County","Number","99"
"Population","2011","Both sexes","91 years","Westmeath","Number","65"
"Population","2011","Both sexes","91 years","Wicklow","Number","100"
"Population","2011","Both sexes","91 years","Wexford","Number","106"
"Population","2011","Both sexes","92 years","State","Number","2763"
"Population","2011","Both sexes","92 years","Cork City and Cork County","Number","303"
"Population","2011","Both sexes","92 years","Clare","Number","77"
"Population","2011","Both sexes","92 years","Cavan","Number","56"
"Population","2011","Both sexes","92 years","Carlow","Number","35"
"Population","2011","Both sexes","92 years","Dublin City","Number","368"
"Population","2011","Both sexes","92 years","Donegal","Number","114"
"Population","2011","Both sexes","92 years","Dún Laoghaire-Rathdown","Number","169"
"Population","2011","Both sexes","92 years","Fingal","Number","78"
"Population","2011","Both sexes","92 years","Galway City","Number","42"
"Population","2011","Both sexes","92 years","Galway County","Number","145"
"Population","2011","Both sexes","92 years","Kildare","Number","65"
"Population","2011","Both sexes","92 years","Kilkenny","Number","60"
"Population","2011","Both sexes","92 years","Kerry","Number","90"
"Population","2011","Both sexes","92 years","Longford","Number","22"
"Population","2011","Both sexes","92 years","Louth","Number","82"
"Population","2011","Both sexes","92 years","Limerick City and County","Number","119"
"Population","2011","Both sexes","92 years","Leitrim","Number","20"
"Population","2011","Both sexes","92 years","Laois","Number","41"
"Population","2011","Both sexes","92 years","Meath","Number","78"
"Population","2011","Both sexes","92 years","Monaghan","Number","42"
"Population","2011","Both sexes","92 years","Mayo","Number","111"
"Population","2011","Both sexes","92 years","Offaly","Number","42"
"Population","2011","Both sexes","92 years","Roscommon","Number","45"
"Population","2011","Both sexes","92 years","South Dublin","Number","71"
"Population","2011","Both sexes","92 years","Sligo","Number","58"
"Population","2011","Both sexes","92 years","Tipperary","Number","119"
"Population","2011","Both sexes","92 years","Waterford City and County","Number","69"
"Population","2011","Both sexes","92 years","Westmeath","Number","73"
"Population","2011","Both sexes","92 years","Wicklow","Number","86"
"Population","2011","Both sexes","92 years","Wexford","Number","83"
"Population","2011","Both sexes","93 years","State","Number","1927"
"Population","2011","Both sexes","93 years","Cork City and Cork County","Number","205"
"Population","2011","Both sexes","93 years","Clare","Number","52"
"Population","2011","Both sexes","93 years","Cavan","Number","44"
"Population","2011","Both sexes","93 years","Carlow","Number","29"
"Population","2011","Both sexes","93 years","Dublin City","Number","253"
"Population","2011","Both sexes","93 years","Donegal","Number","112"
"Population","2011","Both sexes","93 years","Dún Laoghaire-Rathdown","Number","120"
"Population","2011","Both sexes","93 years","Fingal","Number","57"
"Population","2011","Both sexes","93 years","Galway City","Number","17"
"Population","2011","Both sexes","93 years","Galway County","Number","97"
"Population","2011","Both sexes","93 years","Kildare","Number","59"
"Population","2011","Both sexes","93 years","Kilkenny","Number","47"
"Population","2011","Both sexes","93 years","Kerry","Number","83"
"Population","2011","Both sexes","93 years","Longford","Number","20"
"Population","2011","Both sexes","93 years","Louth","Number","52"
"Population","2011","Both sexes","93 years","Limerick City and County","Number","70"
"Population","2011","Both sexes","93 years","Leitrim","Number","18"
"Population","2011","Both sexes","93 years","Laois","Number","20"
"Population","2011","Both sexes","93 years","Meath","Number","48"
"Population","2011","Both sexes","93 years","Monaghan","Number","34"
"Population","2011","Both sexes","93 years","Mayo","Number","72"
"Population","2011","Both sexes","93 years","Offaly","Number","26"
"Population","2011","Both sexes","93 years","Roscommon","Number","45"
"Population","2011","Both sexes","93 years","South Dublin","Number","52"
"Population","2011","Both sexes","93 years","Sligo","Number","41"
"Population","2011","Both sexes","93 years","Tipperary","Number","75"
"Population","2011","Both sexes","93 years","Waterford City and County","Number","47"
"Population","2011","Both sexes","93 years","Westmeath","Number","32"
"Population","2011","Both sexes","93 years","Wicklow","Number","45"
"Population","2011","Both sexes","93 years","Wexford","Number","55"
"Population","2011","Both sexes","94 years","State","Number","1610"
"Population","2011","Both sexes","94 years","Cork City and Cork County","Number","193"
"Population","2011","Both sexes","94 years","Clare","Number","47"
"Population","2011","Both sexes","94 years","Cavan","Number","38"
"Population","2011","Both sexes","94 years","Carlow","Number","10"
"Population","2011","Both sexes","94 years","Dublin City","Number","185"
"Population","2011","Both sexes","94 years","Donegal","Number","84"
"Population","2011","Both sexes","94 years","Dún Laoghaire-Rathdown","Number","95"
"Population","2011","Both sexes","94 years","Fingal","Number","40"
"Population","2011","Both sexes","94 years","Galway City","Number","17"
"Population","2011","Both sexes","94 years","Galway County","Number","87"
"Population","2011","Both sexes","94 years","Kildare","Number","62"
"Population","2011","Both sexes","94 years","Kilkenny","Number","38"
"Population","2011","Both sexes","94 years","Kerry","Number","66"
"Population","2011","Both sexes","94 years","Longford","Number","14"
"Population","2011","Both sexes","94 years","Louth","Number","33"
"Population","2011","Both sexes","94 years","Limerick City and County","Number","59"
"Population","2011","Both sexes","94 years","Leitrim","Number","19"
"Population","2011","Both sexes","94 years","Laois","Number","22"
"Population","2011","Both sexes","94 years","Meath","Number","52"
"Population","2011","Both sexes","94 years","Monaghan","Number","32"
"Population","2011","Both sexes","94 years","Mayo","Number","97"
"Population","2011","Both sexes","94 years","Offaly","Number","20"
"Population","2011","Both sexes","94 years","Roscommon","Number","33"
"Population","2011","Both sexes","94 years","South Dublin","Number","38"
"Population","2011","Both sexes","94 years","Sligo","Number","35"
"Population","2011","Both sexes","94 years","Tipperary","Number","45"
"Population","2011","Both sexes","94 years","Waterford City and County","Number","31"
"Population","2011","Both sexes","94 years","Westmeath","Number","34"
"Population","2011","Both sexes","94 years","Wicklow","Number","38"
"Population","2011","Both sexes","94 years","Wexford","Number","46"
"Population","2011","Both sexes","95 years","State","Number","1166"
"Population","2011","Both sexes","95 years","Cork City and Cork County","Number","138"
"Population","2011","Both sexes","95 years","Clare","Number","33"
"Population","2011","Both sexes","95 years","Cavan","Number","19"
"Population","2011","Both sexes","95 years","Carlow","Number","14"
"Population","2011","Both sexes","95 years","Dublin City","Number","155"
"Population","2011","Both sexes","95 years","Donegal","Number","49"
"Population","2011","Both sexes","95 years","Dún Laoghaire-Rathdown","Number","70"
"Population","2011","Both sexes","95 years","Fingal","Number","20"
"Population","2011","Both sexes","95 years","Galway City","Number","11"
"Population","2011","Both sexes","95 years","Galway County","Number","69"
"Population","2011","Both sexes","95 years","Kildare","Number","37"
"Population","2011","Both sexes","95 years","Kilkenny","Number","23"
"Population","2011","Both sexes","95 years","Kerry","Number","42"
"Population","2011","Both sexes","95 years","Longford","Number","9"
"Population","2011","Both sexes","95 years","Louth","Number","28"
"Population","2011","Both sexes","95 years","Limerick City and County","Number","41"
"Population","2011","Both sexes","95 years","Leitrim","Number","13"
"Population","2011","Both sexes","95 years","Laois","Number","16"
"Population","2011","Both sexes","95 years","Meath","Number","33"
"Population","2011","Both sexes","95 years","Monaghan","Number","25"
"Population","2011","Both sexes","95 years","Mayo","Number","52"
"Population","2011","Both sexes","95 years","Offaly","Number","19"
"Population","2011","Both sexes","95 years","Roscommon","Number","30"
"Population","2011","Both sexes","95 years","South Dublin","Number","37"
"Population","2011","Both sexes","95 years","Sligo","Number","24"
"Population","2011","Both sexes","95 years","Tipperary","Number","34"
"Population","2011","Both sexes","95 years","Waterford City and County","Number","22"
"Population","2011","Both sexes","95 years","Westmeath","Number","28"
"Population","2011","Both sexes","95 years","Wicklow","Number","39"
"Population","2011","Both sexes","95 years","Wexford","Number","36"
"Population","2011","Both sexes","96 years","State","Number","810"
"Population","2011","Both sexes","96 years","Cork City and Cork County","Number","99"
"Population","2011","Both sexes","96 years","Clare","Number","19"
"Population","2011","Both sexes","96 years","Cavan","Number","13"
"Population","2011","Both sexes","96 years","Carlow","Number","6"
"Population","2011","Both sexes","96 years","Dublin City","Number","113"
"Population","2011","Both sexes","96 years","Donegal","Number","34"
"Population","2011","Both sexes","96 years","Dún Laoghaire-Rathdown","Number","44"
"Population","2011","Both sexes","96 years","Fingal","Number","20"
"Population","2011","Both sexes","96 years","Galway City","Number","10"
"Population","2011","Both sexes","96 years","Galway County","Number","46"
"Population","2011","Both sexes","96 years","Kildare","Number","26"
"Population","2011","Both sexes","96 years","Kilkenny","Number","18"
"Population","2011","Both sexes","96 years","Kerry","Number","33"
"Population","2011","Both sexes","96 years","Longford","Number","10"
"Population","2011","Both sexes","96 years","Louth","Number","24"
"Population","2011","Both sexes","96 years","Limerick City and County","Number","35"
"Population","2011","Both sexes","96 years","Leitrim","Number","6"
"Population","2011","Both sexes","96 years","Laois","Number","11"
"Population","2011","Both sexes","96 years","Meath","Number","24"
"Population","2011","Both sexes","96 years","Monaghan","Number","16"
"Population","2011","Both sexes","96 years","Mayo","Number","37"
"Population","2011","Both sexes","96 years","Offaly","Number","13"
"Population","2011","Both sexes","96 years","Roscommon","Number","12"
"Population","2011","Both sexes","96 years","South Dublin","Number","16"
"Population","2011","Both sexes","96 years","Sligo","Number","17"
"Population","2011","Both sexes","96 years","Tipperary","Number","31"
"Population","2011","Both sexes","96 years","Waterford City and County","Number","20"
"Population","2011","Both sexes","96 years","Westmeath","Number","18"
"Population","2011","Both sexes","96 years","Wicklow","Number","18"
"Population","2011","Both sexes","96 years","Wexford","Number","21"
"Population","2011","Both sexes","97 years","State","Number","638"
"Population","2011","Both sexes","97 years","Cork City and Cork County","Number","71"
"Population","2011","Both sexes","97 years","Clare","Number","20"
"Population","2011","Both sexes","97 years","Cavan","Number","14"
"Population","2011","Both sexes","97 years","Carlow","Number","3"
"Population","2011","Both sexes","97 years","Dublin City","Number","76"
"Population","2011","Both sexes","97 years","Donegal","Number","31"
"Population","2011","Both sexes","97 years","Dún Laoghaire-Rathdown","Number","42"
"Population","2011","Both sexes","97 years","Fingal","Number","18"
"Population","2011","Both sexes","97 years","Galway City","Number","10"
"Population","2011","Both sexes","97 years","Galway County","Number","39"
"Population","2011","Both sexes","97 years","Kildare","Number","27"
"Population","2011","Both sexes","97 years","Kilkenny","Number","16"
"Population","2011","Both sexes","97 years","Kerry","Number","14"
"Population","2011","Both sexes","97 years","Longford","Number","7"
"Population","2011","Both sexes","97 years","Louth","Number","17"
"Population","2011","Both sexes","97 years","Limerick City and County","Number","24"
"Population","2011","Both sexes","97 years","Leitrim","Number","6"
"Population","2011","Both sexes","97 years","Laois","Number","5"
"Population","2011","Both sexes","97 years","Meath","Number","22"
"Population","2011","Both sexes","97 years","Monaghan","Number","9"
"Population","2011","Both sexes","97 years","Mayo","Number","41"
"Population","2011","Both sexes","97 years","Offaly","Number","10"
"Population","2011","Both sexes","97 years","Roscommon","Number","13"
"Population","2011","Both sexes","97 years","South Dublin","Number","16"
"Population","2011","Both sexes","97 years","Sligo","Number","13"
"Population","2011","Both sexes","97 years","Tipperary","Number","27"
"Population","2011","Both sexes","97 years","Waterford City and County","Number","18"
"Population","2011","Both sexes","97 years","Westmeath","Number","7"
"Population","2011","Both sexes","97 years","Wicklow","Number","13"
"Population","2011","Both sexes","97 years","Wexford","Number","9"
"Population","2011","Both sexes","98 years","State","Number","381"
"Population","2011","Both sexes","98 years","Cork City and Cork County","Number","50"
"Population","2011","Both sexes","98 years","Clare","Number","8"
"Population","2011","Both sexes","98 years","Cavan","Number","7"
"Population","2011","Both sexes","98 years","Carlow","Number","3"
"Population","2011","Both sexes","98 years","Dublin City","Number","50"
"Population","2011","Both sexes","98 years","Donegal","Number","19"
"Population","2011","Both sexes","98 years","Dún Laoghaire-Rathdown","Number","29"
"Population","2011","Both sexes","98 years","Fingal","Number","3"
"Population","2011","Both sexes","98 years","Galway City","Number","7"
"Population","2011","Both sexes","98 years","Galway County","Number","14"
"Population","2011","Both sexes","98 years","Kildare","Number","9"
"Population","2011","Both sexes","98 years","Kilkenny","Number","6"
"Population","2011","Both sexes","98 years","Kerry","Number","19"
"Population","2011","Both sexes","98 years","Longford","Number","4"
"Population","2011","Both sexes","98 years","Louth","Number","4"
"Population","2011","Both sexes","98 years","Limerick City and County","Number","13"
"Population","2011","Both sexes","98 years","Leitrim","Number","3"
"Population","2011","Both sexes","98 years","Laois","Number","4"
"Population","2011","Both sexes","98 years","Meath","Number","12"
"Population","2011","Both sexes","98 years","Monaghan","Number","9"
"Population","2011","Both sexes","98 years","Mayo","Number","24"
"Population","2011","Both sexes","98 years","Offaly","Number","6"
"Population","2011","Both sexes","98 years","Roscommon","Number","8"
"Population","2011","Both sexes","98 years","South Dublin","Number","11"
"Population","2011","Both sexes","98 years","Sligo","Number","12"
"Population","2011","Both sexes","98 years","Tipperary","Number","9"
"Population","2011","Both sexes","98 years","Waterford City and County","Number","8"
"Population","2011","Both sexes","98 years","Westmeath","Number","7"
"Population","2011","Both sexes","98 years","Wicklow","Number","11"
"Population","2011","Both sexes","98 years","Wexford","Number","12"
"Population","2011","Both sexes","99 years","State","Number","268"
"Population","2011","Both sexes","99 years","Cork City and Cork County","Number","30"
"Population","2011","Both sexes","99 years","Clare","Number","9"
"Population","2011","Both sexes","99 years","Cavan","Number","3"
"Population","2011","Both sexes","99 years","Carlow","Number","4"
"Population","2011","Both sexes","99 years","Dublin City","Number","41"
"Population","2011","Both sexes","99 years","Donegal","Number","10"
"Population","2011","Both sexes","99 years","Dún Laoghaire-Rathdown","Number","22"
"Population","2011","Both sexes","99 years","Fingal","Number","5"
"Population","2011","Both sexes","99 years","Galway City","Number","6"
"Population","2011","Both sexes","99 years","Galway County","Number","8"
"Population","2011","Both sexes","99 years","Kildare","Number","5"
"Population","2011","Both sexes","99 years","Kilkenny","Number","6"
"Population","2011","Both sexes","99 years","Kerry","Number","12"
"Population","2011","Both sexes","99 years","Longford","Number","2"
"Population","2011","Both sexes","99 years","Louth","Number","6"
"Population","2011","Both sexes","99 years","Limerick City and County","Number","13"
"Population","2011","Both sexes","99 years","Leitrim","Number","3"
"Population","2011","Both sexes","99 years","Laois","Number","5"
"Population","2011","Both sexes","99 years","Meath","Number","6"
"Population","2011","Both sexes","99 years","Monaghan","Number","5"
"Population","2011","Both sexes","99 years","Mayo","Number","13"
"Population","2011","Both sexes","99 years","Offaly","Number","2"
"Population","2011","Both sexes","99 years","Roscommon","Number","7"
"Population","2011","Both sexes","99 years","South Dublin","Number","7"
"Population","2011","Both sexes","99 years","Sligo","Number","4"
"Population","2011","Both sexes","99 years","Tipperary","Number","5"
"Population","2011","Both sexes","99 years","Waterford City and County","Number","10"
"Population","2011","Both sexes","99 years","Westmeath","Number","7"
"Population","2011","Both sexes","99 years","Wicklow","Number","7"
"Population","2011","Both sexes","99 years","Wexford","Number","5"
"Population","2011","Both sexes","100 years and over","State","Number","389"
"Population","2011","Both sexes","100 years and over","Cork City and Cork County","Number","36"
"Population","2011","Both sexes","100 years and over","Clare","Number","22"
"Population","2011","Both sexes","100 years and over","Cavan","Number","4"
"Population","2011","Both sexes","100 years and over","Carlow","Number","3"
"Population","2011","Both sexes","100 years and over","Dublin City","Number","51"
"Population","2011","Both sexes","100 years and over","Donegal","Number","25"
"Population","2011","Both sexes","100 years and over","Dún Laoghaire-Rathdown","Number","26"
"Population","2011","Both sexes","100 years and over","Fingal","Number","15"
"Population","2011","Both sexes","100 years and over","Galway City","Number","1"
"Population","2011","Both sexes","100 years and over","Galway County","Number","22"
"Population","2011","Both sexes","100 years and over","Kildare","Number","16"
"Population","2011","Both sexes","100 years and over","Kilkenny","Number","7"
"Population","2011","Both sexes","100 years and over","Kerry","Number","12"
"Population","2011","Both sexes","100 years and over","Longford","Number","5"
"Population","2011","Both sexes","100 years and over","Louth","Number","9"
"Population","2011","Both sexes","100 years and over","Limerick City and County","Number","8"
"Population","2011","Both sexes","100 years and over","Leitrim","Number","3"
"Population","2011","Both sexes","100 years and over","Laois","Number","1"
"Population","2011","Both sexes","100 years and over","Meath","Number","13"
"Population","2011","Both sexes","100 years and over","Monaghan","Number","3"
"Population","2011","Both sexes","100 years and over","Mayo","Number","23"
"Population","2011","Both sexes","100 years and over","Offaly","Number","6"
"Population","2011","Both sexes","100 years and over","Roscommon","Number","15"
"Population","2011","Both sexes","100 years and over","South Dublin","Number","11"
"Population","2011","Both sexes","100 years and over","Sligo","Number","7"
"Population","2011","Both sexes","100 years and over","Tipperary","Number","13"
"Population","2011","Both sexes","100 years and over","Waterford City and County","Number","7"
"Population","2011","Both sexes","100 years and over","Westmeath","Number","9"
"Population","2011","Both sexes","100 years and over","Wicklow","Number","11"
"Population","2011","Both sexes","100 years and over","Wexford","Number","5"
"Population","2016","Both sexes","All ages","State","Number","4761865"
"Population","2016","Both sexes","All ages","Cork City and Cork County","Number","542868"
"Population","2016","Both sexes","All ages","Clare","Number","118817"
"Population","2016","Both sexes","All ages","Cavan","Number","76176"
"Population","2016","Both sexes","All ages","Carlow","Number","56932"
"Population","2016","Both sexes","All ages","Dublin City","Number","554554"
"Population","2016","Both sexes","All ages","Donegal","Number","159192"
"Population","2016","Both sexes","All ages","Dún Laoghaire-Rathdown","Number","218018"
"Population","2016","Both sexes","All ages","Fingal","Number","296020"
"Population","2016","Both sexes","All ages","Galway City","Number","78668"
"Population","2016","Both sexes","All ages","Galway County","Number","179390"
"Population","2016","Both sexes","All ages","Kildare","Number","222504"
"Population","2016","Both sexes","All ages","Kilkenny","Number","99232"
"Population","2016","Both sexes","All ages","Kerry","Number","147707"
"Population","2016","Both sexes","All ages","Longford","Number","40873"
"Population","2016","Both sexes","All ages","Louth","Number","128884"
"Population","2016","Both sexes","All ages","Limerick City and County","Number","194899"
"Population","2016","Both sexes","All ages","Leitrim","Number","32044"
"Population","2016","Both sexes","All ages","Laois","Number","84697"
"Population","2016","Both sexes","All ages","Meath","Number","195044"
"Population","2016","Both sexes","All ages","Monaghan","Number","61386"
"Population","2016","Both sexes","All ages","Mayo","Number","130507"
"Population","2016","Both sexes","All ages","Offaly","Number","77961"
"Population","2016","Both sexes","All ages","Roscommon","Number","64544"
"Population","2016","Both sexes","All ages","South Dublin","Number","278767"
"Population","2016","Both sexes","All ages","Sligo","Number","65535"
"Population","2016","Both sexes","All ages","Tipperary","Number","159553"
"Population","2016","Both sexes","All ages","Waterford City and County","Number","116176"
"Population","2016","Both sexes","All ages","Westmeath","Number","88770"
"Population","2016","Both sexes","All ages","Wicklow","Number","142425"
"Population","2016","Both sexes","All ages","Wexford","Number","149722"
"Population","2016","Both sexes","Under 1 year","State","Number","62257"
"Population","2016","Both sexes","Under 1 year","Cork City and Cork County","Number","7143"
"Population","2016","Both sexes","Under 1 year","Clare","Number","1483"
"Population","2016","Both sexes","Under 1 year","Cavan","Number","1092"
"Population","2016","Both sexes","Under 1 year","Carlow","Number","692"
"Population","2016","Both sexes","Under 1 year","Dublin City","Number","6602"
"Population","2016","Both sexes","Under 1 year","Donegal","Number","2043"
"Population","2016","Both sexes","Under 1 year","Dún Laoghaire-Rathdown","Number","2618"
"Population","2016","Both sexes","Under 1 year","Fingal","Number","4455"
"Population","2016","Both sexes","Under 1 year","Galway City","Number","942"
"Population","2016","Both sexes","Under 1 year","Galway County","Number","2395"
"Population","2016","Both sexes","Under 1 year","Kildare","Number","3179"
"Population","2016","Both sexes","Under 1 year","Kilkenny","Number","1300"
"Population","2016","Both sexes","Under 1 year","Kerry","Number","1682"
"Population","2016","Both sexes","Under 1 year","Longford","Number","543"
"Population","2016","Both sexes","Under 1 year","Louth","Number","1741"
"Population","2016","Both sexes","Under 1 year","Limerick City and County","Number","2536"
"Population","2016","Both sexes","Under 1 year","Leitrim","Number","390"
"Population","2016","Both sexes","Under 1 year","Laois","Number","1151"
"Population","2016","Both sexes","Under 1 year","Meath","Number","2773"
"Population","2016","Both sexes","Under 1 year","Monaghan","Number","895"
"Population","2016","Both sexes","Under 1 year","Mayo","Number","1609"
"Population","2016","Both sexes","Under 1 year","Offaly","Number","989"
"Population","2016","Both sexes","Under 1 year","Roscommon","Number","791"
"Population","2016","Both sexes","Under 1 year","South Dublin","Number","3988"
"Population","2016","Both sexes","Under 1 year","Sligo","Number","737"
"Population","2016","Both sexes","Under 1 year","Tipperary","Number","2059"
"Population","2016","Both sexes","Under 1 year","Waterford City and County","Number","1385"
"Population","2016","Both sexes","Under 1 year","Westmeath","Number","1224"
"Population","2016","Both sexes","Under 1 year","Wicklow","Number","1865"
"Population","2016","Both sexes","Under 1 year","Wexford","Number","1955"
"Population","2016","Both sexes","1 year","State","Number","64029"
"Population","2016","Both sexes","1 year","Cork City and Cork County","Number","7299"
"Population","2016","Both sexes","1 year","Clare","Number","1485"
"Population","2016","Both sexes","1 year","Cavan","Number","1070"
"Population","2016","Both sexes","1 year","Carlow","Number","866"
"Population","2016","Both sexes","1 year","Dublin City","Number","6123"
"Population","2016","Both sexes","1 year","Donegal","Number","1995"
"Population","2016","Both sexes","1 year","Dún Laoghaire-Rathdown","Number","2722"
"Population","2016","Both sexes","1 year","Fingal","Number","4768"
"Population","2016","Both sexes","1 year","Galway City","Number","926"
"Population","2016","Both sexes","1 year","Galway County","Number","2401"
"Population","2016","Both sexes","1 year","Kildare","Number","3401"
"Population","2016","Both sexes","1 year","Kilkenny","Number","1352"
"Population","2016","Both sexes","1 year","Kerry","Number","1709"
"Population","2016","Both sexes","1 year","Longford","Number","604"
"Population","2016","Both sexes","1 year","Louth","Number","1833"
"Population","2016","Both sexes","1 year","Limerick City and County","Number","2538"
"Population","2016","Both sexes","1 year","Leitrim","Number","423"
"Population","2016","Both sexes","1 year","Laois","Number","1318"
"Population","2016","Both sexes","1 year","Meath","Number","2964"
"Population","2016","Both sexes","1 year","Monaghan","Number","884"
"Population","2016","Both sexes","1 year","Mayo","Number","1599"
"Population","2016","Both sexes","1 year","Offaly","Number","1118"
"Population","2016","Both sexes","1 year","Roscommon","Number","844"
"Population","2016","Both sexes","1 year","South Dublin","Number","4226"
"Population","2016","Both sexes","1 year","Sligo","Number","824"
"Population","2016","Both sexes","1 year","Tipperary","Number","2122"
"Population","2016","Both sexes","1 year","Waterford City and County","Number","1472"
"Population","2016","Both sexes","1 year","Westmeath","Number","1241"
"Population","2016","Both sexes","1 year","Wicklow","Number","1951"
"Population","2016","Both sexes","1 year","Wexford","Number","1951"
"Population","2016","Both sexes","2 years","State","Number","66318"
"Population","2016","Both sexes","2 years","Cork City and Cork County","Number","7490"
"Population","2016","Both sexes","2 years","Clare","Number","1477"
"Population","2016","Both sexes","2 years","Cavan","Number","1144"
"Population","2016","Both sexes","2 years","Carlow","Number","777"
"Population","2016","Both sexes","2 years","Dublin City","Number","6050"
"Population","2016","Both sexes","2 years","Donegal","Number","2181"
"Population","2016","Both sexes","2 years","Dún Laoghaire-Rathdown","Number","2833"
"Population","2016","Both sexes","2 years","Fingal","Number","5056"
"Population","2016","Both sexes","2 years","Galway City","Number","1001"
"Population","2016","Both sexes","2 years","Galway County","Number","2628"
"Population","2016","Both sexes","2 years","Kildare","Number","3445"
"Population","2016","Both sexes","2 years","Kilkenny","Number","1446"
"Population","2016","Both sexes","2 years","Kerry","Number","1707"
"Population","2016","Both sexes","2 years","Longford","Number","589"
"Population","2016","Both sexes","2 years","Louth","Number","1904"
"Population","2016","Both sexes","2 years","Limerick City and County","Number","2615"
"Population","2016","Both sexes","2 years","Leitrim","Number","460"
"Population","2016","Both sexes","2 years","Laois","Number","1316"
"Population","2016","Both sexes","2 years","Meath","Number","3202"
"Population","2016","Both sexes","2 years","Monaghan","Number","936"
"Population","2016","Both sexes","2 years","Mayo","Number","1671"
"Population","2016","Both sexes","2 years","Offaly","Number","1177"
"Population","2016","Both sexes","2 years","Roscommon","Number","882"
"Population","2016","Both sexes","2 years","South Dublin","Number","4318"
"Population","2016","Both sexes","2 years","Sligo","Number","873"
"Population","2016","Both sexes","2 years","Tipperary","Number","2170"
"Population","2016","Both sexes","2 years","Waterford City and County","Number","1572"
"Population","2016","Both sexes","2 years","Westmeath","Number","1332"
"Population","2016","Both sexes","2 years","Wicklow","Number","1980"
"Population","2016","Both sexes","2 years","Wexford","Number","2086"
"Population","2016","Both sexes","3 years","State","Number","68076"
"Population","2016","Both sexes","3 years","Cork City and Cork County","Number","7755"
"Population","2016","Both sexes","3 years","Clare","Number","1671"
"Population","2016","Both sexes","3 years","Cavan","Number","1191"
"Population","2016","Both sexes","3 years","Carlow","Number","849"
"Population","2016","Both sexes","3 years","Dublin City","Number","5949"
"Population","2016","Both sexes","3 years","Donegal","Number","2242"
"Population","2016","Both sexes","3 years","Dún Laoghaire-Rathdown","Number","2777"
"Population","2016","Both sexes","3 years","Fingal","Number","5132"
"Population","2016","Both sexes","3 years","Galway City","Number","955"
"Population","2016","Both sexes","3 years","Galway County","Number","2737"
"Population","2016","Both sexes","3 years","Kildare","Number","3556"
"Population","2016","Both sexes","3 years","Kilkenny","Number","1438"
"Population","2016","Both sexes","3 years","Kerry","Number","1957"
"Population","2016","Both sexes","3 years","Longford","Number","652"
"Population","2016","Both sexes","3 years","Louth","Number","1960"
"Population","2016","Both sexes","3 years","Limerick City and County","Number","2654"
"Population","2016","Both sexes","3 years","Leitrim","Number","465"
"Population","2016","Both sexes","3 years","Laois","Number","1410"
"Population","2016","Both sexes","3 years","Meath","Number","3289"
"Population","2016","Both sexes","3 years","Monaghan","Number","952"
"Population","2016","Both sexes","3 years","Mayo","Number","1765"
"Population","2016","Both sexes","3 years","Offaly","Number","1113"
"Population","2016","Both sexes","3 years","Roscommon","Number","918"
"Population","2016","Both sexes","3 years","South Dublin","Number","4400"
"Population","2016","Both sexes","3 years","Sligo","Number","931"
"Population","2016","Both sexes","3 years","Tipperary","Number","2164"
"Population","2016","Both sexes","3 years","Waterford City and County","Number","1565"
"Population","2016","Both sexes","3 years","Westmeath","Number","1317"
"Population","2016","Both sexes","3 years","Wicklow","Number","2184"
"Population","2016","Both sexes","3 years","Wexford","Number","2128"
"Population","2016","Both sexes","4 years","State","Number","70835"
"Population","2016","Both sexes","4 years","Cork City and Cork County","Number","7955"
"Population","2016","Both sexes","4 years","Clare","Number","1785"
"Population","2016","Both sexes","4 years","Cavan","Number","1228"
"Population","2016","Both sexes","4 years","Carlow","Number","872"
"Population","2016","Both sexes","4 years","Dublin City","Number","5959"
"Population","2016","Both sexes","4 years","Donegal","Number","2315"
"Population","2016","Both sexes","4 years","Dún Laoghaire-Rathdown","Number","2860"
"Population","2016","Both sexes","4 years","Fingal","Number","5488"
"Population","2016","Both sexes","4 years","Galway City","Number","948"
"Population","2016","Both sexes","4 years","Galway County","Number","2866"
"Population","2016","Both sexes","4 years","Kildare","Number","3733"
"Population","2016","Both sexes","4 years","Kilkenny","Number","1576"
"Population","2016","Both sexes","4 years","Kerry","Number","1965"
"Population","2016","Both sexes","4 years","Longford","Number","663"
"Population","2016","Both sexes","4 years","Louth","Number","2035"
"Population","2016","Both sexes","4 years","Limerick City and County","Number","2792"
"Population","2016","Both sexes","4 years","Leitrim","Number","450"
"Population","2016","Both sexes","4 years","Laois","Number","1449"
"Population","2016","Both sexes","4 years","Meath","Number","3508"
"Population","2016","Both sexes","4 years","Monaghan","Number","1005"
"Population","2016","Both sexes","4 years","Mayo","Number","1749"
"Population","2016","Both sexes","4 years","Offaly","Number","1234"
"Population","2016","Both sexes","4 years","Roscommon","Number","925"
"Population","2016","Both sexes","4 years","South Dublin","Number","4801"
"Population","2016","Both sexes","4 years","Sligo","Number","945"
"Population","2016","Both sexes","4 years","Tipperary","Number","2359"
"Population","2016","Both sexes","4 years","Waterford City and County","Number","1620"
"Population","2016","Both sexes","4 years","Westmeath","Number","1350"
"Population","2016","Both sexes","4 years","Wicklow","Number","2193"
"Population","2016","Both sexes","4 years","Wexford","Number","2207"
"Population","2016","Both sexes","5 years","State","Number","72404"
"Population","2016","Both sexes","5 years","Cork City and Cork County","Number","8299"
"Population","2016","Both sexes","5 years","Clare","Number","1678"
"Population","2016","Both sexes","5 years","Cavan","Number","1285"
"Population","2016","Both sexes","5 years","Carlow","Number","925"
"Population","2016","Both sexes","5 years","Dublin City","Number","5930"
"Population","2016","Both sexes","5 years","Donegal","Number","2492"
"Population","2016","Both sexes","5 years","Dún Laoghaire-Rathdown","Number","2914"
"Population","2016","Both sexes","5 years","Fingal","Number","5342"
"Population","2016","Both sexes","5 years","Galway City","Number","969"
"Population","2016","Both sexes","5 years","Galway County","Number","2868"
"Population","2016","Both sexes","5 years","Kildare","Number","4002"
"Population","2016","Both sexes","5 years","Kilkenny","Number","1589"
"Population","2016","Both sexes","5 years","Kerry","Number","2022"
"Population","2016","Both sexes","5 years","Longford","Number","671"
"Population","2016","Both sexes","5 years","Louth","Number","2060"
"Population","2016","Both sexes","5 years","Limerick City and County","Number","2939"
"Population","2016","Both sexes","5 years","Leitrim","Number","478"
"Population","2016","Both sexes","5 years","Laois","Number","1489"
"Population","2016","Both sexes","5 years","Meath","Number","3610"
"Population","2016","Both sexes","5 years","Monaghan","Number","968"
"Population","2016","Both sexes","5 years","Mayo","Number","1816"
"Population","2016","Both sexes","5 years","Offaly","Number","1249"
"Population","2016","Both sexes","5 years","Roscommon","Number","972"
"Population","2016","Both sexes","5 years","South Dublin","Number","4691"
"Population","2016","Both sexes","5 years","Sligo","Number","937"
"Population","2016","Both sexes","5 years","Tipperary","Number","2332"
"Population","2016","Both sexes","5 years","Waterford City and County","Number","1737"
"Population","2016","Both sexes","5 years","Westmeath","Number","1460"
"Population","2016","Both sexes","5 years","Wicklow","Number","2410"
"Population","2016","Both sexes","5 years","Wexford","Number","2270"
"Population","2016","Both sexes","6 years","State","Number","72517"
"Population","2016","Both sexes","6 years","Cork City and Cork County","Number","8290"
"Population","2016","Both sexes","6 years","Clare","Number","1857"
"Population","2016","Both sexes","6 years","Cavan","Number","1238"
"Population","2016","Both sexes","6 years","Carlow","Number","885"
"Population","2016","Both sexes","6 years","Dublin City","Number","5836"
"Population","2016","Both sexes","6 years","Donegal","Number","2518"
"Population","2016","Both sexes","6 years","Dún Laoghaire-Rathdown","Number","2824"
"Population","2016","Both sexes","6 years","Fingal","Number","5640"
"Population","2016","Both sexes","6 years","Galway City","Number","900"
"Population","2016","Both sexes","6 years","Galway County","Number","2873"
"Population","2016","Both sexes","6 years","Kildare","Number","3856"
"Population","2016","Both sexes","6 years","Kilkenny","Number","1522"
"Population","2016","Both sexes","6 years","Kerry","Number","2009"
"Population","2016","Both sexes","6 years","Longford","Number","677"
"Population","2016","Both sexes","6 years","Louth","Number","2089"
"Population","2016","Both sexes","6 years","Limerick City and County","Number","2794"
"Population","2016","Both sexes","6 years","Leitrim","Number","493"
"Population","2016","Both sexes","6 years","Laois","Number","1576"
"Population","2016","Both sexes","6 years","Meath","Number","3615"
"Population","2016","Both sexes","6 years","Monaghan","Number","1004"
"Population","2016","Both sexes","6 years","Mayo","Number","1853"
"Population","2016","Both sexes","6 years","Offaly","Number","1246"
"Population","2016","Both sexes","6 years","Roscommon","Number","962"
"Population","2016","Both sexes","6 years","South Dublin","Number","4787"
"Population","2016","Both sexes","6 years","Sligo","Number","994"
"Population","2016","Both sexes","6 years","Tipperary","Number","2445"
"Population","2016","Both sexes","6 years","Waterford City and County","Number","1705"
"Population","2016","Both sexes","6 years","Westmeath","Number","1419"
"Population","2016","Both sexes","6 years","Wicklow","Number","2368"
"Population","2016","Both sexes","6 years","Wexford","Number","2242"
"Population","2016","Both sexes","7 years","State","Number","72166"
"Population","2016","Both sexes","7 years","Cork City and Cork County","Number","8200"
"Population","2016","Both sexes","7 years","Clare","Number","1813"
"Population","2016","Both sexes","7 years","Cavan","Number","1286"
"Population","2016","Both sexes","7 years","Carlow","Number","885"
"Population","2016","Both sexes","7 years","Dublin City","Number","5713"
"Population","2016","Both sexes","7 years","Donegal","Number","2497"
"Population","2016","Both sexes","7 years","Dún Laoghaire-Rathdown","Number","2767"
"Population","2016","Both sexes","7 years","Fingal","Number","5255"
"Population","2016","Both sexes","7 years","Galway City","Number","926"
"Population","2016","Both sexes","7 years","Galway County","Number","2986"
"Population","2016","Both sexes","7 years","Kildare","Number","3791"
"Population","2016","Both sexes","7 years","Kilkenny","Number","1552"
"Population","2016","Both sexes","7 years","Kerry","Number","2032"
"Population","2016","Both sexes","7 years","Longford","Number","703"
"Population","2016","Both sexes","7 years","Louth","Number","2224"
"Population","2016","Both sexes","7 years","Limerick City and County","Number","2864"
"Population","2016","Both sexes","7 years","Leitrim","Number","470"
"Population","2016","Both sexes","7 years","Laois","Number","1460"
"Population","2016","Both sexes","7 years","Meath","Number","3648"
"Population","2016","Both sexes","7 years","Monaghan","Number","1020"
"Population","2016","Both sexes","7 years","Mayo","Number","1810"
"Population","2016","Both sexes","7 years","Offaly","Number","1299"
"Population","2016","Both sexes","7 years","Roscommon","Number","985"
"Population","2016","Both sexes","7 years","South Dublin","Number","4557"
"Population","2016","Both sexes","7 years","Sligo","Number","917"
"Population","2016","Both sexes","7 years","Tipperary","Number","2440"
"Population","2016","Both sexes","7 years","Waterford City and County","Number","1831"
"Population","2016","Both sexes","7 years","Westmeath","Number","1341"
"Population","2016","Both sexes","7 years","Wicklow","Number","2379"
"Population","2016","Both sexes","7 years","Wexford","Number","2515"
"Population","2016","Both sexes","8 years","State","Number","71524"
"Population","2016","Both sexes","8 years","Cork City and Cork County","Number","8030"
"Population","2016","Both sexes","8 years","Clare","Number","1835"
"Population","2016","Both sexes","8 years","Cavan","Number","1266"
"Population","2016","Both sexes","8 years","Carlow","Number","915"
"Population","2016","Both sexes","8 years","Dublin City","Number","5454"
"Population","2016","Both sexes","8 years","Donegal","Number","2545"
"Population","2016","Both sexes","8 years","Dún Laoghaire-Rathdown","Number","2708"
"Population","2016","Both sexes","8 years","Fingal","Number","5269"
"Population","2016","Both sexes","8 years","Galway City","Number","927"
"Population","2016","Both sexes","8 years","Galway County","Number","2973"
"Population","2016","Both sexes","8 years","Kildare","Number","3909"
"Population","2016","Both sexes","8 years","Kilkenny","Number","1479"
"Population","2016","Both sexes","8 years","Kerry","Number","2131"
"Population","2016","Both sexes","8 years","Longford","Number","686"
"Population","2016","Both sexes","8 years","Louth","Number","2061"
"Population","2016","Both sexes","8 years","Limerick City and County","Number","2766"
"Population","2016","Both sexes","8 years","Leitrim","Number","464"
"Population","2016","Both sexes","8 years","Laois","Number","1598"
"Population","2016","Both sexes","8 years","Meath","Number","3556"
"Population","2016","Both sexes","8 years","Monaghan","Number","1005"
"Population","2016","Both sexes","8 years","Mayo","Number","1901"
"Population","2016","Both sexes","8 years","Offaly","Number","1261"
"Population","2016","Both sexes","8 years","Roscommon","Number","940"
"Population","2016","Both sexes","8 years","South Dublin","Number","4556"
"Population","2016","Both sexes","8 years","Sligo","Number","956"
"Population","2016","Both sexes","8 years","Tipperary","Number","2413"
"Population","2016","Both sexes","8 years","Waterford City and County","Number","1751"
"Population","2016","Both sexes","8 years","Westmeath","Number","1421"
"Population","2016","Both sexes","8 years","Wicklow","Number","2389"
"Population","2016","Both sexes","8 years","Wexford","Number","2359"
"Population","2016","Both sexes","9 years","State","Number","66950"
"Population","2016","Both sexes","9 years","Cork City and Cork County","Number","7626"
"Population","2016","Both sexes","9 years","Clare","Number","1810"
"Population","2016","Both sexes","9 years","Cavan","Number","1226"
"Population","2016","Both sexes","9 years","Carlow","Number","810"
"Population","2016","Both sexes","9 years","Dublin City","Number","5004"
"Population","2016","Both sexes","9 years","Donegal","Number","2393"
"Population","2016","Both sexes","9 years","Dún Laoghaire-Rathdown","Number","2531"
"Population","2016","Both sexes","9 years","Fingal","Number","4754"
"Population","2016","Both sexes","9 years","Galway City","Number","803"
"Population","2016","Both sexes","9 years","Galway County","Number","2660"
"Population","2016","Both sexes","9 years","Kildare","Number","3566"
"Population","2016","Both sexes","9 years","Kilkenny","Number","1459"
"Population","2016","Both sexes","9 years","Kerry","Number","1959"
"Population","2016","Both sexes","9 years","Longford","Number","649"
"Population","2016","Both sexes","9 years","Louth","Number","2059"
"Population","2016","Both sexes","9 years","Limerick City and County","Number","2655"
"Population","2016","Both sexes","9 years","Leitrim","Number","511"
"Population","2016","Both sexes","9 years","Laois","Number","1460"
"Population","2016","Both sexes","9 years","Meath","Number","3345"
"Population","2016","Both sexes","9 years","Monaghan","Number","927"
"Population","2016","Both sexes","9 years","Mayo","Number","1766"
"Population","2016","Both sexes","9 years","Offaly","Number","1184"
"Population","2016","Both sexes","9 years","Roscommon","Number","907"
"Population","2016","Both sexes","9 years","South Dublin","Number","4174"
"Population","2016","Both sexes","9 years","Sligo","Number","929"
"Population","2016","Both sexes","9 years","Tipperary","Number","2321"
"Population","2016","Both sexes","9 years","Waterford City and County","Number","1692"
"Population","2016","Both sexes","9 years","Westmeath","Number","1307"
"Population","2016","Both sexes","9 years","Wicklow","Number","2172"
"Population","2016","Both sexes","9 years","Wexford","Number","2291"
"Population","2016","Both sexes","10 years","State","Number","64793"
"Population","2016","Both sexes","10 years","Cork City and Cork County","Number","7239"
"Population","2016","Both sexes","10 years","Clare","Number","1785"
"Population","2016","Both sexes","10 years","Cavan","Number","1087"
"Population","2016","Both sexes","10 years","Carlow","Number","833"
"Population","2016","Both sexes","10 years","Dublin City","Number","4901"
"Population","2016","Both sexes","10 years","Donegal","Number","2389"
"Population","2016","Both sexes","10 years","Dún Laoghaire-Rathdown","Number","2531"
"Population","2016","Both sexes","10 years","Fingal","Number","4465"
"Population","2016","Both sexes","10 years","Galway City","Number","775"
"Population","2016","Both sexes","10 years","Galway County","Number","2729"
"Population","2016","Both sexes","10 years","Kildare","Number","3384"
"Population","2016","Both sexes","10 years","Kilkenny","Number","1396"
"Population","2016","Both sexes","10 years","Kerry","Number","1909"
"Population","2016","Both sexes","10 years","Longford","Number","617"
"Population","2016","Both sexes","10 years","Louth","Number","1967"
"Population","2016","Both sexes","10 years","Limerick City and County","Number","2565"
"Population","2016","Both sexes","10 years","Leitrim","Number","488"
"Population","2016","Both sexes","10 years","Laois","Number","1262"
"Population","2016","Both sexes","10 years","Meath","Number","3178"
"Population","2016","Both sexes","10 years","Monaghan","Number","922"
"Population","2016","Both sexes","10 years","Mayo","Number","1831"
"Population","2016","Both sexes","10 years","Offaly","Number","1176"
"Population","2016","Both sexes","10 years","Roscommon","Number","962"
"Population","2016","Both sexes","10 years","South Dublin","Number","4003"
"Population","2016","Both sexes","10 years","Sligo","Number","840"
"Population","2016","Both sexes","10 years","Tipperary","Number","2296"
"Population","2016","Both sexes","10 years","Waterford City and County","Number","1656"
"Population","2016","Both sexes","10 years","Westmeath","Number","1298"
"Population","2016","Both sexes","10 years","Wicklow","Number","2094"
"Population","2016","Both sexes","10 years","Wexford","Number","2215"
"Population","2016","Both sexes","11 years","State","Number","64014"
"Population","2016","Both sexes","11 years","Cork City and Cork County","Number","7169"
"Population","2016","Both sexes","11 years","Clare","Number","1769"
"Population","2016","Both sexes","11 years","Cavan","Number","1151"
"Population","2016","Both sexes","11 years","Carlow","Number","867"
"Population","2016","Both sexes","11 years","Dublin City","Number","4868"
"Population","2016","Both sexes","11 years","Donegal","Number","2378"
"Population","2016","Both sexes","11 years","Dún Laoghaire-Rathdown","Number","2475"
"Population","2016","Both sexes","11 years","Fingal","Number","4292"
"Population","2016","Both sexes","11 years","Galway City","Number","736"
"Population","2016","Both sexes","11 years","Galway County","Number","2705"
"Population","2016","Both sexes","11 years","Kildare","Number","3440"
"Population","2016","Both sexes","11 years","Kilkenny","Number","1320"
"Population","2016","Both sexes","11 years","Kerry","Number","1949"
"Population","2016","Both sexes","11 years","Longford","Number","593"
"Population","2016","Both sexes","11 years","Louth","Number","1929"
"Population","2016","Both sexes","11 years","Limerick City and County","Number","2426"
"Population","2016","Both sexes","11 years","Leitrim","Number","458"
"Population","2016","Both sexes","11 years","Laois","Number","1340"
"Population","2016","Both sexes","11 years","Meath","Number","3149"
"Population","2016","Both sexes","11 years","Monaghan","Number","909"
"Population","2016","Both sexes","11 years","Mayo","Number","1794"
"Population","2016","Both sexes","11 years","Offaly","Number","1094"
"Population","2016","Both sexes","11 years","Roscommon","Number","871"
"Population","2016","Both sexes","11 years","South Dublin","Number","3954"
"Population","2016","Both sexes","11 years","Sligo","Number","866"
"Population","2016","Both sexes","11 years","Tipperary","Number","2352"
"Population","2016","Both sexes","11 years","Waterford City and County","Number","1621"
"Population","2016","Both sexes","11 years","Westmeath","Number","1260"
"Population","2016","Both sexes","11 years","Wicklow","Number","2131"
"Population","2016","Both sexes","11 years","Wexford","Number","2148"
"Population","2016","Both sexes","12 years","State","Number","64325"
"Population","2016","Both sexes","12 years","Cork City and Cork County","Number","7126"
"Population","2016","Both sexes","12 years","Clare","Number","1708"
"Population","2016","Both sexes","12 years","Cavan","Number","1139"
"Population","2016","Both sexes","12 years","Carlow","Number","835"
"Population","2016","Both sexes","12 years","Dublin City","Number","4897"
"Population","2016","Both sexes","12 years","Donegal","Number","2440"
"Population","2016","Both sexes","12 years","Dún Laoghaire-Rathdown","Number","2552"
"Population","2016","Both sexes","12 years","Fingal","Number","4332"
"Population","2016","Both sexes","12 years","Galway City","Number","804"
"Population","2016","Both sexes","12 years","Galway County","Number","2662"
"Population","2016","Both sexes","12 years","Kildare","Number","3505"
"Population","2016","Both sexes","12 years","Kilkenny","Number","1456"
"Population","2016","Both sexes","12 years","Kerry","Number","1894"
"Population","2016","Both sexes","12 years","Longford","Number","609"
"Population","2016","Both sexes","12 years","Louth","Number","1885"
"Population","2016","Both sexes","12 years","Limerick City and County","Number","2491"
"Population","2016","Both sexes","12 years","Leitrim","Number","491"
"Population","2016","Both sexes","12 years","Laois","Number","1406"
"Population","2016","Both sexes","12 years","Meath","Number","3097"
"Population","2016","Both sexes","12 years","Monaghan","Number","841"
"Population","2016","Both sexes","12 years","Mayo","Number","1796"
"Population","2016","Both sexes","12 years","Offaly","Number","1224"
"Population","2016","Both sexes","12 years","Roscommon","Number","906"
"Population","2016","Both sexes","12 years","South Dublin","Number","3943"
"Population","2016","Both sexes","12 years","Sligo","Number","876"
"Population","2016","Both sexes","12 years","Tipperary","Number","2188"
"Population","2016","Both sexes","12 years","Waterford City and County","Number","1657"
"Population","2016","Both sexes","12 years","Westmeath","Number","1259"
"Population","2016","Both sexes","12 years","Wicklow","Number","2041"
"Population","2016","Both sexes","12 years","Wexford","Number","2265"
"Population","2016","Both sexes","13 years","State","Number","63531"
"Population","2016","Both sexes","13 years","Cork City and Cork County","Number","7097"
"Population","2016","Both sexes","13 years","Clare","Number","1720"
"Population","2016","Both sexes","13 years","Cavan","Number","1135"
"Population","2016","Both sexes","13 years","Carlow","Number","819"
"Population","2016","Both sexes","13 years","Dublin City","Number","4861"
"Population","2016","Both sexes","13 years","Donegal","Number","2276"
"Population","2016","Both sexes","13 years","Dún Laoghaire-Rathdown","Number","2443"
"Population","2016","Both sexes","13 years","Fingal","Number","4350"
"Population","2016","Both sexes","13 years","Galway City","Number","850"
"Population","2016","Both sexes","13 years","Galway County","Number","2639"
"Population","2016","Both sexes","13 years","Kildare","Number","3498"
"Population","2016","Both sexes","13 years","Kilkenny","Number","1434"
"Population","2016","Both sexes","13 years","Kerry","Number","1903"
"Population","2016","Both sexes","13 years","Longford","Number","629"
"Population","2016","Both sexes","13 years","Louth","Number","1864"
"Population","2016","Both sexes","13 years","Limerick City and County","Number","2543"
"Population","2016","Both sexes","13 years","Leitrim","Number","405"
"Population","2016","Both sexes","13 years","Laois","Number","1342"
"Population","2016","Both sexes","13 years","Meath","Number","2990"
"Population","2016","Both sexes","13 years","Monaghan","Number","868"
"Population","2016","Both sexes","13 years","Mayo","Number","1822"
"Population","2016","Both sexes","13 years","Offaly","Number","1162"
"Population","2016","Both sexes","13 years","Roscommon","Number","881"
"Population","2016","Both sexes","13 years","South Dublin","Number","3885"
"Population","2016","Both sexes","13 years","Sligo","Number","859"
"Population","2016","Both sexes","13 years","Tipperary","Number","2133"
"Population","2016","Both sexes","13 years","Waterford City and County","Number","1665"
"Population","2016","Both sexes","13 years","Westmeath","Number","1226"
"Population","2016","Both sexes","13 years","Wicklow","Number","2067"
"Population","2016","Both sexes","13 years","Wexford","Number","2165"
"Population","2016","Both sexes","14 years","State","Number","62813"
"Population","2016","Both sexes","14 years","Cork City and Cork County","Number","6813"
"Population","2016","Both sexes","14 years","Clare","Number","1696"
"Population","2016","Both sexes","14 years","Cavan","Number","1084"
"Population","2016","Both sexes","14 years","Carlow","Number","781"
"Population","2016","Both sexes","14 years","Dublin City","Number","5066"
"Population","2016","Both sexes","14 years","Donegal","Number","2338"
"Population","2016","Both sexes","14 years","Dún Laoghaire-Rathdown","Number","2484"
"Population","2016","Both sexes","14 years","Fingal","Number","4015"
"Population","2016","Both sexes","14 years","Galway City","Number","777"
"Population","2016","Both sexes","14 years","Galway County","Number","2521"
"Population","2016","Both sexes","14 years","Kildare","Number","3295"
"Population","2016","Both sexes","14 years","Kilkenny","Number","1447"
"Population","2016","Both sexes","14 years","Kerry","Number","1963"
"Population","2016","Both sexes","14 years","Longford","Number","623"
"Population","2016","Both sexes","14 years","Louth","Number","2054"
"Population","2016","Both sexes","14 years","Limerick City and County","Number","2416"
"Population","2016","Both sexes","14 years","Leitrim","Number","477"
"Population","2016","Both sexes","14 years","Laois","Number","1235"
"Population","2016","Both sexes","14 years","Meath","Number","3007"
"Population","2016","Both sexes","14 years","Monaghan","Number","823"
"Population","2016","Both sexes","14 years","Mayo","Number","1772"
"Population","2016","Both sexes","14 years","Offaly","Number","1201"
"Population","2016","Both sexes","14 years","Roscommon","Number","916"
"Population","2016","Both sexes","14 years","South Dublin","Number","3805"
"Population","2016","Both sexes","14 years","Sligo","Number","829"
"Population","2016","Both sexes","14 years","Tipperary","Number","2241"
"Population","2016","Both sexes","14 years","Waterford City and County","Number","1616"
"Population","2016","Both sexes","14 years","Westmeath","Number","1320"
"Population","2016","Both sexes","14 years","Wicklow","Number","2043"
"Population","2016","Both sexes","14 years","Wexford","Number","2155"
"Population","2016","Both sexes","15 years","State","Number","61643"
"Population","2016","Both sexes","15 years","Cork City and Cork County","Number","6886"
"Population","2016","Both sexes","15 years","Clare","Number","1656"
"Population","2016","Both sexes","15 years","Cavan","Number","1111"
"Population","2016","Both sexes","15 years","Carlow","Number","757"
"Population","2016","Both sexes","15 years","Dublin City","Number","4938"
"Population","2016","Both sexes","15 years","Donegal","Number","2315"
"Population","2016","Both sexes","15 years","Dún Laoghaire-Rathdown","Number","2524"
"Population","2016","Both sexes","15 years","Fingal","Number","3835"
"Population","2016","Both sexes","15 years","Galway City","Number","761"
"Population","2016","Both sexes","15 years","Galway County","Number","2496"
"Population","2016","Both sexes","15 years","Kildare","Number","3259"
"Population","2016","Both sexes","15 years","Kilkenny","Number","1448"
"Population","2016","Both sexes","15 years","Kerry","Number","1848"
"Population","2016","Both sexes","15 years","Longford","Number","596"
"Population","2016","Both sexes","15 years","Louth","Number","1851"
"Population","2016","Both sexes","15 years","Limerick City and County","Number","2423"
"Population","2016","Both sexes","15 years","Leitrim","Number","389"
"Population","2016","Both sexes","15 years","Laois","Number","1218"
"Population","2016","Both sexes","15 years","Meath","Number","2824"
"Population","2016","Both sexes","15 years","Monaghan","Number","844"
"Population","2016","Both sexes","15 years","Mayo","Number","1808"
"Population","2016","Both sexes","15 years","Offaly","Number","1117"
"Population","2016","Both sexes","15 years","Roscommon","Number","902"
"Population","2016","Both sexes","15 years","South Dublin","Number","3731"
"Population","2016","Both sexes","15 years","Sligo","Number","867"
"Population","2016","Both sexes","15 years","Tipperary","Number","2296"
"Population","2016","Both sexes","15 years","Waterford City and County","Number","1584"
"Population","2016","Both sexes","15 years","Westmeath","Number","1310"
"Population","2016","Both sexes","15 years","Wicklow","Number","2008"
"Population","2016","Both sexes","15 years","Wexford","Number","2041"
"Population","2016","Both sexes","16 years","State","Number","60989"
"Population","2016","Both sexes","16 years","Cork City and Cork County","Number","6731"
"Population","2016","Both sexes","16 years","Clare","Number","1747"
"Population","2016","Both sexes","16 years","Cavan","Number","1127"
"Population","2016","Both sexes","16 years","Carlow","Number","752"
"Population","2016","Both sexes","16 years","Dublin City","Number","5090"
"Population","2016","Both sexes","16 years","Donegal","Number","2375"
"Population","2016","Both sexes","16 years","Dún Laoghaire-Rathdown","Number","2525"
"Population","2016","Both sexes","16 years","Fingal","Number","3601"
"Population","2016","Both sexes","16 years","Galway City","Number","743"
"Population","2016","Both sexes","16 years","Galway County","Number","2474"
"Population","2016","Both sexes","16 years","Kildare","Number","3027"
"Population","2016","Both sexes","16 years","Kilkenny","Number","1379"
"Population","2016","Both sexes","16 years","Kerry","Number","1954"
"Population","2016","Both sexes","16 years","Longford","Number","553"
"Population","2016","Both sexes","16 years","Louth","Number","1803"
"Population","2016","Both sexes","16 years","Limerick City and County","Number","2491"
"Population","2016","Both sexes","16 years","Leitrim","Number","435"
"Population","2016","Both sexes","16 years","Laois","Number","1119"
"Population","2016","Both sexes","16 years","Meath","Number","2714"
"Population","2016","Both sexes","16 years","Monaghan","Number","873"
"Population","2016","Both sexes","16 years","Mayo","Number","1859"
"Population","2016","Both sexes","16 years","Offaly","Number","1143"
"Population","2016","Both sexes","16 years","Roscommon","Number","865"
"Population","2016","Both sexes","16 years","South Dublin","Number","3601"
"Population","2016","Both sexes","16 years","Sligo","Number","853"
"Population","2016","Both sexes","16 years","Tipperary","Number","2267"
"Population","2016","Both sexes","16 years","Waterford City and County","Number","1623"
"Population","2016","Both sexes","16 years","Westmeath","Number","1278"
"Population","2016","Both sexes","16 years","Wicklow","Number","1913"
"Population","2016","Both sexes","16 years","Wexford","Number","2074"
"Population","2016","Both sexes","17 years","State","Number","61318"
"Population","2016","Both sexes","17 years","Cork City and Cork County","Number","6867"
"Population","2016","Both sexes","17 years","Clare","Number","1650"
"Population","2016","Both sexes","17 years","Cavan","Number","1163"
"Population","2016","Both sexes","17 years","Carlow","Number","732"
"Population","2016","Both sexes","17 years","Dublin City","Number","5430"
"Population","2016","Both sexes","17 years","Donegal","Number","2310"
"Population","2016","Both sexes","17 years","Dún Laoghaire-Rathdown","Number","2706"
"Population","2016","Both sexes","17 years","Fingal","Number","3566"
"Population","2016","Both sexes","17 years","Galway City","Number","780"
"Population","2016","Both sexes","17 years","Galway County","Number","2471"
"Population","2016","Both sexes","17 years","Kildare","Number","3068"
"Population","2016","Both sexes","17 years","Kilkenny","Number","1351"
"Population","2016","Both sexes","17 years","Kerry","Number","1934"
"Population","2016","Both sexes","17 years","Longford","Number","561"
"Population","2016","Both sexes","17 years","Louth","Number","1727"
"Population","2016","Both sexes","17 years","Limerick City and County","Number","2582"
"Population","2016","Both sexes","17 years","Leitrim","Number","441"
"Population","2016","Both sexes","17 years","Laois","Number","1115"
"Population","2016","Both sexes","17 years","Meath","Number","2665"
"Population","2016","Both sexes","17 years","Monaghan","Number","888"
"Population","2016","Both sexes","17 years","Mayo","Number","1747"
"Population","2016","Both sexes","17 years","Offaly","Number","1140"
"Population","2016","Both sexes","17 years","Roscommon","Number","876"
"Population","2016","Both sexes","17 years","South Dublin","Number","3686"
"Population","2016","Both sexes","17 years","Sligo","Number","928"
"Population","2016","Both sexes","17 years","Tipperary","Number","2166"
"Population","2016","Both sexes","17 years","Waterford City and County","Number","1595"
"Population","2016","Both sexes","17 years","Westmeath","Number","1221"
"Population","2016","Both sexes","17 years","Wicklow","Number","1853"
"Population","2016","Both sexes","17 years","Wexford","Number","2099"
"Population","2016","Both sexes","18 years","State","Number","61294"
"Population","2016","Both sexes","18 years","Cork City and Cork County","Number","7110"
"Population","2016","Both sexes","18 years","Clare","Number","1502"
"Population","2016","Both sexes","18 years","Cavan","Number","976"
"Population","2016","Both sexes","18 years","Carlow","Number","739"
"Population","2016","Both sexes","18 years","Dublin City","Number","6499"
"Population","2016","Both sexes","18 years","Donegal","Number","2183"
"Population","2016","Both sexes","18 years","Dún Laoghaire-Rathdown","Number","2969"
"Population","2016","Both sexes","18 years","Fingal","Number","3525"
"Population","2016","Both sexes","18 years","Galway City","Number","1023"
"Population","2016","Both sexes","18 years","Galway County","Number","2258"
"Population","2016","Both sexes","18 years","Kildare","Number","3041"
"Population","2016","Both sexes","18 years","Kilkenny","Number","1334"
"Population","2016","Both sexes","18 years","Kerry","Number","1828"
"Population","2016","Both sexes","18 years","Longford","Number","470"
"Population","2016","Both sexes","18 years","Louth","Number","1738"
"Population","2016","Both sexes","18 years","Limerick City and County","Number","2788"
"Population","2016","Both sexes","18 years","Leitrim","Number","359"
"Population","2016","Both sexes","18 years","Laois","Number","1032"
"Population","2016","Both sexes","18 years","Meath","Number","2607"
"Population","2016","Both sexes","18 years","Monaghan","Number","799"
"Population","2016","Both sexes","18 years","Mayo","Number","1637"
"Population","2016","Both sexes","18 years","Offaly","Number","1133"
"Population","2016","Both sexes","18 years","Roscommon","Number","752"
"Population","2016","Both sexes","18 years","South Dublin","Number","3562"
"Population","2016","Both sexes","18 years","Sligo","Number","901"
"Population","2016","Both sexes","18 years","Tipperary","Number","2105"
"Population","2016","Both sexes","18 years","Waterford City and County","Number","1545"
"Population","2016","Both sexes","18 years","Westmeath","Number","1138"
"Population","2016","Both sexes","18 years","Wicklow","Number","1701"
"Population","2016","Both sexes","18 years","Wexford","Number","2040"
"Population","2016","Both sexes","19 years","State","Number","57572"
"Population","2016","Both sexes","19 years","Cork City and Cork County","Number","7252"
"Population","2016","Both sexes","19 years","Clare","Number","1355"
"Population","2016","Both sexes","19 years","Cavan","Number","838"
"Population","2016","Both sexes","19 years","Carlow","Number","706"
"Population","2016","Both sexes","19 years","Dublin City","Number","6824"
"Population","2016","Both sexes","19 years","Donegal","Number","1674"
"Population","2016","Both sexes","19 years","Dún Laoghaire-Rathdown","Number","3466"
"Population","2016","Both sexes","19 years","Fingal","Number","3223"
"Population","2016","Both sexes","19 years","Galway City","Number","1696"
"Population","2016","Both sexes","19 years","Galway County","Number","1898"
"Population","2016","Both sexes","19 years","Kildare","Number","3084"
"Population","2016","Both sexes","19 years","Kilkenny","Number","1036"
"Population","2016","Both sexes","19 years","Kerry","Number","1542"
"Population","2016","Both sexes","19 years","Longford","Number","423"
"Population","2016","Both sexes","19 years","Louth","Number","1429"
"Population","2016","Both sexes","19 years","Limerick City and County","Number","2940"
"Population","2016","Both sexes","19 years","Leitrim","Number","257"
"Population","2016","Both sexes","19 years","Laois","Number","844"
"Population","2016","Both sexes","19 years","Meath","Number","2184"
"Population","2016","Both sexes","19 years","Monaghan","Number","612"
"Population","2016","Both sexes","19 years","Mayo","Number","1294"
"Population","2016","Both sexes","19 years","Offaly","Number","877"
"Population","2016","Both sexes","19 years","Roscommon","Number","613"
"Population","2016","Both sexes","19 years","South Dublin","Number","3447"
"Population","2016","Both sexes","19 years","Sligo","Number","871"
"Population","2016","Both sexes","19 years","Tipperary","Number","1720"
"Population","2016","Both sexes","19 years","Waterford City and County","Number","1338"
"Population","2016","Both sexes","19 years","Westmeath","Number","1031"
"Population","2016","Both sexes","19 years","Wicklow","Number","1573"
"Population","2016","Both sexes","19 years","Wexford","Number","1525"
"Population","2016","Both sexes","20 years","State","Number","56337"
"Population","2016","Both sexes","20 years","Cork City and Cork County","Number","7002"
"Population","2016","Both sexes","20 years","Clare","Number","1183"
"Population","2016","Both sexes","20 years","Cavan","Number","713"
"Population","2016","Both sexes","20 years","Carlow","Number","693"
"Population","2016","Both sexes","20 years","Dublin City","Number","8036"
"Population","2016","Both sexes","20 years","Donegal","Number","1576"
"Population","2016","Both sexes","20 years","Dún Laoghaire-Rathdown","Number","3390"
"Population","2016","Both sexes","20 years","Fingal","Number","3196"
"Population","2016","Both sexes","20 years","Galway City","Number","1883"
"Population","2016","Both sexes","20 years","Galway County","Number","1734"
"Population","2016","Both sexes","20 years","Kildare","Number","2737"
"Population","2016","Both sexes","20 years","Kilkenny","Number","916"
"Population","2016","Both sexes","20 years","Kerry","Number","1385"
"Population","2016","Both sexes","20 years","Longford","Number","389"
"Population","2016","Both sexes","20 years","Louth","Number","1480"
"Population","2016","Both sexes","20 years","Limerick City and County","Number","2869"
"Population","2016","Both sexes","20 years","Leitrim","Number","286"
"Population","2016","Both sexes","20 years","Laois","Number","864"
"Population","2016","Both sexes","20 years","Meath","Number","1971"
"Population","2016","Both sexes","20 years","Monaghan","Number","573"
"Population","2016","Both sexes","20 years","Mayo","Number","1209"
"Population","2016","Both sexes","20 years","Offaly","Number","788"
"Population","2016","Both sexes","20 years","Roscommon","Number","561"
"Population","2016","Both sexes","20 years","South Dublin","Number","3167"
"Population","2016","Both sexes","20 years","Sligo","Number","806"
"Population","2016","Both sexes","20 years","Tipperary","Number","1603"
"Population","2016","Both sexes","20 years","Waterford City and County","Number","1241"
"Population","2016","Both sexes","20 years","Westmeath","Number","1107"
"Population","2016","Both sexes","20 years","Wicklow","Number","1527"
"Population","2016","Both sexes","20 years","Wexford","Number","1452"
"Population","2016","Both sexes","21 years","State","Number","54397"
"Population","2016","Both sexes","21 years","Cork City and Cork County","Number","6536"
"Population","2016","Both sexes","21 years","Clare","Number","1177"
"Population","2016","Both sexes","21 years","Cavan","Number","685"
"Population","2016","Both sexes","21 years","Carlow","Number","733"
"Population","2016","Both sexes","21 years","Dublin City","Number","8014"
"Population","2016","Both sexes","21 years","Donegal","Number","1504"
"Population","2016","Both sexes","21 years","Dún Laoghaire-Rathdown","Number","3298"
"Population","2016","Both sexes","21 years","Fingal","Number","3146"
"Population","2016","Both sexes","21 years","Galway City","Number","1827"
"Population","2016","Both sexes","21 years","Galway County","Number","1566"
"Population","2016","Both sexes","21 years","Kildare","Number","2666"
"Population","2016","Both sexes","21 years","Kilkenny","Number","868"
"Population","2016","Both sexes","21 years","Kerry","Number","1369"
"Population","2016","Both sexes","21 years","Longford","Number","360"
"Population","2016","Both sexes","21 years","Louth","Number","1470"
"Population","2016","Both sexes","21 years","Limerick City and County","Number","2644"
"Population","2016","Both sexes","21 years","Leitrim","Number","233"
"Population","2016","Both sexes","21 years","Laois","Number","792"
"Population","2016","Both sexes","21 years","Meath","Number","1895"
"Population","2016","Both sexes","21 years","Monaghan","Number","607"
"Population","2016","Both sexes","21 years","Mayo","Number","1087"
"Population","2016","Both sexes","21 years","Offaly","Number","787"
"Population","2016","Both sexes","21 years","Roscommon","Number","524"
"Population","2016","Both sexes","21 years","South Dublin","Number","3174"
"Population","2016","Both sexes","21 years","Sligo","Number","788"
"Population","2016","Both sexes","21 years","Tipperary","Number","1572"
"Population","2016","Both sexes","21 years","Waterford City and County","Number","1240"
"Population","2016","Both sexes","21 years","Westmeath","Number","1007"
"Population","2016","Both sexes","21 years","Wicklow","Number","1408"
"Population","2016","Both sexes","21 years","Wexford","Number","1420"
"Population","2016","Both sexes","22 years","State","Number","54352"
"Population","2016","Both sexes","22 years","Cork City and Cork County","Number","6462"
"Population","2016","Both sexes","22 years","Clare","Number","1195"
"Population","2016","Both sexes","22 years","Cavan","Number","704"
"Population","2016","Both sexes","22 years","Carlow","Number","654"
"Population","2016","Both sexes","22 years","Dublin City","Number","8720"
"Population","2016","Both sexes","22 years","Donegal","Number","1530"
"Population","2016","Both sexes","22 years","Dún Laoghaire-Rathdown","Number","3169"
"Population","2016","Both sexes","22 years","Fingal","Number","3136"
"Population","2016","Both sexes","22 years","Galway City","Number","1681"
"Population","2016","Both sexes","22 years","Galway County","Number","1605"
"Population","2016","Both sexes","22 years","Kildare","Number","2405"
"Population","2016","Both sexes","22 years","Kilkenny","Number","925"
"Population","2016","Both sexes","22 years","Kerry","Number","1296"
"Population","2016","Both sexes","22 years","Longford","Number","381"
"Population","2016","Both sexes","22 years","Louth","Number","1380"
"Population","2016","Both sexes","22 years","Limerick City and County","Number","2549"
"Population","2016","Both sexes","22 years","Leitrim","Number","255"
"Population","2016","Both sexes","22 years","Laois","Number","832"
"Population","2016","Both sexes","22 years","Meath","Number","1895"
"Population","2016","Both sexes","22 years","Monaghan","Number","585"
"Population","2016","Both sexes","22 years","Mayo","Number","1145"
"Population","2016","Both sexes","22 years","Offaly","Number","784"
"Population","2016","Both sexes","22 years","Roscommon","Number","561"
"Population","2016","Both sexes","22 years","South Dublin","Number","3242"
"Population","2016","Both sexes","22 years","Sligo","Number","679"
"Population","2016","Both sexes","22 years","Tipperary","Number","1537"
"Population","2016","Both sexes","22 years","Waterford City and County","Number","1217"
"Population","2016","Both sexes","22 years","Westmeath","Number","992"
"Population","2016","Both sexes","22 years","Wicklow","Number","1450"
"Population","2016","Both sexes","22 years","Wexford","Number","1386"
"Population","2016","Both sexes","23 years","State","Number","53935"
"Population","2016","Both sexes","23 years","Cork City and Cork County","Number","6383"
"Population","2016","Both sexes","23 years","Clare","Number","1141"
"Population","2016","Both sexes","23 years","Cavan","Number","706"
"Population","2016","Both sexes","23 years","Carlow","Number","663"
"Population","2016","Both sexes","23 years","Dublin City","Number","9336"
"Population","2016","Both sexes","23 years","Donegal","Number","1476"
"Population","2016","Both sexes","23 years","Dún Laoghaire-Rathdown","Number","2860"
"Population","2016","Both sexes","23 years","Fingal","Number","3063"
"Population","2016","Both sexes","23 years","Galway City","Number","1633"
"Population","2016","Both sexes","23 years","Galway County","Number","1579"
"Population","2016","Both sexes","23 years","Kildare","Number","2379"
"Population","2016","Both sexes","23 years","Kilkenny","Number","1023"
"Population","2016","Both sexes","23 years","Kerry","Number","1304"
"Population","2016","Both sexes","23 years","Longford","Number","379"
"Population","2016","Both sexes","23 years","Louth","Number","1371"
"Population","2016","Both sexes","23 years","Limerick City and County","Number","2368"
"Population","2016","Both sexes","23 years","Leitrim","Number","262"
"Population","2016","Both sexes","23 years","Laois","Number","767"
"Population","2016","Both sexes","23 years","Meath","Number","1801"
"Population","2016","Both sexes","23 years","Monaghan","Number","598"
"Population","2016","Both sexes","23 years","Mayo","Number","1206"
"Population","2016","Both sexes","23 years","Offaly","Number","771"
"Population","2016","Both sexes","23 years","Roscommon","Number","560"
"Population","2016","Both sexes","23 years","South Dublin","Number","3201"
"Population","2016","Both sexes","23 years","Sligo","Number","705"
"Population","2016","Both sexes","23 years","Tipperary","Number","1473"
"Population","2016","Both sexes","23 years","Waterford City and County","Number","1160"
"Population","2016","Both sexes","23 years","Westmeath","Number","964"
"Population","2016","Both sexes","23 years","Wicklow","Number","1412"
"Population","2016","Both sexes","23 years","Wexford","Number","1391"
"Population","2016","Both sexes","24 years","State","Number","54615"
"Population","2016","Both sexes","24 years","Cork City and Cork County","Number","6117"
"Population","2016","Both sexes","24 years","Clare","Number","1057"
"Population","2016","Both sexes","24 years","Cavan","Number","717"
"Population","2016","Both sexes","24 years","Carlow","Number","581"
"Population","2016","Both sexes","24 years","Dublin City","Number","10378"
"Population","2016","Both sexes","24 years","Donegal","Number","1464"
"Population","2016","Both sexes","24 years","Dún Laoghaire-Rathdown","Number","2905"
"Population","2016","Both sexes","24 years","Fingal","Number","3216"
"Population","2016","Both sexes","24 years","Galway City","Number","1453"
"Population","2016","Both sexes","24 years","Galway County","Number","1509"
"Population","2016","Both sexes","24 years","Kildare","Number","2291"
"Population","2016","Both sexes","24 years","Kilkenny","Number","931"
"Population","2016","Both sexes","24 years","Kerry","Number","1361"
"Population","2016","Both sexes","24 years","Longford","Number","445"
"Population","2016","Both sexes","24 years","Louth","Number","1377"
"Population","2016","Both sexes","24 years","Limerick City and County","Number","2180"
"Population","2016","Both sexes","24 years","Leitrim","Number","257"
"Population","2016","Both sexes","24 years","Laois","Number","852"
"Population","2016","Both sexes","24 years","Meath","Number","1810"
"Population","2016","Both sexes","24 years","Monaghan","Number","612"
"Population","2016","Both sexes","24 years","Mayo","Number","1145"
"Population","2016","Both sexes","24 years","Offaly","Number","818"
"Population","2016","Both sexes","24 years","Roscommon","Number","543"
"Population","2016","Both sexes","24 years","South Dublin","Number","3336"
"Population","2016","Both sexes","24 years","Sligo","Number","619"
"Population","2016","Both sexes","24 years","Tipperary","Number","1567"
"Population","2016","Both sexes","24 years","Waterford City and County","Number","1257"
"Population","2016","Both sexes","24 years","Westmeath","Number","948"
"Population","2016","Both sexes","24 years","Wicklow","Number","1351"
"Population","2016","Both sexes","24 years","Wexford","Number","1518"
"Population","2016","Both sexes","25 years","State","Number","57278"
"Population","2016","Both sexes","25 years","Cork City and Cork County","Number","6425"
"Population","2016","Both sexes","25 years","Clare","Number","1144"
"Population","2016","Both sexes","25 years","Cavan","Number","728"
"Population","2016","Both sexes","25 years","Carlow","Number","666"
"Population","2016","Both sexes","25 years","Dublin City","Number","11616"
"Population","2016","Both sexes","25 years","Donegal","Number","1446"
"Population","2016","Both sexes","25 years","Dún Laoghaire-Rathdown","Number","2846"
"Population","2016","Both sexes","25 years","Fingal","Number","3457"
"Population","2016","Both sexes","25 years","Galway City","Number","1512"
"Population","2016","Both sexes","25 years","Galway County","Number","1594"
"Population","2016","Both sexes","25 years","Kildare","Number","2332"
"Population","2016","Both sexes","25 years","Kilkenny","Number","1051"
"Population","2016","Both sexes","25 years","Kerry","Number","1340"
"Population","2016","Both sexes","25 years","Longford","Number","402"
"Population","2016","Both sexes","25 years","Louth","Number","1487"
"Population","2016","Both sexes","25 years","Limerick City and County","Number","2327"
"Population","2016","Both sexes","25 years","Leitrim","Number","288"
"Population","2016","Both sexes","25 years","Laois","Number","868"
"Population","2016","Both sexes","25 years","Meath","Number","1826"
"Population","2016","Both sexes","25 years","Monaghan","Number","649"
"Population","2016","Both sexes","25 years","Mayo","Number","1137"
"Population","2016","Both sexes","25 years","Offaly","Number","773"
"Population","2016","Both sexes","25 years","Roscommon","Number","616"
"Population","2016","Both sexes","25 years","South Dublin","Number","3415"
"Population","2016","Both sexes","25 years","Sligo","Number","619"
"Population","2016","Both sexes","25 years","Tipperary","Number","1567"
"Population","2016","Both sexes","25 years","Waterford City and County","Number","1231"
"Population","2016","Both sexes","25 years","Westmeath","Number","958"
"Population","2016","Both sexes","25 years","Wicklow","Number","1448"
"Population","2016","Both sexes","25 years","Wexford","Number","1510"
"Population","2016","Both sexes","26 years","State","Number","56257"
"Population","2016","Both sexes","26 years","Cork City and Cork County","Number","6201"
"Population","2016","Both sexes","26 years","Clare","Number","1050"
"Population","2016","Both sexes","26 years","Cavan","Number","781"
"Population","2016","Both sexes","26 years","Carlow","Number","673"
"Population","2016","Both sexes","26 years","Dublin City","Number","11734"
"Population","2016","Both sexes","26 years","Donegal","Number","1506"
"Population","2016","Both sexes","26 years","Dún Laoghaire-Rathdown","Number","2714"
"Population","2016","Both sexes","26 years","Fingal","Number","3309"
"Population","2016","Both sexes","26 years","Galway City","Number","1371"
"Population","2016","Both sexes","26 years","Galway County","Number","1485"
"Population","2016","Both sexes","26 years","Kildare","Number","2203"
"Population","2016","Both sexes","26 years","Kilkenny","Number","994"
"Population","2016","Both sexes","26 years","Kerry","Number","1386"
"Population","2016","Both sexes","26 years","Longford","Number","432"
"Population","2016","Both sexes","26 years","Louth","Number","1380"
"Population","2016","Both sexes","26 years","Limerick City and County","Number","2303"
"Population","2016","Both sexes","26 years","Leitrim","Number","261"
"Population","2016","Both sexes","26 years","Laois","Number","882"
"Population","2016","Both sexes","26 years","Meath","Number","1842"
"Population","2016","Both sexes","26 years","Monaghan","Number","642"
"Population","2016","Both sexes","26 years","Mayo","Number","1179"
"Population","2016","Both sexes","26 years","Offaly","Number","795"
"Population","2016","Both sexes","26 years","Roscommon","Number","578"
"Population","2016","Both sexes","26 years","South Dublin","Number","3413"
"Population","2016","Both sexes","26 years","Sligo","Number","616"
"Population","2016","Both sexes","26 years","Tipperary","Number","1461"
"Population","2016","Both sexes","26 years","Waterford City and County","Number","1217"
"Population","2016","Both sexes","26 years","Westmeath","Number","1023"
"Population","2016","Both sexes","26 years","Wicklow","Number","1398"
"Population","2016","Both sexes","26 years","Wexford","Number","1428"
"Population","2016","Both sexes","27 years","State","Number","61652"
"Population","2016","Both sexes","27 years","Cork City and Cork County","Number","6526"
"Population","2016","Both sexes","27 years","Clare","Number","1093"
"Population","2016","Both sexes","27 years","Cavan","Number","789"
"Population","2016","Both sexes","27 years","Carlow","Number","687"
"Population","2016","Both sexes","27 years","Dublin City","Number","13776"
"Population","2016","Both sexes","27 years","Donegal","Number","1783"
"Population","2016","Both sexes","27 years","Dún Laoghaire-Rathdown","Number","2814"
"Population","2016","Both sexes","27 years","Fingal","Number","4108"
"Population","2016","Both sexes","27 years","Galway City","Number","1477"
"Population","2016","Both sexes","27 years","Galway County","Number","1625"
"Population","2016","Both sexes","27 years","Kildare","Number","2443"
"Population","2016","Both sexes","27 years","Kilkenny","Number","1012"
"Population","2016","Both sexes","27 years","Kerry","Number","1477"
"Population","2016","Both sexes","27 years","Longford","Number","435"
"Population","2016","Both sexes","27 years","Louth","Number","1623"
"Population","2016","Both sexes","27 years","Limerick City and County","Number","2458"
"Population","2016","Both sexes","27 years","Leitrim","Number","275"
"Population","2016","Both sexes","27 years","Laois","Number","970"
"Population","2016","Both sexes","27 years","Meath","Number","1861"
"Population","2016","Both sexes","27 years","Monaghan","Number","670"
"Population","2016","Both sexes","27 years","Mayo","Number","1227"
"Population","2016","Both sexes","27 years","Offaly","Number","805"
"Population","2016","Both sexes","27 years","Roscommon","Number","602"
"Population","2016","Both sexes","27 years","South Dublin","Number","3656"
"Population","2016","Both sexes","27 years","Sligo","Number","643"
"Population","2016","Both sexes","27 years","Tipperary","Number","1560"
"Population","2016","Both sexes","27 years","Waterford City and County","Number","1289"
"Population","2016","Both sexes","27 years","Westmeath","Number","1026"
"Population","2016","Both sexes","27 years","Wicklow","Number","1405"
"Population","2016","Both sexes","27 years","Wexford","Number","1537"
"Population","2016","Both sexes","28 years","State","Number","59456"
"Population","2016","Both sexes","28 years","Cork City and Cork County","Number","6414"
"Population","2016","Both sexes","28 years","Clare","Number","1131"
"Population","2016","Both sexes","28 years","Cavan","Number","833"
"Population","2016","Both sexes","28 years","Carlow","Number","657"
"Population","2016","Both sexes","28 years","Dublin City","Number","11834"
"Population","2016","Both sexes","28 years","Donegal","Number","1609"
"Population","2016","Both sexes","28 years","Dún Laoghaire-Rathdown","Number","2675"
"Population","2016","Both sexes","28 years","Fingal","Number","3777"
"Population","2016","Both sexes","28 years","Galway City","Number","1437"
"Population","2016","Both sexes","28 years","Galway County","Number","1612"
"Population","2016","Both sexes","28 years","Kildare","Number","2527"
"Population","2016","Both sexes","28 years","Kilkenny","Number","1074"
"Population","2016","Both sexes","28 years","Kerry","Number","1391"
"Population","2016","Both sexes","28 years","Longford","Number","483"
"Population","2016","Both sexes","28 years","Louth","Number","1500"
"Population","2016","Both sexes","28 years","Limerick City and County","Number","2330"
"Population","2016","Both sexes","28 years","Leitrim","Number","282"
"Population","2016","Both sexes","28 years","Laois","Number","1060"
"Population","2016","Both sexes","28 years","Meath","Number","2053"
"Population","2016","Both sexes","28 years","Monaghan","Number","740"
"Population","2016","Both sexes","28 years","Mayo","Number","1302"
"Population","2016","Both sexes","28 years","Offaly","Number","868"
"Population","2016","Both sexes","28 years","Roscommon","Number","598"
"Population","2016","Both sexes","28 years","South Dublin","Number","3758"
"Population","2016","Both sexes","28 years","Sligo","Number","632"
"Population","2016","Both sexes","28 years","Tipperary","Number","1632"
"Population","2016","Both sexes","28 years","Waterford City and County","Number","1150"
"Population","2016","Both sexes","28 years","Westmeath","Number","1040"
"Population","2016","Both sexes","28 years","Wicklow","Number","1418"
"Population","2016","Both sexes","28 years","Wexford","Number","1639"
"Population","2016","Both sexes","29 years","State","Number","62792"
"Population","2016","Both sexes","29 years","Cork City and Cork County","Number","6877"
"Population","2016","Both sexes","29 years","Clare","Number","1212"
"Population","2016","Both sexes","29 years","Cavan","Number","858"
"Population","2016","Both sexes","29 years","Carlow","Number","705"
"Population","2016","Both sexes","29 years","Dublin City","Number","11907"
"Population","2016","Both sexes","29 years","Donegal","Number","1731"
"Population","2016","Both sexes","29 years","Dún Laoghaire-Rathdown","Number","2710"
"Population","2016","Both sexes","29 years","Fingal","Number","4189"
"Population","2016","Both sexes","29 years","Galway City","Number","1500"
"Population","2016","Both sexes","29 years","Galway County","Number","1691"
"Population","2016","Both sexes","29 years","Kildare","Number","2741"
"Population","2016","Both sexes","29 years","Kilkenny","Number","1160"
"Population","2016","Both sexes","29 years","Kerry","Number","1520"
"Population","2016","Both sexes","29 years","Longford","Number","473"
"Population","2016","Both sexes","29 years","Louth","Number","1623"
"Population","2016","Both sexes","29 years","Limerick City and County","Number","2377"
"Population","2016","Both sexes","29 years","Leitrim","Number","327"
"Population","2016","Both sexes","29 years","Laois","Number","1119"
"Population","2016","Both sexes","29 years","Meath","Number","2191"
"Population","2016","Both sexes","29 years","Monaghan","Number","766"
"Population","2016","Both sexes","29 years","Mayo","Number","1320"
"Population","2016","Both sexes","29 years","Offaly","Number","879"
"Population","2016","Both sexes","29 years","Roscommon","Number","702"
"Population","2016","Both sexes","29 years","South Dublin","Number","3861"
"Population","2016","Both sexes","29 years","Sligo","Number","695"
"Population","2016","Both sexes","29 years","Tipperary","Number","1886"
"Population","2016","Both sexes","29 years","Waterford City and County","Number","1374"
"Population","2016","Both sexes","29 years","Westmeath","Number","1144"
"Population","2016","Both sexes","29 years","Wicklow","Number","1581"
"Population","2016","Both sexes","29 years","Wexford","Number","1673"
"Population","2016","Both sexes","30 years","State","Number","68347"
"Population","2016","Both sexes","30 years","Cork City and Cork County","Number","7542"
"Population","2016","Both sexes","30 years","Clare","Number","1257"
"Population","2016","Both sexes","30 years","Cavan","Number","1010"
"Population","2016","Both sexes","30 years","Carlow","Number","728"
"Population","2016","Both sexes","30 years","Dublin City","Number","12973"
"Population","2016","Both sexes","30 years","Donegal","Number","1802"
"Population","2016","Both sexes","30 years","Dún Laoghaire-Rathdown","Number","2820"
"Population","2016","Both sexes","30 years","Fingal","Number","4775"
"Population","2016","Both sexes","30 years","Galway City","Number","1526"
"Population","2016","Both sexes","30 years","Galway County","Number","1947"
"Population","2016","Both sexes","30 years","Kildare","Number","2966"
"Population","2016","Both sexes","30 years","Kilkenny","Number","1181"
"Population","2016","Both sexes","30 years","Kerry","Number","1786"
"Population","2016","Both sexes","30 years","Longford","Number","489"
"Population","2016","Both sexes","30 years","Louth","Number","1828"
"Population","2016","Both sexes","30 years","Limerick City and County","Number","2727"
"Population","2016","Both sexes","30 years","Leitrim","Number","350"
"Population","2016","Both sexes","30 years","Laois","Number","1248"
"Population","2016","Both sexes","30 years","Meath","Number","2482"
"Population","2016","Both sexes","30 years","Monaghan","Number","803"
"Population","2016","Both sexes","30 years","Mayo","Number","1467"
"Population","2016","Both sexes","30 years","Offaly","Number","905"
"Population","2016","Both sexes","30 years","Roscommon","Number","711"
"Population","2016","Both sexes","30 years","South Dublin","Number","4266"
"Population","2016","Both sexes","30 years","Sligo","Number","777"
"Population","2016","Both sexes","30 years","Tipperary","Number","1834"
"Population","2016","Both sexes","30 years","Waterford City and County","Number","1443"
"Population","2016","Both sexes","30 years","Westmeath","Number","1265"
"Population","2016","Both sexes","30 years","Wicklow","Number","1706"
"Population","2016","Both sexes","30 years","Wexford","Number","1733"
"Population","2016","Both sexes","31 years","State","Number","68334"
"Population","2016","Both sexes","31 years","Cork City and Cork County","Number","7691"
"Population","2016","Both sexes","31 years","Clare","Number","1478"
"Population","2016","Both sexes","31 years","Cavan","Number","1005"
"Population","2016","Both sexes","31 years","Carlow","Number","814"
"Population","2016","Both sexes","31 years","Dublin City","Number","11592"
"Population","2016","Both sexes","31 years","Donegal","Number","1811"
"Population","2016","Both sexes","31 years","Dún Laoghaire-Rathdown","Number","2960"
"Population","2016","Both sexes","31 years","Fingal","Number","4585"
"Population","2016","Both sexes","31 years","Galway City","Number","1479"
"Population","2016","Both sexes","31 years","Galway County","Number","2055"
"Population","2016","Both sexes","31 years","Kildare","Number","3121"
"Population","2016","Both sexes","31 years","Kilkenny","Number","1207"
"Population","2016","Both sexes","31 years","Kerry","Number","1810"
"Population","2016","Both sexes","31 years","Longford","Number","504"
"Population","2016","Both sexes","31 years","Louth","Number","1699"
"Population","2016","Both sexes","31 years","Limerick City and County","Number","2665"
"Population","2016","Both sexes","31 years","Leitrim","Number","364"
"Population","2016","Both sexes","31 years","Laois","Number","1231"
"Population","2016","Both sexes","31 years","Meath","Number","2588"
"Population","2016","Both sexes","31 years","Monaghan","Number","815"
"Population","2016","Both sexes","31 years","Mayo","Number","1561"
"Population","2016","Both sexes","31 years","Offaly","Number","1042"
"Population","2016","Both sexes","31 years","Roscommon","Number","801"
"Population","2016","Both sexes","31 years","South Dublin","Number","4347"
"Population","2016","Both sexes","31 years","Sligo","Number","790"
"Population","2016","Both sexes","31 years","Tipperary","Number","1922"
"Population","2016","Both sexes","31 years","Waterford City and County","Number","1418"
"Population","2016","Both sexes","31 years","Westmeath","Number","1251"
"Population","2016","Both sexes","31 years","Wicklow","Number","1814"
"Population","2016","Both sexes","31 years","Wexford","Number","1914"
"Population","2016","Both sexes","32 years","State","Number","71772"
"Population","2016","Both sexes","32 years","Cork City and Cork County","Number","7890"
"Population","2016","Both sexes","32 years","Clare","Number","1477"
"Population","2016","Both sexes","32 years","Cavan","Number","1088"
"Population","2016","Both sexes","32 years","Carlow","Number","816"
"Population","2016","Both sexes","32 years","Dublin City","Number","11536"
"Population","2016","Both sexes","32 years","Donegal","Number","1920"
"Population","2016","Both sexes","32 years","Dún Laoghaire-Rathdown","Number","3119"
"Population","2016","Both sexes","32 years","Fingal","Number","5049"
"Population","2016","Both sexes","32 years","Galway City","Number","1527"
"Population","2016","Both sexes","32 years","Galway County","Number","2159"
"Population","2016","Both sexes","32 years","Kildare","Number","3378"
"Population","2016","Both sexes","32 years","Kilkenny","Number","1378"
"Population","2016","Both sexes","32 years","Kerry","Number","2029"
"Population","2016","Both sexes","32 years","Longford","Number","583"
"Population","2016","Both sexes","32 years","Louth","Number","1841"
"Population","2016","Both sexes","32 years","Limerick City and County","Number","2820"
"Population","2016","Both sexes","32 years","Leitrim","Number","397"
"Population","2016","Both sexes","32 years","Laois","Number","1354"
"Population","2016","Both sexes","32 years","Meath","Number","2767"
"Population","2016","Both sexes","32 years","Monaghan","Number","850"
"Population","2016","Both sexes","32 years","Mayo","Number","1637"
"Population","2016","Both sexes","32 years","Offaly","Number","1048"
"Population","2016","Both sexes","32 years","Roscommon","Number","810"
"Population","2016","Both sexes","32 years","South Dublin","Number","4611"
"Population","2016","Both sexes","32 years","Sligo","Number","875"
"Population","2016","Both sexes","32 years","Tipperary","Number","2086"
"Population","2016","Both sexes","32 years","Waterford City and County","Number","1550"
"Population","2016","Both sexes","32 years","Westmeath","Number","1290"
"Population","2016","Both sexes","32 years","Wicklow","Number","1923"
"Population","2016","Both sexes","32 years","Wexford","Number","1964"
"Population","2016","Both sexes","33 years","State","Number","75704"
"Population","2016","Both sexes","33 years","Cork City and Cork County","Number","8512"
"Population","2016","Both sexes","33 years","Clare","Number","1590"
"Population","2016","Both sexes","33 years","Cavan","Number","1176"
"Population","2016","Both sexes","33 years","Carlow","Number","894"
"Population","2016","Both sexes","33 years","Dublin City","Number","11634"
"Population","2016","Both sexes","33 years","Donegal","Number","2121"
"Population","2016","Both sexes","33 years","Dún Laoghaire-Rathdown","Number","3286"
"Population","2016","Both sexes","33 years","Fingal","Number","5379"
"Population","2016","Both sexes","33 years","Galway City","Number","1587"
"Population","2016","Both sexes","33 years","Galway County","Number","2425"
"Population","2016","Both sexes","33 years","Kildare","Number","3718"
"Population","2016","Both sexes","33 years","Kilkenny","Number","1451"
"Population","2016","Both sexes","33 years","Kerry","Number","1996"
"Population","2016","Both sexes","33 years","Longford","Number","605"
"Population","2016","Both sexes","33 years","Louth","Number","1873"
"Population","2016","Both sexes","33 years","Limerick City and County","Number","3072"
"Population","2016","Both sexes","33 years","Leitrim","Number","443"
"Population","2016","Both sexes","33 years","Laois","Number","1409"
"Population","2016","Both sexes","33 years","Meath","Number","3020"
"Population","2016","Both sexes","33 years","Monaghan","Number","968"
"Population","2016","Both sexes","33 years","Mayo","Number","1690"
"Population","2016","Both sexes","33 years","Offaly","Number","1145"
"Population","2016","Both sexes","33 years","Roscommon","Number","810"
"Population","2016","Both sexes","33 years","South Dublin","Number","4913"
"Population","2016","Both sexes","33 years","Sligo","Number","876"
"Population","2016","Both sexes","33 years","Tipperary","Number","2198"
"Population","2016","Both sexes","33 years","Waterford City and County","Number","1530"
"Population","2016","Both sexes","33 years","Westmeath","Number","1291"
"Population","2016","Both sexes","33 years","Wicklow","Number","2088"
"Population","2016","Both sexes","33 years","Wexford","Number","2004"
"Population","2016","Both sexes","34 years","State","Number","77818"
"Population","2016","Both sexes","34 years","Cork City and Cork County","Number","8766"
"Population","2016","Both sexes","34 years","Clare","Number","1649"
"Population","2016","Both sexes","34 years","Cavan","Number","1141"
"Population","2016","Both sexes","34 years","Carlow","Number","884"
"Population","2016","Both sexes","34 years","Dublin City","Number","11154"
"Population","2016","Both sexes","34 years","Donegal","Number","2172"
"Population","2016","Both sexes","34 years","Dún Laoghaire-Rathdown","Number","3555"
"Population","2016","Both sexes","34 years","Fingal","Number","5737"
"Population","2016","Both sexes","34 years","Galway City","Number","1640"
"Population","2016","Both sexes","34 years","Galway County","Number","2514"
"Population","2016","Both sexes","34 years","Kildare","Number","3847"
"Population","2016","Both sexes","34 years","Kilkenny","Number","1479"
"Population","2016","Both sexes","34 years","Kerry","Number","2101"
"Population","2016","Both sexes","34 years","Longford","Number","603"
"Population","2016","Both sexes","34 years","Louth","Number","2015"
"Population","2016","Both sexes","34 years","Limerick City and County","Number","2971"
"Population","2016","Both sexes","34 years","Leitrim","Number","430"
"Population","2016","Both sexes","34 years","Laois","Number","1437"
"Population","2016","Both sexes","34 years","Meath","Number","3157"
"Population","2016","Both sexes","34 years","Monaghan","Number","928"
"Population","2016","Both sexes","34 years","Mayo","Number","1756"
"Population","2016","Both sexes","34 years","Offaly","Number","1249"
"Population","2016","Both sexes","34 years","Roscommon","Number","929"
"Population","2016","Both sexes","34 years","South Dublin","Number","5135"
"Population","2016","Both sexes","34 years","Sligo","Number","946"
"Population","2016","Both sexes","34 years","Tipperary","Number","2335"
"Population","2016","Both sexes","34 years","Waterford City and County","Number","1621"
"Population","2016","Both sexes","34 years","Westmeath","Number","1369"
"Population","2016","Both sexes","34 years","Wicklow","Number","2129"
"Population","2016","Both sexes","34 years","Wexford","Number","2169"
"Population","2016","Both sexes","35 years","State","Number","81545"
"Population","2016","Both sexes","35 years","Cork City and Cork County","Number","9206"
"Population","2016","Both sexes","35 years","Clare","Number","1747"
"Population","2016","Both sexes","35 years","Cavan","Number","1212"
"Population","2016","Both sexes","35 years","Carlow","Number","893"
"Population","2016","Both sexes","35 years","Dublin City","Number","11524"
"Population","2016","Both sexes","35 years","Donegal","Number","2312"
"Population","2016","Both sexes","35 years","Dún Laoghaire-Rathdown","Number","3616"
"Population","2016","Both sexes","35 years","Fingal","Number","5978"
"Population","2016","Both sexes","35 years","Galway City","Number","1637"
"Population","2016","Both sexes","35 years","Galway County","Number","2774"
"Population","2016","Both sexes","35 years","Kildare","Number","3943"
"Population","2016","Both sexes","35 years","Kilkenny","Number","1591"
"Population","2016","Both sexes","35 years","Kerry","Number","2211"
"Population","2016","Both sexes","35 years","Longford","Number","676"
"Population","2016","Both sexes","35 years","Louth","Number","2079"
"Population","2016","Both sexes","35 years","Limerick City and County","Number","3134"
"Population","2016","Both sexes","35 years","Leitrim","Number","485"
"Population","2016","Both sexes","35 years","Laois","Number","1509"
"Population","2016","Both sexes","35 years","Meath","Number","3332"
"Population","2016","Both sexes","35 years","Monaghan","Number","1019"
"Population","2016","Both sexes","35 years","Mayo","Number","1819"
"Population","2016","Both sexes","35 years","Offaly","Number","1211"
"Population","2016","Both sexes","35 years","Roscommon","Number","946"
"Population","2016","Both sexes","35 years","South Dublin","Number","5327"
"Population","2016","Both sexes","35 years","Sligo","Number","958"
"Population","2016","Both sexes","35 years","Tipperary","Number","2410"
"Population","2016","Both sexes","35 years","Waterford City and County","Number","1781"
"Population","2016","Both sexes","35 years","Westmeath","Number","1484"
"Population","2016","Both sexes","35 years","Wicklow","Number","2398"
"Population","2016","Both sexes","35 years","Wexford","Number","2333"
"Population","2016","Both sexes","36 years","State","Number","83196"
"Population","2016","Both sexes","36 years","Cork City and Cork County","Number","9216"
"Population","2016","Both sexes","36 years","Clare","Number","1875"
"Population","2016","Both sexes","36 years","Cavan","Number","1206"
"Population","2016","Both sexes","36 years","Carlow","Number","928"
"Population","2016","Both sexes","36 years","Dublin City","Number","11336"
"Population","2016","Both sexes","36 years","Donegal","Number","2450"
"Population","2016","Both sexes","36 years","Dún Laoghaire-Rathdown","Number","3612"
"Population","2016","Both sexes","36 years","Fingal","Number","6391"
"Population","2016","Both sexes","36 years","Galway City","Number","1605"
"Population","2016","Both sexes","36 years","Galway County","Number","2863"
"Population","2016","Both sexes","36 years","Kildare","Number","4063"
"Population","2016","Both sexes","36 years","Kilkenny","Number","1543"
"Population","2016","Both sexes","36 years","Kerry","Number","2325"
"Population","2016","Both sexes","36 years","Longford","Number","715"
"Population","2016","Both sexes","36 years","Louth","Number","2206"
"Population","2016","Both sexes","36 years","Limerick City and County","Number","3251"
"Population","2016","Both sexes","36 years","Leitrim","Number","492"
"Population","2016","Both sexes","36 years","Laois","Number","1523"
"Population","2016","Both sexes","36 years","Meath","Number","3522"
"Population","2016","Both sexes","36 years","Monaghan","Number","973"
"Population","2016","Both sexes","36 years","Mayo","Number","1832"
"Population","2016","Both sexes","36 years","Offaly","Number","1232"
"Population","2016","Both sexes","36 years","Roscommon","Number","968"
"Population","2016","Both sexes","36 years","South Dublin","Number","5492"
"Population","2016","Both sexes","36 years","Sligo","Number","988"
"Population","2016","Both sexes","36 years","Tipperary","Number","2429"
"Population","2016","Both sexes","36 years","Waterford City and County","Number","1868"
"Population","2016","Both sexes","36 years","Westmeath","Number","1495"
"Population","2016","Both sexes","36 years","Wicklow","Number","2370"
"Population","2016","Both sexes","36 years","Wexford","Number","2427"
"Population","2016","Both sexes","37 years","State","Number","77184"
"Population","2016","Both sexes","37 years","Cork City and Cork County","Number","8872"
"Population","2016","Both sexes","37 years","Clare","Number","1715"
"Population","2016","Both sexes","37 years","Cavan","Number","1172"
"Population","2016","Both sexes","37 years","Carlow","Number","942"
"Population","2016","Both sexes","37 years","Dublin City","Number","9611"
"Population","2016","Both sexes","37 years","Donegal","Number","2260"
"Population","2016","Both sexes","37 years","Dún Laoghaire-Rathdown","Number","3413"
"Population","2016","Both sexes","37 years","Fingal","Number","5680"
"Population","2016","Both sexes","37 years","Galway City","Number","1402"
"Population","2016","Both sexes","37 years","Galway County","Number","2726"
"Population","2016","Both sexes","37 years","Kildare","Number","3908"
"Population","2016","Both sexes","37 years","Kilkenny","Number","1601"
"Population","2016","Both sexes","37 years","Kerry","Number","2202"
"Population","2016","Both sexes","37 years","Longford","Number","642"
"Population","2016","Both sexes","37 years","Louth","Number","1964"
"Population","2016","Both sexes","37 years","Limerick City and County","Number","3029"
"Population","2016","Both sexes","37 years","Leitrim","Number","440"
"Population","2016","Both sexes","37 years","Laois","Number","1370"
"Population","2016","Both sexes","37 years","Meath","Number","3394"
"Population","2016","Both sexes","37 years","Monaghan","Number","910"
"Population","2016","Both sexes","37 years","Mayo","Number","1717"
"Population","2016","Both sexes","37 years","Offaly","Number","1172"
"Population","2016","Both sexes","37 years","Roscommon","Number","900"
"Population","2016","Both sexes","37 years","South Dublin","Number","5181"
"Population","2016","Both sexes","37 years","Sligo","Number","938"
"Population","2016","Both sexes","37 years","Tipperary","Number","2357"
"Population","2016","Both sexes","37 years","Waterford City and County","Number","1819"
"Population","2016","Both sexes","37 years","Westmeath","Number","1356"
"Population","2016","Both sexes","37 years","Wicklow","Number","2268"
"Population","2016","Both sexes","37 years","Wexford","Number","2223"
"Population","2016","Both sexes","38 years","State","Number","74681"
"Population","2016","Both sexes","38 years","Cork City and Cork County","Number","8468"
"Population","2016","Both sexes","38 years","Clare","Number","1776"
"Population","2016","Both sexes","38 years","Cavan","Number","1178"
"Population","2016","Both sexes","38 years","Carlow","Number","847"
"Population","2016","Both sexes","38 years","Dublin City","Number","8942"
"Population","2016","Both sexes","38 years","Donegal","Number","2287"
"Population","2016","Both sexes","38 years","Dún Laoghaire-Rathdown","Number","3227"
"Population","2016","Both sexes","38 years","Fingal","Number","5545"
"Population","2016","Both sexes","38 years","Galway City","Number","1292"
"Population","2016","Both sexes","38 years","Galway County","Number","2800"
"Population","2016","Both sexes","38 years","Kildare","Number","3816"
"Population","2016","Both sexes","38 years","Kilkenny","Number","1548"
"Population","2016","Both sexes","38 years","Kerry","Number","2185"
"Population","2016","Both sexes","38 years","Longford","Number","557"
"Population","2016","Both sexes","38 years","Louth","Number","2044"
"Population","2016","Both sexes","38 years","Limerick City and County","Number","2870"
"Population","2016","Both sexes","38 years","Leitrim","Number","443"
"Population","2016","Both sexes","38 years","Laois","Number","1428"
"Population","2016","Both sexes","38 years","Meath","Number","3307"
"Population","2016","Both sexes","38 years","Monaghan","Number","897"
"Population","2016","Both sexes","38 years","Mayo","Number","1737"
"Population","2016","Both sexes","38 years","Offaly","Number","1161"
"Population","2016","Both sexes","38 years","Roscommon","Number","883"
"Population","2016","Both sexes","38 years","South Dublin","Number","4691"
"Population","2016","Both sexes","38 years","Sligo","Number","935"
"Population","2016","Both sexes","38 years","Tipperary","Number","2312"
"Population","2016","Both sexes","38 years","Waterford City and County","Number","1801"
"Population","2016","Both sexes","38 years","Westmeath","Number","1320"
"Population","2016","Both sexes","38 years","Wicklow","Number","2249"
"Population","2016","Both sexes","38 years","Wexford","Number","2135"
"Population","2016","Both sexes","39 years","State","Number","72815"
"Population","2016","Both sexes","39 years","Cork City and Cork County","Number","8383"
"Population","2016","Both sexes","39 years","Clare","Number","1766"
"Population","2016","Both sexes","39 years","Cavan","Number","1045"
"Population","2016","Both sexes","39 years","Carlow","Number","888"
"Population","2016","Both sexes","39 years","Dublin City","Number","8148"
"Population","2016","Both sexes","39 years","Donegal","Number","2317"
"Population","2016","Both sexes","39 years","Dún Laoghaire-Rathdown","Number","2919"
"Population","2016","Both sexes","39 years","Fingal","Number","5389"
"Population","2016","Both sexes","39 years","Galway City","Number","1224"
"Population","2016","Both sexes","39 years","Galway County","Number","2852"
"Population","2016","Both sexes","39 years","Kildare","Number","3692"
"Population","2016","Both sexes","39 years","Kilkenny","Number","1518"
"Population","2016","Both sexes","39 years","Kerry","Number","2102"
"Population","2016","Both sexes","39 years","Longford","Number","607"
"Population","2016","Both sexes","39 years","Louth","Number","1954"
"Population","2016","Both sexes","39 years","Limerick City and County","Number","2924"
"Population","2016","Both sexes","39 years","Leitrim","Number","474"
"Population","2016","Both sexes","39 years","Laois","Number","1375"
"Population","2016","Both sexes","39 years","Meath","Number","3277"
"Population","2016","Both sexes","39 years","Monaghan","Number","909"
"Population","2016","Both sexes","39 years","Mayo","Number","1757"
"Population","2016","Both sexes","39 years","Offaly","Number","1148"
"Population","2016","Both sexes","39 years","Roscommon","Number","894"
"Population","2016","Both sexes","39 years","South Dublin","Number","4522"
"Population","2016","Both sexes","39 years","Sligo","Number","943"
"Population","2016","Both sexes","39 years","Tipperary","Number","2301"
"Population","2016","Both sexes","39 years","Waterford City and County","Number","1758"
"Population","2016","Both sexes","39 years","Westmeath","Number","1312"
"Population","2016","Both sexes","39 years","Wicklow","Number","2208"
"Population","2016","Both sexes","39 years","Wexford","Number","2209"
"Population","2016","Both sexes","40 years","State","Number","73414"
"Population","2016","Both sexes","40 years","Cork City and Cork County","Number","8437"
"Population","2016","Both sexes","40 years","Clare","Number","1857"
"Population","2016","Both sexes","40 years","Cavan","Number","1099"
"Population","2016","Both sexes","40 years","Carlow","Number","866"
"Population","2016","Both sexes","40 years","Dublin City","Number","8268"
"Population","2016","Both sexes","40 years","Donegal","Number","2265"
"Population","2016","Both sexes","40 years","Dún Laoghaire-Rathdown","Number","3045"
"Population","2016","Both sexes","40 years","Fingal","Number","5567"
"Population","2016","Both sexes","40 years","Galway City","Number","1212"
"Population","2016","Both sexes","40 years","Galway County","Number","2794"
"Population","2016","Both sexes","40 years","Kildare","Number","3782"
"Population","2016","Both sexes","40 years","Kilkenny","Number","1588"
"Population","2016","Both sexes","40 years","Kerry","Number","2121"
"Population","2016","Both sexes","40 years","Longford","Number","584"
"Population","2016","Both sexes","40 years","Louth","Number","2078"
"Population","2016","Both sexes","40 years","Limerick City and County","Number","2867"
"Population","2016","Both sexes","40 years","Leitrim","Number","438"
"Population","2016","Both sexes","40 years","Laois","Number","1291"
"Population","2016","Both sexes","40 years","Meath","Number","3366"
"Population","2016","Both sexes","40 years","Monaghan","Number","914"
"Population","2016","Both sexes","40 years","Mayo","Number","1843"
"Population","2016","Both sexes","40 years","Offaly","Number","1153"
"Population","2016","Both sexes","40 years","Roscommon","Number","917"
"Population","2016","Both sexes","40 years","South Dublin","Number","4359"
"Population","2016","Both sexes","40 years","Sligo","Number","924"
"Population","2016","Both sexes","40 years","Tipperary","Number","2312"
"Population","2016","Both sexes","40 years","Waterford City and County","Number","1757"
"Population","2016","Both sexes","40 years","Westmeath","Number","1268"
"Population","2016","Both sexes","40 years","Wicklow","Number","2284"
"Population","2016","Both sexes","40 years","Wexford","Number","2158"
"Population","2016","Both sexes","41 years","State","Number","71974"
"Population","2016","Both sexes","41 years","Cork City and Cork County","Number","8279"
"Population","2016","Both sexes","41 years","Clare","Number","1670"
"Population","2016","Both sexes","41 years","Cavan","Number","1093"
"Population","2016","Both sexes","41 years","Carlow","Number","853"
"Population","2016","Both sexes","41 years","Dublin City","Number","7580"
"Population","2016","Both sexes","41 years","Donegal","Number","2280"
"Population","2016","Both sexes","41 years","Dún Laoghaire-Rathdown","Number","3023"
"Population","2016","Both sexes","41 years","Fingal","Number","5288"
"Population","2016","Both sexes","41 years","Galway City","Number","1072"
"Population","2016","Both sexes","41 years","Galway County","Number","2824"
"Population","2016","Both sexes","41 years","Kildare","Number","3693"
"Population","2016","Both sexes","41 years","Kilkenny","Number","1513"
"Population","2016","Both sexes","41 years","Kerry","Number","2161"
"Population","2016","Both sexes","41 years","Longford","Number","597"
"Population","2016","Both sexes","41 years","Louth","Number","1981"
"Population","2016","Both sexes","41 years","Limerick City and County","Number","2862"
"Population","2016","Both sexes","41 years","Leitrim","Number","452"
"Population","2016","Both sexes","41 years","Laois","Number","1237"
"Population","2016","Both sexes","41 years","Meath","Number","3433"
"Population","2016","Both sexes","41 years","Monaghan","Number","890"
"Population","2016","Both sexes","41 years","Mayo","Number","1772"
"Population","2016","Both sexes","41 years","Offaly","Number","1189"
"Population","2016","Both sexes","41 years","Roscommon","Number","925"
"Population","2016","Both sexes","41 years","South Dublin","Number","4329"
"Population","2016","Both sexes","41 years","Sligo","Number","942"
"Population","2016","Both sexes","41 years","Tipperary","Number","2394"
"Population","2016","Both sexes","41 years","Waterford City and County","Number","1729"
"Population","2016","Both sexes","41 years","Westmeath","Number","1377"
"Population","2016","Both sexes","41 years","Wicklow","Number","2302"
"Population","2016","Both sexes","41 years","Wexford","Number","2234"
"Population","2016","Both sexes","42 years","State","Number","71172"
"Population","2016","Both sexes","42 years","Cork City and Cork County","Number","8004"
"Population","2016","Both sexes","42 years","Clare","Number","1846"
"Population","2016","Both sexes","42 years","Cavan","Number","1126"
"Population","2016","Both sexes","42 years","Carlow","Number","802"
"Population","2016","Both sexes","42 years","Dublin City","Number","7472"
"Population","2016","Both sexes","42 years","Donegal","Number","2239"
"Population","2016","Both sexes","42 years","Dún Laoghaire-Rathdown","Number","2992"
"Population","2016","Both sexes","42 years","Fingal","Number","5278"
"Population","2016","Both sexes","42 years","Galway City","Number","1064"
"Population","2016","Both sexes","42 years","Galway County","Number","2819"
"Population","2016","Both sexes","42 years","Kildare","Number","3702"
"Population","2016","Both sexes","42 years","Kilkenny","Number","1542"
"Population","2016","Both sexes","42 years","Kerry","Number","2158"
"Population","2016","Both sexes","42 years","Longford","Number","571"
"Population","2016","Both sexes","42 years","Louth","Number","1930"
"Population","2016","Both sexes","42 years","Limerick City and County","Number","2781"
"Population","2016","Both sexes","42 years","Leitrim","Number","500"
"Population","2016","Both sexes","42 years","Laois","Number","1301"
"Population","2016","Both sexes","42 years","Meath","Number","3381"
"Population","2016","Both sexes","42 years","Monaghan","Number","877"
"Population","2016","Both sexes","42 years","Mayo","Number","1783"
"Population","2016","Both sexes","42 years","Offaly","Number","1141"
"Population","2016","Both sexes","42 years","Roscommon","Number","929"
"Population","2016","Both sexes","42 years","South Dublin","Number","4267"
"Population","2016","Both sexes","42 years","Sligo","Number","901"
"Population","2016","Both sexes","42 years","Tipperary","Number","2356"
"Population","2016","Both sexes","42 years","Waterford City and County","Number","1635"
"Population","2016","Both sexes","42 years","Westmeath","Number","1289"
"Population","2016","Both sexes","42 years","Wicklow","Number","2289"
"Population","2016","Both sexes","42 years","Wexford","Number","2197"
"Population","2016","Both sexes","43 years","State","Number","71288"
"Population","2016","Both sexes","43 years","Cork City and Cork County","Number","8005"
"Population","2016","Both sexes","43 years","Clare","Number","1842"
"Population","2016","Both sexes","43 years","Cavan","Number","1071"
"Population","2016","Both sexes","43 years","Carlow","Number","916"
"Population","2016","Both sexes","43 years","Dublin City","Number","7378"
"Population","2016","Both sexes","43 years","Donegal","Number","2313"
"Population","2016","Both sexes","43 years","Dún Laoghaire-Rathdown","Number","3061"
"Population","2016","Both sexes","43 years","Fingal","Number","5058"
"Population","2016","Both sexes","43 years","Galway City","Number","1025"
"Population","2016","Both sexes","43 years","Galway County","Number","2865"
"Population","2016","Both sexes","43 years","Kildare","Number","3887"
"Population","2016","Both sexes","43 years","Kilkenny","Number","1583"
"Population","2016","Both sexes","43 years","Kerry","Number","2118"
"Population","2016","Both sexes","43 years","Longford","Number","589"
"Population","2016","Both sexes","43 years","Louth","Number","2038"
"Population","2016","Both sexes","43 years","Limerick City and County","Number","2805"
"Population","2016","Both sexes","43 years","Leitrim","Number","456"
"Population","2016","Both sexes","43 years","Laois","Number","1241"
"Population","2016","Both sexes","43 years","Meath","Number","3262"
"Population","2016","Both sexes","43 years","Monaghan","Number","906"
"Population","2016","Both sexes","43 years","Mayo","Number","1827"
"Population","2016","Both sexes","43 years","Offaly","Number","1140"
"Population","2016","Both sexes","43 years","Roscommon","Number","910"
"Population","2016","Both sexes","43 years","South Dublin","Number","4125"
"Population","2016","Both sexes","43 years","Sligo","Number","909"
"Population","2016","Both sexes","43 years","Tipperary","Number","2406"
"Population","2016","Both sexes","43 years","Waterford City and County","Number","1688"
"Population","2016","Both sexes","43 years","Westmeath","Number","1284"
"Population","2016","Both sexes","43 years","Wicklow","Number","2296"
"Population","2016","Both sexes","43 years","Wexford","Number","2284"
"Population","2016","Both sexes","44 years","State","Number","69612"
"Population","2016","Both sexes","44 years","Cork City and Cork County","Number","7961"
"Population","2016","Both sexes","44 years","Clare","Number","1903"
"Population","2016","Both sexes","44 years","Cavan","Number","1104"
"Population","2016","Both sexes","44 years","Carlow","Number","860"
"Population","2016","Both sexes","44 years","Dublin City","Number","7323"
"Population","2016","Both sexes","44 years","Donegal","Number","2315"
"Population","2016","Both sexes","44 years","Dún Laoghaire-Rathdown","Number","3088"
"Population","2016","Both sexes","44 years","Fingal","Number","4838"
"Population","2016","Both sexes","44 years","Galway City","Number","967"
"Population","2016","Both sexes","44 years","Galway County","Number","2778"
"Population","2016","Both sexes","44 years","Kildare","Number","3629"
"Population","2016","Both sexes","44 years","Kilkenny","Number","1445"
"Population","2016","Both sexes","44 years","Kerry","Number","2129"
"Population","2016","Both sexes","44 years","Longford","Number","565"
"Population","2016","Both sexes","44 years","Louth","Number","1961"
"Population","2016","Both sexes","44 years","Limerick City and County","Number","2764"
"Population","2016","Both sexes","44 years","Leitrim","Number","486"
"Population","2016","Both sexes","44 years","Laois","Number","1295"
"Population","2016","Both sexes","44 years","Meath","Number","3193"
"Population","2016","Both sexes","44 years","Monaghan","Number","856"
"Population","2016","Both sexes","44 years","Mayo","Number","1792"
"Population","2016","Both sexes","44 years","Offaly","Number","1135"
"Population","2016","Both sexes","44 years","Roscommon","Number","896"
"Population","2016","Both sexes","44 years","South Dublin","Number","3871"
"Population","2016","Both sexes","44 years","Sligo","Number","837"
"Population","2016","Both sexes","44 years","Tipperary","Number","2245"
"Population","2016","Both sexes","44 years","Waterford City and County","Number","1645"
"Population","2016","Both sexes","44 years","Westmeath","Number","1261"
"Population","2016","Both sexes","44 years","Wicklow","Number","2207"
"Population","2016","Both sexes","44 years","Wexford","Number","2263"
"Population","2016","Both sexes","45 years","State","Number","70457"
"Population","2016","Both sexes","45 years","Cork City and Cork County","Number","8069"
"Population","2016","Both sexes","45 years","Clare","Number","1797"
"Population","2016","Both sexes","45 years","Cavan","Number","1099"
"Population","2016","Both sexes","45 years","Carlow","Number","849"
"Population","2016","Both sexes","45 years","Dublin City","Number","7719"
"Population","2016","Both sexes","45 years","Donegal","Number","2386"
"Population","2016","Both sexes","45 years","Dún Laoghaire-Rathdown","Number","3010"
"Population","2016","Both sexes","45 years","Fingal","Number","4775"
"Population","2016","Both sexes","45 years","Galway City","Number","1039"
"Population","2016","Both sexes","45 years","Galway County","Number","2853"
"Population","2016","Both sexes","45 years","Kildare","Number","3541"
"Population","2016","Both sexes","45 years","Kilkenny","Number","1411"
"Population","2016","Both sexes","45 years","Kerry","Number","2172"
"Population","2016","Both sexes","45 years","Longford","Number","578"
"Population","2016","Both sexes","45 years","Louth","Number","2048"
"Population","2016","Both sexes","45 years","Limerick City and County","Number","2765"
"Population","2016","Both sexes","45 years","Leitrim","Number","465"
"Population","2016","Both sexes","45 years","Laois","Number","1289"
"Population","2016","Both sexes","45 years","Meath","Number","3176"
"Population","2016","Both sexes","45 years","Monaghan","Number","806"
"Population","2016","Both sexes","45 years","Mayo","Number","1826"
"Population","2016","Both sexes","45 years","Offaly","Number","1154"
"Population","2016","Both sexes","45 years","Roscommon","Number","950"
"Population","2016","Both sexes","45 years","South Dublin","Number","3848"
"Population","2016","Both sexes","45 years","Sligo","Number","897"
"Population","2016","Both sexes","45 years","Tipperary","Number","2360"
"Population","2016","Both sexes","45 years","Waterford City and County","Number","1725"
"Population","2016","Both sexes","45 years","Westmeath","Number","1313"
"Population","2016","Both sexes","45 years","Wicklow","Number","2284"
"Population","2016","Both sexes","45 years","Wexford","Number","2253"
"Population","2016","Both sexes","46 years","State","Number","67208"
"Population","2016","Both sexes","46 years","Cork City and Cork County","Number","7776"
"Population","2016","Both sexes","46 years","Clare","Number","1805"
"Population","2016","Both sexes","46 years","Cavan","Number","1103"
"Population","2016","Both sexes","46 years","Carlow","Number","796"
"Population","2016","Both sexes","46 years","Dublin City","Number","7072"
"Population","2016","Both sexes","46 years","Donegal","Number","2308"
"Population","2016","Both sexes","46 years","Dún Laoghaire-Rathdown","Number","2918"
"Population","2016","Both sexes","46 years","Fingal","Number","4188"
"Population","2016","Both sexes","46 years","Galway City","Number","895"
"Population","2016","Both sexes","46 years","Galway County","Number","2705"
"Population","2016","Both sexes","46 years","Kildare","Number","3336"
"Population","2016","Both sexes","46 years","Kilkenny","Number","1387"
"Population","2016","Both sexes","46 years","Kerry","Number","2183"
"Population","2016","Both sexes","46 years","Longford","Number","558"
"Population","2016","Both sexes","46 years","Louth","Number","1921"
"Population","2016","Both sexes","46 years","Limerick City and County","Number","2701"
"Population","2016","Both sexes","46 years","Leitrim","Number","469"
"Population","2016","Both sexes","46 years","Laois","Number","1259"
"Population","2016","Both sexes","46 years","Meath","Number","3077"
"Population","2016","Both sexes","46 years","Monaghan","Number","872"
"Population","2016","Both sexes","46 years","Mayo","Number","1808"
"Population","2016","Both sexes","46 years","Offaly","Number","1060"
"Population","2016","Both sexes","46 years","Roscommon","Number","879"
"Population","2016","Both sexes","46 years","South Dublin","Number","3721"
"Population","2016","Both sexes","46 years","Sligo","Number","891"
"Population","2016","Both sexes","46 years","Tipperary","Number","2269"
"Population","2016","Both sexes","46 years","Waterford City and County","Number","1655"
"Population","2016","Both sexes","46 years","Westmeath","Number","1283"
"Population","2016","Both sexes","46 years","Wicklow","Number","2126"
"Population","2016","Both sexes","46 years","Wexford","Number","2187"
"Population","2016","Both sexes","47 years","State","Number","63640"
"Population","2016","Both sexes","47 years","Cork City and Cork County","Number","7190"
"Population","2016","Both sexes","47 years","Clare","Number","1739"
"Population","2016","Both sexes","47 years","Cavan","Number","1011"
"Population","2016","Both sexes","47 years","Carlow","Number","746"
"Population","2016","Both sexes","47 years","Dublin City","Number","6585"
"Population","2016","Both sexes","47 years","Donegal","Number","2276"
"Population","2016","Both sexes","47 years","Dún Laoghaire-Rathdown","Number","2798"
"Population","2016","Both sexes","47 years","Fingal","Number","3978"
"Population","2016","Both sexes","47 years","Galway City","Number","814"
"Population","2016","Both sexes","47 years","Galway County","Number","2580"
"Population","2016","Both sexes","47 years","Kildare","Number","3194"
"Population","2016","Both sexes","47 years","Kilkenny","Number","1416"
"Population","2016","Both sexes","47 years","Kerry","Number","2041"
"Population","2016","Both sexes","47 years","Longford","Number","552"
"Population","2016","Both sexes","47 years","Louth","Number","1806"
"Population","2016","Both sexes","47 years","Limerick City and County","Number","2454"
"Population","2016","Both sexes","47 years","Leitrim","Number","404"
"Population","2016","Both sexes","47 years","Laois","Number","1138"
"Population","2016","Both sexes","47 years","Meath","Number","2804"
"Population","2016","Both sexes","47 years","Monaghan","Number","809"
"Population","2016","Both sexes","47 years","Mayo","Number","1803"
"Population","2016","Both sexes","47 years","Offaly","Number","1065"
"Population","2016","Both sexes","47 years","Roscommon","Number","902"
"Population","2016","Both sexes","47 years","South Dublin","Number","3441"
"Population","2016","Both sexes","47 years","Sligo","Number","840"
"Population","2016","Both sexes","47 years","Tipperary","Number","2197"
"Population","2016","Both sexes","47 years","Waterford City and County","Number","1648"
"Population","2016","Both sexes","47 years","Westmeath","Number","1257"
"Population","2016","Both sexes","47 years","Wicklow","Number","2012"
"Population","2016","Both sexes","47 years","Wexford","Number","2140"
"Population","2016","Both sexes","48 years","State","Number","62946"
"Population","2016","Both sexes","48 years","Cork City and Cork County","Number","7194"
"Population","2016","Both sexes","48 years","Clare","Number","1696"
"Population","2016","Both sexes","48 years","Cavan","Number","1059"
"Population","2016","Both sexes","48 years","Carlow","Number","746"
"Population","2016","Both sexes","48 years","Dublin City","Number","6555"
"Population","2016","Both sexes","48 years","Donegal","Number","2202"
"Population","2016","Both sexes","48 years","Dún Laoghaire-Rathdown","Number","2774"
"Population","2016","Both sexes","48 years","Fingal","Number","3794"
"Population","2016","Both sexes","48 years","Galway City","Number","817"
"Population","2016","Both sexes","48 years","Galway County","Number","2626"
"Population","2016","Both sexes","48 years","Kildare","Number","3163"
"Population","2016","Both sexes","48 years","Kilkenny","Number","1307"
"Population","2016","Both sexes","48 years","Kerry","Number","2040"
"Population","2016","Both sexes","48 years","Longford","Number","565"
"Population","2016","Both sexes","48 years","Louth","Number","1783"
"Population","2016","Both sexes","48 years","Limerick City and County","Number","2512"
"Population","2016","Both sexes","48 years","Leitrim","Number","448"
"Population","2016","Both sexes","48 years","Laois","Number","1153"
"Population","2016","Both sexes","48 years","Meath","Number","2836"
"Population","2016","Both sexes","48 years","Monaghan","Number","829"
"Population","2016","Both sexes","48 years","Mayo","Number","1742"
"Population","2016","Both sexes","48 years","Offaly","Number","1096"
"Population","2016","Both sexes","48 years","Roscommon","Number","844"
"Population","2016","Both sexes","48 years","South Dublin","Number","3352"
"Population","2016","Both sexes","48 years","Sligo","Number","870"
"Population","2016","Both sexes","48 years","Tipperary","Number","2217"
"Population","2016","Both sexes","48 years","Waterford City and County","Number","1502"
"Population","2016","Both sexes","48 years","Westmeath","Number","1223"
"Population","2016","Both sexes","48 years","Wicklow","Number","1928"
"Population","2016","Both sexes","48 years","Wexford","Number","2073"
"Population","2016","Both sexes","49 years","State","Number","61859"
"Population","2016","Both sexes","49 years","Cork City and Cork County","Number","7126"
"Population","2016","Both sexes","49 years","Clare","Number","1703"
"Population","2016","Both sexes","49 years","Cavan","Number","1019"
"Population","2016","Both sexes","49 years","Carlow","Number","777"
"Population","2016","Both sexes","49 years","Dublin City","Number","6162"
"Population","2016","Both sexes","49 years","Donegal","Number","2154"
"Population","2016","Both sexes","49 years","Dún Laoghaire-Rathdown","Number","2819"
"Population","2016","Both sexes","49 years","Fingal","Number","3693"
"Population","2016","Both sexes","49 years","Galway City","Number","818"
"Population","2016","Both sexes","49 years","Galway County","Number","2544"
"Population","2016","Both sexes","49 years","Kildare","Number","3001"
"Population","2016","Both sexes","49 years","Kilkenny","Number","1348"
"Population","2016","Both sexes","49 years","Kerry","Number","1982"
"Population","2016","Both sexes","49 years","Longford","Number","546"
"Population","2016","Both sexes","49 years","Louth","Number","1692"
"Population","2016","Both sexes","49 years","Limerick City and County","Number","2481"
"Population","2016","Both sexes","49 years","Leitrim","Number","428"
"Population","2016","Both sexes","49 years","Laois","Number","1103"
"Population","2016","Both sexes","49 years","Meath","Number","2658"
"Population","2016","Both sexes","49 years","Monaghan","Number","801"
"Population","2016","Both sexes","49 years","Mayo","Number","1754"
"Population","2016","Both sexes","49 years","Offaly","Number","1005"
"Population","2016","Both sexes","49 years","Roscommon","Number","920"
"Population","2016","Both sexes","49 years","South Dublin","Number","3335"
"Population","2016","Both sexes","49 years","Sligo","Number","846"
"Population","2016","Both sexes","49 years","Tipperary","Number","2227"
"Population","2016","Both sexes","49 years","Waterford City and County","Number","1666"
"Population","2016","Both sexes","49 years","Westmeath","Number","1185"
"Population","2016","Both sexes","49 years","Wicklow","Number","1977"
"Population","2016","Both sexes","49 years","Wexford","Number","2089"
"Population","2016","Both sexes","50 years","State","Number","61988"
"Population","2016","Both sexes","50 years","Cork City and Cork County","Number","7291"
"Population","2016","Both sexes","50 years","Clare","Number","1726"
"Population","2016","Both sexes","50 years","Cavan","Number","1030"
"Population","2016","Both sexes","50 years","Carlow","Number","755"
"Population","2016","Both sexes","50 years","Dublin City","Number","6635"
"Population","2016","Both sexes","50 years","Donegal","Number","2147"
"Population","2016","Both sexes","50 years","Dún Laoghaire-Rathdown","Number","2766"
"Population","2016","Both sexes","50 years","Fingal","Number","3480"
"Population","2016","Both sexes","50 years","Galway City","Number","822"
"Population","2016","Both sexes","50 years","Galway County","Number","2458"
"Population","2016","Both sexes","50 years","Kildare","Number","3009"
"Population","2016","Both sexes","50 years","Kilkenny","Number","1327"
"Population","2016","Both sexes","50 years","Kerry","Number","2088"
"Population","2016","Both sexes","50 years","Longford","Number","510"
"Population","2016","Both sexes","50 years","Louth","Number","1748"
"Population","2016","Both sexes","50 years","Limerick City and County","Number","2390"
"Population","2016","Both sexes","50 years","Leitrim","Number","443"
"Population","2016","Both sexes","50 years","Laois","Number","1115"
"Population","2016","Both sexes","50 years","Meath","Number","2685"
"Population","2016","Both sexes","50 years","Monaghan","Number","787"
"Population","2016","Both sexes","50 years","Mayo","Number","1823"
"Population","2016","Both sexes","50 years","Offaly","Number","1045"
"Population","2016","Both sexes","50 years","Roscommon","Number","916"
"Population","2016","Both sexes","50 years","South Dublin","Number","3137"
"Population","2016","Both sexes","50 years","Sligo","Number","897"
"Population","2016","Both sexes","50 years","Tipperary","Number","2203"
"Population","2016","Both sexes","50 years","Waterford City and County","Number","1534"
"Population","2016","Both sexes","50 years","Westmeath","Number","1162"
"Population","2016","Both sexes","50 years","Wicklow","Number","2002"
"Population","2016","Both sexes","50 years","Wexford","Number","2057"
"Population","2016","Both sexes","51 years","State","Number","61798"
"Population","2016","Both sexes","51 years","Cork City and Cork County","Number","7150"
"Population","2016","Both sexes","51 years","Clare","Number","1624"
"Population","2016","Both sexes","51 years","Cavan","Number","1025"
"Population","2016","Both sexes","51 years","Carlow","Number","720"
"Population","2016","Both sexes","51 years","Dublin City","Number","6438"
"Population","2016","Both sexes","51 years","Donegal","Number","2166"
"Population","2016","Both sexes","51 years","Dún Laoghaire-Rathdown","Number","2855"
"Population","2016","Both sexes","51 years","Fingal","Number","3499"
"Population","2016","Both sexes","51 years","Galway City","Number","834"
"Population","2016","Both sexes","51 years","Galway County","Number","2466"
"Population","2016","Both sexes","51 years","Kildare","Number","2933"
"Population","2016","Both sexes","51 years","Kilkenny","Number","1362"
"Population","2016","Both sexes","51 years","Kerry","Number","2049"
"Population","2016","Both sexes","51 years","Longford","Number","521"
"Population","2016","Both sexes","51 years","Louth","Number","1686"
"Population","2016","Both sexes","51 years","Limerick City and County","Number","2506"
"Population","2016","Both sexes","51 years","Leitrim","Number","463"
"Population","2016","Both sexes","51 years","Laois","Number","1045"
"Population","2016","Both sexes","51 years","Meath","Number","2621"
"Population","2016","Both sexes","51 years","Monaghan","Number","812"
"Population","2016","Both sexes","51 years","Mayo","Number","1834"
"Population","2016","Both sexes","51 years","Offaly","Number","1085"
"Population","2016","Both sexes","51 years","Roscommon","Number","824"
"Population","2016","Both sexes","51 years","South Dublin","Number","3320"
"Population","2016","Both sexes","51 years","Sligo","Number","851"
"Population","2016","Both sexes","51 years","Tipperary","Number","2211"
"Population","2016","Both sexes","51 years","Waterford City and County","Number","1600"
"Population","2016","Both sexes","51 years","Westmeath","Number","1181"
"Population","2016","Both sexes","51 years","Wicklow","Number","2056"
"Population","2016","Both sexes","51 years","Wexford","Number","2061"
"Population","2016","Both sexes","52 years","State","Number","60183"
"Population","2016","Both sexes","52 years","Cork City and Cork County","Number","6964"
"Population","2016","Both sexes","52 years","Clare","Number","1644"
"Population","2016","Both sexes","52 years","Cavan","Number","978"
"Population","2016","Both sexes","52 years","Carlow","Number","727"
"Population","2016","Both sexes","52 years","Dublin City","Number","6282"
"Population","2016","Both sexes","52 years","Donegal","Number","2075"
"Population","2016","Both sexes","52 years","Dún Laoghaire-Rathdown","Number","2786"
"Population","2016","Both sexes","52 years","Fingal","Number","3369"
"Population","2016","Both sexes","52 years","Galway City","Number","773"
"Population","2016","Both sexes","52 years","Galway County","Number","2377"
"Population","2016","Both sexes","52 years","Kildare","Number","2808"
"Population","2016","Both sexes","52 years","Kilkenny","Number","1281"
"Population","2016","Both sexes","52 years","Kerry","Number","2054"
"Population","2016","Both sexes","52 years","Longford","Number","479"
"Population","2016","Both sexes","52 years","Louth","Number","1650"
"Population","2016","Both sexes","52 years","Limerick City and County","Number","2402"
"Population","2016","Both sexes","52 years","Leitrim","Number","437"
"Population","2016","Both sexes","52 years","Laois","Number","1064"
"Population","2016","Both sexes","52 years","Meath","Number","2456"
"Population","2016","Both sexes","52 years","Monaghan","Number","798"
"Population","2016","Both sexes","52 years","Mayo","Number","1842"
"Population","2016","Both sexes","52 years","Offaly","Number","1043"
"Population","2016","Both sexes","52 years","Roscommon","Number","898"
"Population","2016","Both sexes","52 years","South Dublin","Number","3200"
"Population","2016","Both sexes","52 years","Sligo","Number","930"
"Population","2016","Both sexes","52 years","Tipperary","Number","2176"
"Population","2016","Both sexes","52 years","Waterford City and County","Number","1544"
"Population","2016","Both sexes","52 years","Westmeath","Number","1177"
"Population","2016","Both sexes","52 years","Wicklow","Number","1906"
"Population","2016","Both sexes","52 years","Wexford","Number","2063"
"Population","2016","Both sexes","53 years","State","Number","58907"
"Population","2016","Both sexes","53 years","Cork City and Cork County","Number","6943"
"Population","2016","Both sexes","53 years","Clare","Number","1608"
"Population","2016","Both sexes","53 years","Cavan","Number","996"
"Population","2016","Both sexes","53 years","Carlow","Number","743"
"Population","2016","Both sexes","53 years","Dublin City","Number","6270"
"Population","2016","Both sexes","53 years","Donegal","Number","1939"
"Population","2016","Both sexes","53 years","Dún Laoghaire-Rathdown","Number","2809"
"Population","2016","Both sexes","53 years","Fingal","Number","3260"
"Population","2016","Both sexes","53 years","Galway City","Number","786"
"Population","2016","Both sexes","53 years","Galway County","Number","2300"
"Population","2016","Both sexes","53 years","Kildare","Number","2614"
"Population","2016","Both sexes","53 years","Kilkenny","Number","1304"
"Population","2016","Both sexes","53 years","Kerry","Number","2017"
"Population","2016","Both sexes","53 years","Longford","Number","472"
"Population","2016","Both sexes","53 years","Louth","Number","1583"
"Population","2016","Both sexes","53 years","Limerick City and County","Number","2363"
"Population","2016","Both sexes","53 years","Leitrim","Number","400"
"Population","2016","Both sexes","53 years","Laois","Number","977"
"Population","2016","Both sexes","53 years","Meath","Number","2365"
"Population","2016","Both sexes","53 years","Monaghan","Number","765"
"Population","2016","Both sexes","53 years","Mayo","Number","1700"
"Population","2016","Both sexes","53 years","Offaly","Number","974"
"Population","2016","Both sexes","53 years","Roscommon","Number","881"
"Population","2016","Both sexes","53 years","South Dublin","Number","3117"
"Population","2016","Both sexes","53 years","Sligo","Number","873"
"Population","2016","Both sexes","53 years","Tipperary","Number","2171"
"Population","2016","Both sexes","53 years","Waterford City and County","Number","1633"
"Population","2016","Both sexes","53 years","Westmeath","Number","1153"
"Population","2016","Both sexes","53 years","Wicklow","Number","1932"
"Population","2016","Both sexes","53 years","Wexford","Number","1959"
"Population","2016","Both sexes","54 years","State","Number","57059"
"Population","2016","Both sexes","54 years","Cork City and Cork County","Number","6606"
"Population","2016","Both sexes","54 years","Clare","Number","1461"
"Population","2016","Both sexes","54 years","Cavan","Number","934"
"Population","2016","Both sexes","54 years","Carlow","Number","666"
"Population","2016","Both sexes","54 years","Dublin City","Number","6118"
"Population","2016","Both sexes","54 years","Donegal","Number","1973"
"Population","2016","Both sexes","54 years","Dún Laoghaire-Rathdown","Number","2823"
"Population","2016","Both sexes","54 years","Fingal","Number","3135"
"Population","2016","Both sexes","54 years","Galway City","Number","739"
"Population","2016","Both sexes","54 years","Galway County","Number","2241"
"Population","2016","Both sexes","54 years","Kildare","Number","2552"
"Population","2016","Both sexes","54 years","Kilkenny","Number","1246"
"Population","2016","Both sexes","54 years","Kerry","Number","1944"
"Population","2016","Both sexes","54 years","Longford","Number","503"
"Population","2016","Both sexes","54 years","Louth","Number","1475"
"Population","2016","Both sexes","54 years","Limerick City and County","Number","2412"
"Population","2016","Both sexes","54 years","Leitrim","Number","386"
"Population","2016","Both sexes","54 years","Laois","Number","964"
"Population","2016","Both sexes","54 years","Meath","Number","2233"
"Population","2016","Both sexes","54 years","Monaghan","Number","751"
"Population","2016","Both sexes","54 years","Mayo","Number","1708"
"Population","2016","Both sexes","54 years","Offaly","Number","1009"
"Population","2016","Both sexes","54 years","Roscommon","Number","846"
"Population","2016","Both sexes","54 years","South Dublin","Number","3050"
"Population","2016","Both sexes","54 years","Sligo","Number","848"
"Population","2016","Both sexes","54 years","Tipperary","Number","2024"
"Population","2016","Both sexes","54 years","Waterford City and County","Number","1514"
"Population","2016","Both sexes","54 years","Westmeath","Number","1088"
"Population","2016","Both sexes","54 years","Wicklow","Number","1907"
"Population","2016","Both sexes","54 years","Wexford","Number","1903"
"Population","2016","Both sexes","55 years","State","Number","57256"
"Population","2016","Both sexes","55 years","Cork City and Cork County","Number","6577"
"Population","2016","Both sexes","55 years","Clare","Number","1564"
"Population","2016","Both sexes","55 years","Cavan","Number","901"
"Population","2016","Both sexes","55 years","Carlow","Number","706"
"Population","2016","Both sexes","55 years","Dublin City","Number","6110"
"Population","2016","Both sexes","55 years","Donegal","Number","1938"
"Population","2016","Both sexes","55 years","Dún Laoghaire-Rathdown","Number","2648"
"Population","2016","Both sexes","55 years","Fingal","Number","3074"
"Population","2016","Both sexes","55 years","Galway City","Number","784"
"Population","2016","Both sexes","55 years","Galway County","Number","2324"
"Population","2016","Both sexes","55 years","Kildare","Number","2575"
"Population","2016","Both sexes","55 years","Kilkenny","Number","1291"
"Population","2016","Both sexes","55 years","Kerry","Number","1971"
"Population","2016","Both sexes","55 years","Longford","Number","513"
"Population","2016","Both sexes","55 years","Louth","Number","1537"
"Population","2016","Both sexes","55 years","Limerick City and County","Number","2256"
"Population","2016","Both sexes","55 years","Leitrim","Number","426"
"Population","2016","Both sexes","55 years","Laois","Number","1002"
"Population","2016","Both sexes","55 years","Meath","Number","2226"
"Population","2016","Both sexes","55 years","Monaghan","Number","754"
"Population","2016","Both sexes","55 years","Mayo","Number","1763"
"Population","2016","Both sexes","55 years","Offaly","Number","1023"
"Population","2016","Both sexes","55 years","Roscommon","Number","884"
"Population","2016","Both sexes","55 years","South Dublin","Number","3126"
"Population","2016","Both sexes","55 years","Sligo","Number","874"
"Population","2016","Both sexes","55 years","Tipperary","Number","2132"
"Population","2016","Both sexes","55 years","Waterford City and County","Number","1437"
"Population","2016","Both sexes","55 years","Westmeath","Number","1063"
"Population","2016","Both sexes","55 years","Wicklow","Number","1797"
"Population","2016","Both sexes","55 years","Wexford","Number","1980"
"Population","2016","Both sexes","56 years","State","Number","54907"
"Population","2016","Both sexes","56 years","Cork City and Cork County","Number","6254"
"Population","2016","Both sexes","56 years","Clare","Number","1468"
"Population","2016","Both sexes","56 years","Cavan","Number","943"
"Population","2016","Both sexes","56 years","Carlow","Number","684"
"Population","2016","Both sexes","56 years","Dublin City","Number","5838"
"Population","2016","Both sexes","56 years","Donegal","Number","1897"
"Population","2016","Both sexes","56 years","Dún Laoghaire-Rathdown","Number","2563"
"Population","2016","Both sexes","56 years","Fingal","Number","3057"
"Population","2016","Both sexes","56 years","Galway City","Number","735"
"Population","2016","Both sexes","56 years","Galway County","Number","2171"
"Population","2016","Both sexes","56 years","Kildare","Number","2284"
"Population","2016","Both sexes","56 years","Kilkenny","Number","1253"
"Population","2016","Both sexes","56 years","Kerry","Number","1952"
"Population","2016","Both sexes","56 years","Longford","Number","480"
"Population","2016","Both sexes","56 years","Louth","Number","1432"
"Population","2016","Both sexes","56 years","Limerick City and County","Number","2328"
"Population","2016","Both sexes","56 years","Leitrim","Number","420"
"Population","2016","Both sexes","56 years","Laois","Number","892"
"Population","2016","Both sexes","56 years","Meath","Number","2107"
"Population","2016","Both sexes","56 years","Monaghan","Number","752"
"Population","2016","Both sexes","56 years","Mayo","Number","1796"
"Population","2016","Both sexes","56 years","Offaly","Number","944"
"Population","2016","Both sexes","56 years","Roscommon","Number","799"
"Population","2016","Both sexes","56 years","South Dublin","Number","3002"
"Population","2016","Both sexes","56 years","Sligo","Number","931"
"Population","2016","Both sexes","56 years","Tipperary","Number","1973"
"Population","2016","Both sexes","56 years","Waterford City and County","Number","1433"
"Population","2016","Both sexes","56 years","Westmeath","Number","1034"
"Population","2016","Both sexes","56 years","Wicklow","Number","1672"
"Population","2016","Both sexes","56 years","Wexford","Number","1813"
"Population","2016","Both sexes","57 years","State","Number","54459"
"Population","2016","Both sexes","57 years","Cork City and Cork County","Number","6210"
"Population","2016","Both sexes","57 years","Clare","Number","1571"
"Population","2016","Both sexes","57 years","Cavan","Number","870"
"Population","2016","Both sexes","57 years","Carlow","Number","625"
"Population","2016","Both sexes","57 years","Dublin City","Number","6132"
"Population","2016","Both sexes","57 years","Donegal","Number","1960"
"Population","2016","Both sexes","57 years","Dún Laoghaire-Rathdown","Number","2532"
"Population","2016","Both sexes","57 years","Fingal","Number","2901"
"Population","2016","Both sexes","57 years","Galway City","Number","761"
"Population","2016","Both sexes","57 years","Galway County","Number","2178"
"Population","2016","Both sexes","57 years","Kildare","Number","2323"
"Population","2016","Both sexes","57 years","Kilkenny","Number","1217"
"Population","2016","Both sexes","57 years","Kerry","Number","1974"
"Population","2016","Both sexes","57 years","Longford","Number","451"
"Population","2016","Both sexes","57 years","Louth","Number","1347"
"Population","2016","Both sexes","57 years","Limerick City and County","Number","2278"
"Population","2016","Both sexes","57 years","Leitrim","Number","451"
"Population","2016","Both sexes","57 years","Laois","Number","944"
"Population","2016","Both sexes","57 years","Meath","Number","1997"
"Population","2016","Both sexes","57 years","Monaghan","Number","720"
"Population","2016","Both sexes","57 years","Mayo","Number","1767"
"Population","2016","Both sexes","57 years","Offaly","Number","919"
"Population","2016","Both sexes","57 years","Roscommon","Number","849"
"Population","2016","Both sexes","57 years","South Dublin","Number","2990"
"Population","2016","Both sexes","57 years","Sligo","Number","796"
"Population","2016","Both sexes","57 years","Tipperary","Number","1875"
"Population","2016","Both sexes","57 years","Waterford City and County","Number","1357"
"Population","2016","Both sexes","57 years","Westmeath","Number","1002"
"Population","2016","Both sexes","57 years","Wicklow","Number","1682"
"Population","2016","Both sexes","57 years","Wexford","Number","1780"
"Population","2016","Both sexes","58 years","State","Number","52428"
"Population","2016","Both sexes","58 years","Cork City and Cork County","Number","6051"
"Population","2016","Both sexes","58 years","Clare","Number","1429"
"Population","2016","Both sexes","58 years","Cavan","Number","884"
"Population","2016","Both sexes","58 years","Carlow","Number","611"
"Population","2016","Both sexes","58 years","Dublin City","Number","5441"
"Population","2016","Both sexes","58 years","Donegal","Number","1792"
"Population","2016","Both sexes","58 years","Dún Laoghaire-Rathdown","Number","2443"
"Population","2016","Both sexes","58 years","Fingal","Number","2661"
"Population","2016","Both sexes","58 years","Galway City","Number","736"
"Population","2016","Both sexes","58 years","Galway County","Number","2157"
"Population","2016","Both sexes","58 years","Kildare","Number","2229"
"Population","2016","Both sexes","58 years","Kilkenny","Number","1175"
"Population","2016","Both sexes","58 years","Kerry","Number","1995"
"Population","2016","Both sexes","58 years","Longford","Number","463"
"Population","2016","Both sexes","58 years","Louth","Number","1329"
"Population","2016","Both sexes","58 years","Limerick City and County","Number","2279"
"Population","2016","Both sexes","58 years","Leitrim","Number","394"
"Population","2016","Both sexes","58 years","Laois","Number","924"
"Population","2016","Both sexes","58 years","Meath","Number","1917"
"Population","2016","Both sexes","58 years","Monaghan","Number","689"
"Population","2016","Both sexes","58 years","Mayo","Number","1790"
"Population","2016","Both sexes","58 years","Offaly","Number","837"
"Population","2016","Both sexes","58 years","Roscommon","Number","881"
"Population","2016","Both sexes","58 years","South Dublin","Number","2915"
"Population","2016","Both sexes","58 years","Sligo","Number","824"
"Population","2016","Both sexes","58 years","Tipperary","Number","1971"
"Population","2016","Both sexes","58 years","Waterford City and County","Number","1309"
"Population","2016","Both sexes","58 years","Westmeath","Number","1003"
"Population","2016","Both sexes","58 years","Wicklow","Number","1569"
"Population","2016","Both sexes","58 years","Wexford","Number","1730"
"Population","2016","Both sexes","59 years","State","Number","51052"
"Population","2016","Both sexes","59 years","Cork City and Cork County","Number","5844"
"Population","2016","Both sexes","59 years","Clare","Number","1375"
"Population","2016","Both sexes","59 years","Cavan","Number","870"
"Population","2016","Both sexes","59 years","Carlow","Number","620"
"Population","2016","Both sexes","59 years","Dublin City","Number","5271"
"Population","2016","Both sexes","59 years","Donegal","Number","1797"
"Population","2016","Both sexes","59 years","Dún Laoghaire-Rathdown","Number","2372"
"Population","2016","Both sexes","59 years","Fingal","Number","2628"
"Population","2016","Both sexes","59 years","Galway City","Number","745"
"Population","2016","Both sexes","59 years","Galway County","Number","2048"
"Population","2016","Both sexes","59 years","Kildare","Number","2200"
"Population","2016","Both sexes","59 years","Kilkenny","Number","1091"
"Population","2016","Both sexes","59 years","Kerry","Number","1895"
"Population","2016","Both sexes","59 years","Longford","Number","476"
"Population","2016","Both sexes","59 years","Louth","Number","1335"
"Population","2016","Both sexes","59 years","Limerick City and County","Number","2228"
"Population","2016","Both sexes","59 years","Leitrim","Number","419"
"Population","2016","Both sexes","59 years","Laois","Number","862"
"Population","2016","Both sexes","59 years","Meath","Number","1877"
"Population","2016","Both sexes","59 years","Monaghan","Number","710"
"Population","2016","Both sexes","59 years","Mayo","Number","1660"
"Population","2016","Both sexes","59 years","Offaly","Number","848"
"Population","2016","Both sexes","59 years","Roscommon","Number","806"
"Population","2016","Both sexes","59 years","South Dublin","Number","2786"
"Population","2016","Both sexes","59 years","Sligo","Number","843"
"Population","2016","Both sexes","59 years","Tipperary","Number","1891"
"Population","2016","Both sexes","59 years","Waterford City and County","Number","1328"
"Population","2016","Both sexes","59 years","Westmeath","Number","975"
"Population","2016","Both sexes","59 years","Wicklow","Number","1553"
"Population","2016","Both sexes","59 years","Wexford","Number","1699"
"Population","2016","Both sexes","60 years","State","Number","49865"
"Population","2016","Both sexes","60 years","Cork City and Cork County","Number","5703"
"Population","2016","Both sexes","60 years","Clare","Number","1341"
"Population","2016","Both sexes","60 years","Cavan","Number","838"
"Population","2016","Both sexes","60 years","Carlow","Number","587"
"Population","2016","Both sexes","60 years","Dublin City","Number","5183"
"Population","2016","Both sexes","60 years","Donegal","Number","1726"
"Population","2016","Both sexes","60 years","Dún Laoghaire-Rathdown","Number","2372"
"Population","2016","Both sexes","60 years","Fingal","Number","2487"
"Population","2016","Both sexes","60 years","Galway City","Number","712"
"Population","2016","Both sexes","60 years","Galway County","Number","2091"
"Population","2016","Both sexes","60 years","Kildare","Number","2065"
"Population","2016","Both sexes","60 years","Kilkenny","Number","1108"
"Population","2016","Both sexes","60 years","Kerry","Number","1896"
"Population","2016","Both sexes","60 years","Longford","Number","424"
"Population","2016","Both sexes","60 years","Louth","Number","1268"
"Population","2016","Both sexes","60 years","Limerick City and County","Number","2098"
"Population","2016","Both sexes","60 years","Leitrim","Number","425"
"Population","2016","Both sexes","60 years","Laois","Number","868"
"Population","2016","Both sexes","60 years","Meath","Number","1824"
"Population","2016","Both sexes","60 years","Monaghan","Number","638"
"Population","2016","Both sexes","60 years","Mayo","Number","1740"
"Population","2016","Both sexes","60 years","Offaly","Number","850"
"Population","2016","Both sexes","60 years","Roscommon","Number","825"
"Population","2016","Both sexes","60 years","South Dublin","Number","2827"
"Population","2016","Both sexes","60 years","Sligo","Number","776"
"Population","2016","Both sexes","60 years","Tipperary","Number","1860"
"Population","2016","Both sexes","60 years","Waterford City and County","Number","1263"
"Population","2016","Both sexes","60 years","Westmeath","Number","920"
"Population","2016","Both sexes","60 years","Wicklow","Number","1508"
"Population","2016","Both sexes","60 years","Wexford","Number","1642"
"Population","2016","Both sexes","61 years","State","Number","49245"
"Population","2016","Both sexes","61 years","Cork City and Cork County","Number","5532"
"Population","2016","Both sexes","61 years","Clare","Number","1349"
"Population","2016","Both sexes","61 years","Cavan","Number","801"
"Population","2016","Both sexes","61 years","Carlow","Number","582"
"Population","2016","Both sexes","61 years","Dublin City","Number","4825"
"Population","2016","Both sexes","61 years","Donegal","Number","1864"
"Population","2016","Both sexes","61 years","Dún Laoghaire-Rathdown","Number","2268"
"Population","2016","Both sexes","61 years","Fingal","Number","2383"
"Population","2016","Both sexes","61 years","Galway City","Number","709"
"Population","2016","Both sexes","61 years","Galway County","Number","2064"
"Population","2016","Both sexes","61 years","Kildare","Number","2134"
"Population","2016","Both sexes","61 years","Kilkenny","Number","1082"
"Population","2016","Both sexes","61 years","Kerry","Number","1864"
"Population","2016","Both sexes","61 years","Longford","Number","440"
"Population","2016","Both sexes","61 years","Louth","Number","1294"
"Population","2016","Both sexes","61 years","Limerick City and County","Number","2144"
"Population","2016","Both sexes","61 years","Leitrim","Number","400"
"Population","2016","Both sexes","61 years","Laois","Number","791"
"Population","2016","Both sexes","61 years","Meath","Number","1883"
"Population","2016","Both sexes","61 years","Monaghan","Number","671"
"Population","2016","Both sexes","61 years","Mayo","Number","1696"
"Population","2016","Both sexes","61 years","Offaly","Number","812"
"Population","2016","Both sexes","61 years","Roscommon","Number","835"
"Population","2016","Both sexes","61 years","South Dublin","Number","2811"
"Population","2016","Both sexes","61 years","Sligo","Number","779"
"Population","2016","Both sexes","61 years","Tipperary","Number","1838"
"Population","2016","Both sexes","61 years","Waterford City and County","Number","1324"
"Population","2016","Both sexes","61 years","Westmeath","Number","941"
"Population","2016","Both sexes","61 years","Wicklow","Number","1484"
"Population","2016","Both sexes","61 years","Wexford","Number","1645"
"Population","2016","Both sexes","62 years","State","Number","47300"
"Population","2016","Both sexes","62 years","Cork City and Cork County","Number","5455"
"Population","2016","Both sexes","62 years","Clare","Number","1321"
"Population","2016","Both sexes","62 years","Cavan","Number","787"
"Population","2016","Both sexes","62 years","Carlow","Number","556"
"Population","2016","Both sexes","62 years","Dublin City","Number","4662"
"Population","2016","Both sexes","62 years","Donegal","Number","1721"
"Population","2016","Both sexes","62 years","Dún Laoghaire-Rathdown","Number","2205"
"Population","2016","Both sexes","62 years","Fingal","Number","2423"
"Population","2016","Both sexes","62 years","Galway City","Number","693"
"Population","2016","Both sexes","62 years","Galway County","Number","1923"
"Population","2016","Both sexes","62 years","Kildare","Number","1934"
"Population","2016","Both sexes","62 years","Kilkenny","Number","1097"
"Population","2016","Both sexes","62 years","Kerry","Number","1792"
"Population","2016","Both sexes","62 years","Longford","Number","454"
"Population","2016","Both sexes","62 years","Louth","Number","1202"
"Population","2016","Both sexes","62 years","Limerick City and County","Number","2013"
"Population","2016","Both sexes","62 years","Leitrim","Number","422"
"Population","2016","Both sexes","62 years","Laois","Number","769"
"Population","2016","Both sexes","62 years","Meath","Number","1710"
"Population","2016","Both sexes","62 years","Monaghan","Number","652"
"Population","2016","Both sexes","62 years","Mayo","Number","1632"
"Population","2016","Both sexes","62 years","Offaly","Number","773"
"Population","2016","Both sexes","62 years","Roscommon","Number","787"
"Population","2016","Both sexes","62 years","South Dublin","Number","2623"
"Population","2016","Both sexes","62 years","Sligo","Number","768"
"Population","2016","Both sexes","62 years","Tipperary","Number","1766"
"Population","2016","Both sexes","62 years","Waterford City and County","Number","1239"
"Population","2016","Both sexes","62 years","Westmeath","Number","881"
"Population","2016","Both sexes","62 years","Wicklow","Number","1454"
"Population","2016","Both sexes","62 years","Wexford","Number","1586"
"Population","2016","Both sexes","63 years","State","Number","47402"
"Population","2016","Both sexes","63 years","Cork City and Cork County","Number","5436"
"Population","2016","Both sexes","63 years","Clare","Number","1363"
"Population","2016","Both sexes","63 years","Cavan","Number","785"
"Population","2016","Both sexes","63 years","Carlow","Number","604"
"Population","2016","Both sexes","63 years","Dublin City","Number","4601"
"Population","2016","Both sexes","63 years","Donegal","Number","1784"
"Population","2016","Both sexes","63 years","Dún Laoghaire-Rathdown","Number","2180"
"Population","2016","Both sexes","63 years","Fingal","Number","2409"
"Population","2016","Both sexes","63 years","Galway City","Number","729"
"Population","2016","Both sexes","63 years","Galway County","Number","1946"
"Population","2016","Both sexes","63 years","Kildare","Number","1923"
"Population","2016","Both sexes","63 years","Kilkenny","Number","1057"
"Population","2016","Both sexes","63 years","Kerry","Number","1841"
"Population","2016","Both sexes","63 years","Longford","Number","453"
"Population","2016","Both sexes","63 years","Louth","Number","1141"
"Population","2016","Both sexes","63 years","Limerick City and County","Number","2081"
"Population","2016","Both sexes","63 years","Leitrim","Number","396"
"Population","2016","Both sexes","63 years","Laois","Number","781"
"Population","2016","Both sexes","63 years","Meath","Number","1692"
"Population","2016","Both sexes","63 years","Monaghan","Number","635"
"Population","2016","Both sexes","63 years","Mayo","Number","1551"
"Population","2016","Both sexes","63 years","Offaly","Number","794"
"Population","2016","Both sexes","63 years","Roscommon","Number","752"
"Population","2016","Both sexes","63 years","South Dublin","Number","2790"
"Population","2016","Both sexes","63 years","Sligo","Number","795"
"Population","2016","Both sexes","63 years","Tipperary","Number","1747"
"Population","2016","Both sexes","63 years","Waterford City and County","Number","1218"
"Population","2016","Both sexes","63 years","Westmeath","Number","904"
"Population","2016","Both sexes","63 years","Wicklow","Number","1399"
"Population","2016","Both sexes","63 years","Wexford","Number","1615"
"Population","2016","Both sexes","64 years","State","Number","45044"
"Population","2016","Both sexes","64 years","Cork City and Cork County","Number","5102"
"Population","2016","Both sexes","64 years","Clare","Number","1265"
"Population","2016","Both sexes","64 years","Cavan","Number","702"
"Population","2016","Both sexes","64 years","Carlow","Number","535"
"Population","2016","Both sexes","64 years","Dublin City","Number","4484"
"Population","2016","Both sexes","64 years","Donegal","Number","1710"
"Population","2016","Both sexes","64 years","Dún Laoghaire-Rathdown","Number","2062"
"Population","2016","Both sexes","64 years","Fingal","Number","2294"
"Population","2016","Both sexes","64 years","Galway City","Number","604"
"Population","2016","Both sexes","64 years","Galway County","Number","1845"
"Population","2016","Both sexes","64 years","Kildare","Number","1764"
"Population","2016","Both sexes","64 years","Kilkenny","Number","983"
"Population","2016","Both sexes","64 years","Kerry","Number","1763"
"Population","2016","Both sexes","64 years","Longford","Number","434"
"Population","2016","Both sexes","64 years","Louth","Number","1135"
"Population","2016","Both sexes","64 years","Limerick City and County","Number","2025"
"Population","2016","Both sexes","64 years","Leitrim","Number","359"
"Population","2016","Both sexes","64 years","Laois","Number","754"
"Population","2016","Both sexes","64 years","Meath","Number","1561"
"Population","2016","Both sexes","64 years","Monaghan","Number","626"
"Population","2016","Both sexes","64 years","Mayo","Number","1517"
"Population","2016","Both sexes","64 years","Offaly","Number","758"
"Population","2016","Both sexes","64 years","Roscommon","Number","779"
"Population","2016","Both sexes","64 years","South Dublin","Number","2677"
"Population","2016","Both sexes","64 years","Sligo","Number","708"
"Population","2016","Both sexes","64 years","Tipperary","Number","1703"
"Population","2016","Both sexes","64 years","Waterford City and County","Number","1227"
"Population","2016","Both sexes","64 years","Westmeath","Number","781"
"Population","2016","Both sexes","64 years","Wicklow","Number","1357"
"Population","2016","Both sexes","64 years","Wexford","Number","1530"
"Population","2016","Both sexes","65 years","State","Number","44156"
"Population","2016","Both sexes","65 years","Cork City and Cork County","Number","5126"
"Population","2016","Both sexes","65 years","Clare","Number","1318"
"Population","2016","Both sexes","65 years","Cavan","Number","732"
"Population","2016","Both sexes","65 years","Carlow","Number","502"
"Population","2016","Both sexes","65 years","Dublin City","Number","4304"
"Population","2016","Both sexes","65 years","Donegal","Number","1698"
"Population","2016","Both sexes","65 years","Dún Laoghaire-Rathdown","Number","2026"
"Population","2016","Both sexes","65 years","Fingal","Number","2081"
"Population","2016","Both sexes","65 years","Galway City","Number","584"
"Population","2016","Both sexes","65 years","Galway County","Number","1792"
"Population","2016","Both sexes","65 years","Kildare","Number","1714"
"Population","2016","Both sexes","65 years","Kilkenny","Number","921"
"Population","2016","Both sexes","65 years","Kerry","Number","1784"
"Population","2016","Both sexes","65 years","Longford","Number","410"
"Population","2016","Both sexes","65 years","Louth","Number","1087"
"Population","2016","Both sexes","65 years","Limerick City and County","Number","1955"
"Population","2016","Both sexes","65 years","Leitrim","Number","359"
"Population","2016","Both sexes","65 years","Laois","Number","681"
"Population","2016","Both sexes","65 years","Meath","Number","1617"
"Population","2016","Both sexes","65 years","Monaghan","Number","597"
"Population","2016","Both sexes","65 years","Mayo","Number","1637"
"Population","2016","Both sexes","65 years","Offaly","Number","732"
"Population","2016","Both sexes","65 years","Roscommon","Number","721"
"Population","2016","Both sexes","65 years","South Dublin","Number","2677"
"Population","2016","Both sexes","65 years","Sligo","Number","768"
"Population","2016","Both sexes","65 years","Tipperary","Number","1609"
"Population","2016","Both sexes","65 years","Waterford City and County","Number","1113"
"Population","2016","Both sexes","65 years","Westmeath","Number","795"
"Population","2016","Both sexes","65 years","Wicklow","Number","1312"
"Population","2016","Both sexes","65 years","Wexford","Number","1504"
"Population","2016","Both sexes","66 years","State","Number","43546"
"Population","2016","Both sexes","66 years","Cork City and Cork County","Number","4841"
"Population","2016","Both sexes","66 years","Clare","Number","1261"
"Population","2016","Both sexes","66 years","Cavan","Number","717"
"Population","2016","Both sexes","66 years","Carlow","Number","551"
"Population","2016","Both sexes","66 years","Dublin City","Number","4321"
"Population","2016","Both sexes","66 years","Donegal","Number","1631"
"Population","2016","Both sexes","66 years","Dún Laoghaire-Rathdown","Number","1935"
"Population","2016","Both sexes","66 years","Fingal","Number","2125"
"Population","2016","Both sexes","66 years","Galway City","Number","617"
"Population","2016","Both sexes","66 years","Galway County","Number","1769"
"Population","2016","Both sexes","66 years","Kildare","Number","1744"
"Population","2016","Both sexes","66 years","Kilkenny","Number","1014"
"Population","2016","Both sexes","66 years","Kerry","Number","1708"
"Population","2016","Both sexes","66 years","Longford","Number","419"
"Population","2016","Both sexes","66 years","Louth","Number","1103"
"Population","2016","Both sexes","66 years","Limerick City and County","Number","1946"
"Population","2016","Both sexes","66 years","Leitrim","Number","388"
"Population","2016","Both sexes","66 years","Laois","Number","678"
"Population","2016","Both sexes","66 years","Meath","Number","1475"
"Population","2016","Both sexes","66 years","Monaghan","Number","606"
"Population","2016","Both sexes","66 years","Mayo","Number","1560"
"Population","2016","Both sexes","66 years","Offaly","Number","755"
"Population","2016","Both sexes","66 years","Roscommon","Number","696"
"Population","2016","Both sexes","66 years","South Dublin","Number","2585"
"Population","2016","Both sexes","66 years","Sligo","Number","764"
"Population","2016","Both sexes","66 years","Tipperary","Number","1604"
"Population","2016","Both sexes","66 years","Waterford City and County","Number","1145"
"Population","2016","Both sexes","66 years","Westmeath","Number","787"
"Population","2016","Both sexes","66 years","Wicklow","Number","1311"
"Population","2016","Both sexes","66 years","Wexford","Number","1490"
"Population","2016","Both sexes","67 years","State","Number","42442"
"Population","2016","Both sexes","67 years","Cork City and Cork County","Number","4876"
"Population","2016","Both sexes","67 years","Clare","Number","1237"
"Population","2016","Both sexes","67 years","Cavan","Number","694"
"Population","2016","Both sexes","67 years","Carlow","Number","466"
"Population","2016","Both sexes","67 years","Dublin City","Number","4238"
"Population","2016","Both sexes","67 years","Donegal","Number","1671"
"Population","2016","Both sexes","67 years","Dún Laoghaire-Rathdown","Number","1877"
"Population","2016","Both sexes","67 years","Fingal","Number","2054"
"Population","2016","Both sexes","67 years","Galway City","Number","607"
"Population","2016","Both sexes","67 years","Galway County","Number","1722"
"Population","2016","Both sexes","67 years","Kildare","Number","1720"
"Population","2016","Both sexes","67 years","Kilkenny","Number","893"
"Population","2016","Both sexes","67 years","Kerry","Number","1726"
"Population","2016","Both sexes","67 years","Longford","Number","390"
"Population","2016","Both sexes","67 years","Louth","Number","1065"
"Population","2016","Both sexes","67 years","Limerick City and County","Number","1845"
"Population","2016","Both sexes","67 years","Leitrim","Number","351"
"Population","2016","Both sexes","67 years","Laois","Number","631"
"Population","2016","Both sexes","67 years","Meath","Number","1528"
"Population","2016","Both sexes","67 years","Monaghan","Number","574"
"Population","2016","Both sexes","67 years","Mayo","Number","1526"
"Population","2016","Both sexes","67 years","Offaly","Number","705"
"Population","2016","Both sexes","67 years","Roscommon","Number","657"
"Population","2016","Both sexes","67 years","South Dublin","Number","2365"
"Population","2016","Both sexes","67 years","Sligo","Number","699"
"Population","2016","Both sexes","67 years","Tipperary","Number","1602"
"Population","2016","Both sexes","67 years","Waterford City and County","Number","1152"
"Population","2016","Both sexes","67 years","Westmeath","Number","781"
"Population","2016","Both sexes","67 years","Wicklow","Number","1352"
"Population","2016","Both sexes","67 years","Wexford","Number","1438"
"Population","2016","Both sexes","68 years","State","Number","41389"
"Population","2016","Both sexes","68 years","Cork City and Cork County","Number","4697"
"Population","2016","Both sexes","68 years","Clare","Number","1168"
"Population","2016","Both sexes","68 years","Cavan","Number","667"
"Population","2016","Both sexes","68 years","Carlow","Number","503"
"Population","2016","Both sexes","68 years","Dublin City","Number","4154"
"Population","2016","Both sexes","68 years","Donegal","Number","1600"
"Population","2016","Both sexes","68 years","Dún Laoghaire-Rathdown","Number","1973"
"Population","2016","Both sexes","68 years","Fingal","Number","1984"
"Population","2016","Both sexes","68 years","Galway City","Number","566"
"Population","2016","Both sexes","68 years","Galway County","Number","1631"
"Population","2016","Both sexes","68 years","Kildare","Number","1574"
"Population","2016","Both sexes","68 years","Kilkenny","Number","944"
"Population","2016","Both sexes","68 years","Kerry","Number","1705"
"Population","2016","Both sexes","68 years","Longford","Number","397"
"Population","2016","Both sexes","68 years","Louth","Number","1096"
"Population","2016","Both sexes","68 years","Limerick City and County","Number","1857"
"Population","2016","Both sexes","68 years","Leitrim","Number","340"
"Population","2016","Both sexes","68 years","Laois","Number","619"
"Population","2016","Both sexes","68 years","Meath","Number","1443"
"Population","2016","Both sexes","68 years","Monaghan","Number","562"
"Population","2016","Both sexes","68 years","Mayo","Number","1447"
"Population","2016","Both sexes","68 years","Offaly","Number","711"
"Population","2016","Both sexes","68 years","Roscommon","Number","689"
"Population","2016","Both sexes","68 years","South Dublin","Number","2185"
"Population","2016","Both sexes","68 years","Sligo","Number","686"
"Population","2016","Both sexes","68 years","Tipperary","Number","1643"
"Population","2016","Both sexes","68 years","Waterford City and County","Number","1137"
"Population","2016","Both sexes","68 years","Westmeath","Number","730"
"Population","2016","Both sexes","68 years","Wicklow","Number","1237"
"Population","2016","Both sexes","68 years","Wexford","Number","1444"
"Population","2016","Both sexes","69 years","State","Number","39703"
"Population","2016","Both sexes","69 years","Cork City and Cork County","Number","4595"
"Population","2016","Both sexes","69 years","Clare","Number","1172"
"Population","2016","Both sexes","69 years","Cavan","Number","635"
"Population","2016","Both sexes","69 years","Carlow","Number","445"
"Population","2016","Both sexes","69 years","Dublin City","Number","3967"
"Population","2016","Both sexes","69 years","Donegal","Number","1584"
"Population","2016","Both sexes","69 years","Dún Laoghaire-Rathdown","Number","1954"
"Population","2016","Both sexes","69 years","Fingal","Number","1889"
"Population","2016","Both sexes","69 years","Galway City","Number","532"
"Population","2016","Both sexes","69 years","Galway County","Number","1614"
"Population","2016","Both sexes","69 years","Kildare","Number","1581"
"Population","2016","Both sexes","69 years","Kilkenny","Number","864"
"Population","2016","Both sexes","69 years","Kerry","Number","1661"
"Population","2016","Both sexes","69 years","Longford","Number","374"
"Population","2016","Both sexes","69 years","Louth","Number","1017"
"Population","2016","Both sexes","69 years","Limerick City and County","Number","1695"
"Population","2016","Both sexes","69 years","Leitrim","Number","309"
"Population","2016","Both sexes","69 years","Laois","Number","644"
"Population","2016","Both sexes","69 years","Meath","Number","1335"
"Population","2016","Both sexes","69 years","Monaghan","Number","531"
"Population","2016","Both sexes","69 years","Mayo","Number","1462"
"Population","2016","Both sexes","69 years","Offaly","Number","634"
"Population","2016","Both sexes","69 years","Roscommon","Number","624"
"Population","2016","Both sexes","69 years","South Dublin","Number","2052"
"Population","2016","Both sexes","69 years","Sligo","Number","639"
"Population","2016","Both sexes","69 years","Tipperary","Number","1451"
"Population","2016","Both sexes","69 years","Waterford City and County","Number","1160"
"Population","2016","Both sexes","69 years","Westmeath","Number","694"
"Population","2016","Both sexes","69 years","Wicklow","Number","1200"
"Population","2016","Both sexes","69 years","Wexford","Number","1389"
"Population","2016","Both sexes","70 years","State","Number","37821"
"Population","2016","Both sexes","70 years","Cork City and Cork County","Number","4382"
"Population","2016","Both sexes","70 years","Clare","Number","1115"
"Population","2016","Both sexes","70 years","Cavan","Number","609"
"Population","2016","Both sexes","70 years","Carlow","Number","432"
"Population","2016","Both sexes","70 years","Dublin City","Number","3840"
"Population","2016","Both sexes","70 years","Donegal","Number","1470"
"Population","2016","Both sexes","70 years","Dún Laoghaire-Rathdown","Number","1903"
"Population","2016","Both sexes","70 years","Fingal","Number","1748"
"Population","2016","Both sexes","70 years","Galway City","Number","562"
"Population","2016","Both sexes","70 years","Galway County","Number","1522"
"Population","2016","Both sexes","70 years","Kildare","Number","1401"
"Population","2016","Both sexes","70 years","Kilkenny","Number","806"
"Population","2016","Both sexes","70 years","Kerry","Number","1568"
"Population","2016","Both sexes","70 years","Longford","Number","374"
"Population","2016","Both sexes","70 years","Louth","Number","1021"
"Population","2016","Both sexes","70 years","Limerick City and County","Number","1641"
"Population","2016","Both sexes","70 years","Leitrim","Number","305"
"Population","2016","Both sexes","70 years","Laois","Number","630"
"Population","2016","Both sexes","70 years","Meath","Number","1278"
"Population","2016","Both sexes","70 years","Monaghan","Number","490"
"Population","2016","Both sexes","70 years","Mayo","Number","1334"
"Population","2016","Both sexes","70 years","Offaly","Number","635"
"Population","2016","Both sexes","70 years","Roscommon","Number","651"
"Population","2016","Both sexes","70 years","South Dublin","Number","1894"
"Population","2016","Both sexes","70 years","Sligo","Number","607"
"Population","2016","Both sexes","70 years","Tipperary","Number","1429"
"Population","2016","Both sexes","70 years","Waterford City and County","Number","1027"
"Population","2016","Both sexes","70 years","Westmeath","Number","660"
"Population","2016","Both sexes","70 years","Wicklow","Number","1137"
"Population","2016","Both sexes","70 years","Wexford","Number","1350"
"Population","2016","Both sexes","71 years","State","Number","34612"
"Population","2016","Both sexes","71 years","Cork City and Cork County","Number","4027"
"Population","2016","Both sexes","71 years","Clare","Number","1015"
"Population","2016","Both sexes","71 years","Cavan","Number","576"
"Population","2016","Both sexes","71 years","Carlow","Number","401"
"Population","2016","Both sexes","71 years","Dublin City","Number","3478"
"Population","2016","Both sexes","71 years","Donegal","Number","1396"
"Population","2016","Both sexes","71 years","Dún Laoghaire-Rathdown","Number","1741"
"Population","2016","Both sexes","71 years","Fingal","Number","1629"
"Population","2016","Both sexes","71 years","Galway City","Number","468"
"Population","2016","Both sexes","71 years","Galway County","Number","1366"
"Population","2016","Both sexes","71 years","Kildare","Number","1279"
"Population","2016","Both sexes","71 years","Kilkenny","Number","784"
"Population","2016","Both sexes","71 years","Kerry","Number","1414"
"Population","2016","Both sexes","71 years","Longford","Number","339"
"Population","2016","Both sexes","71 years","Louth","Number","844"
"Population","2016","Both sexes","71 years","Limerick City and County","Number","1505"
"Population","2016","Both sexes","71 years","Leitrim","Number","294"
"Population","2016","Both sexes","71 years","Laois","Number","513"
"Population","2016","Both sexes","71 years","Meath","Number","1191"
"Population","2016","Both sexes","71 years","Monaghan","Number","450"
"Population","2016","Both sexes","71 years","Mayo","Number","1221"
"Population","2016","Both sexes","71 years","Offaly","Number","551"
"Population","2016","Both sexes","71 years","Roscommon","Number","535"
"Population","2016","Both sexes","71 years","South Dublin","Number","1729"
"Population","2016","Both sexes","71 years","Sligo","Number","585"
"Population","2016","Both sexes","71 years","Tipperary","Number","1359"
"Population","2016","Both sexes","71 years","Waterford City and County","Number","950"
"Population","2016","Both sexes","71 years","Westmeath","Number","675"
"Population","2016","Both sexes","71 years","Wicklow","Number","1086"
"Population","2016","Both sexes","71 years","Wexford","Number","1211"
"Population","2016","Both sexes","72 years","State","Number","32430"
"Population","2016","Both sexes","72 years","Cork City and Cork County","Number","3695"
"Population","2016","Both sexes","72 years","Clare","Number","912"
"Population","2016","Both sexes","72 years","Cavan","Number","520"
"Population","2016","Both sexes","72 years","Carlow","Number","368"
"Population","2016","Both sexes","72 years","Dublin City","Number","3383"
"Population","2016","Both sexes","72 years","Donegal","Number","1304"
"Population","2016","Both sexes","72 years","Dún Laoghaire-Rathdown","Number","1734"
"Population","2016","Both sexes","72 years","Fingal","Number","1470"
"Population","2016","Both sexes","72 years","Galway City","Number","450"
"Population","2016","Both sexes","72 years","Galway County","Number","1268"
"Population","2016","Both sexes","72 years","Kildare","Number","1161"
"Population","2016","Both sexes","72 years","Kilkenny","Number","714"
"Population","2016","Both sexes","72 years","Kerry","Number","1290"
"Population","2016","Both sexes","72 years","Longford","Number","289"
"Population","2016","Both sexes","72 years","Louth","Number","919"
"Population","2016","Both sexes","72 years","Limerick City and County","Number","1406"
"Population","2016","Both sexes","72 years","Leitrim","Number","278"
"Population","2016","Both sexes","72 years","Laois","Number","489"
"Population","2016","Both sexes","72 years","Meath","Number","1136"
"Population","2016","Both sexes","72 years","Monaghan","Number","430"
"Population","2016","Both sexes","72 years","Mayo","Number","1124"
"Population","2016","Both sexes","72 years","Offaly","Number","507"
"Population","2016","Both sexes","72 years","Roscommon","Number","552"
"Population","2016","Both sexes","72 years","South Dublin","Number","1609"
"Population","2016","Both sexes","72 years","Sligo","Number","508"
"Population","2016","Both sexes","72 years","Tipperary","Number","1251"
"Population","2016","Both sexes","72 years","Waterford City and County","Number","891"
"Population","2016","Both sexes","72 years","Westmeath","Number","548"
"Population","2016","Both sexes","72 years","Wicklow","Number","1024"
"Population","2016","Both sexes","72 years","Wexford","Number","1200"
"Population","2016","Both sexes","73 years","State","Number","30219"
"Population","2016","Both sexes","73 years","Cork City and Cork County","Number","3332"
"Population","2016","Both sexes","73 years","Clare","Number","806"
"Population","2016","Both sexes","73 years","Cavan","Number","445"
"Population","2016","Both sexes","73 years","Carlow","Number","371"
"Population","2016","Both sexes","73 years","Dublin City","Number","3280"
"Population","2016","Both sexes","73 years","Donegal","Number","1220"
"Population","2016","Both sexes","73 years","Dún Laoghaire-Rathdown","Number","1653"
"Population","2016","Both sexes","73 years","Fingal","Number","1367"
"Population","2016","Both sexes","73 years","Galway City","Number","411"
"Population","2016","Both sexes","73 years","Galway County","Number","1205"
"Population","2016","Both sexes","73 years","Kildare","Number","1126"
"Population","2016","Both sexes","73 years","Kilkenny","Number","722"
"Population","2016","Both sexes","73 years","Kerry","Number","1255"
"Population","2016","Both sexes","73 years","Longford","Number","268"
"Population","2016","Both sexes","73 years","Louth","Number","779"
"Population","2016","Both sexes","73 years","Limerick City and County","Number","1298"
"Population","2016","Both sexes","73 years","Leitrim","Number","251"
"Population","2016","Both sexes","73 years","Laois","Number","486"
"Population","2016","Both sexes","73 years","Meath","Number","1015"
"Population","2016","Both sexes","73 years","Monaghan","Number","416"
"Population","2016","Both sexes","73 years","Mayo","Number","1056"
"Population","2016","Both sexes","73 years","Offaly","Number","524"
"Population","2016","Both sexes","73 years","Roscommon","Number","461"
"Population","2016","Both sexes","73 years","South Dublin","Number","1456"
"Population","2016","Both sexes","73 years","Sligo","Number","510"
"Population","2016","Both sexes","73 years","Tipperary","Number","1163"
"Population","2016","Both sexes","73 years","Waterford City and County","Number","841"
"Population","2016","Both sexes","73 years","Westmeath","Number","520"
"Population","2016","Both sexes","73 years","Wicklow","Number","927"
"Population","2016","Both sexes","73 years","Wexford","Number","1055"
"Population","2016","Both sexes","74 years","State","Number","27190"
"Population","2016","Both sexes","74 years","Cork City and Cork County","Number","3245"
"Population","2016","Both sexes","74 years","Clare","Number","727"
"Population","2016","Both sexes","74 years","Cavan","Number","421"
"Population","2016","Both sexes","74 years","Carlow","Number","316"
"Population","2016","Both sexes","74 years","Dublin City","Number","3046"
"Population","2016","Both sexes","74 years","Donegal","Number","1106"
"Population","2016","Both sexes","74 years","Dún Laoghaire-Rathdown","Number","1600"
"Population","2016","Both sexes","74 years","Fingal","Number","1181"
"Population","2016","Both sexes","74 years","Galway City","Number","431"
"Population","2016","Both sexes","74 years","Galway County","Number","1125"
"Population","2016","Both sexes","74 years","Kildare","Number","902"
"Population","2016","Both sexes","74 years","Kilkenny","Number","599"
"Population","2016","Both sexes","74 years","Kerry","Number","1013"
"Population","2016","Both sexes","74 years","Longford","Number","243"
"Population","2016","Both sexes","74 years","Louth","Number","663"
"Population","2016","Both sexes","74 years","Limerick City and County","Number","1253"
"Population","2016","Both sexes","74 years","Leitrim","Number","200"
"Population","2016","Both sexes","74 years","Laois","Number","405"
"Population","2016","Both sexes","74 years","Meath","Number","919"
"Population","2016","Both sexes","74 years","Monaghan","Number","319"
"Population","2016","Both sexes","74 years","Mayo","Number","954"
"Population","2016","Both sexes","74 years","Offaly","Number","408"
"Population","2016","Both sexes","74 years","Roscommon","Number","438"
"Population","2016","Both sexes","74 years","South Dublin","Number","1225"
"Population","2016","Both sexes","74 years","Sligo","Number","429"
"Population","2016","Both sexes","74 years","Tipperary","Number","969"
"Population","2016","Both sexes","74 years","Waterford City and County","Number","796"
"Population","2016","Both sexes","74 years","Westmeath","Number","457"
"Population","2016","Both sexes","74 years","Wicklow","Number","825"
"Population","2016","Both sexes","74 years","Wexford","Number","975"
"Population","2016","Both sexes","75 years","State","Number","25449"
"Population","2016","Both sexes","75 years","Cork City and Cork County","Number","2879"
"Population","2016","Both sexes","75 years","Clare","Number","706"
"Population","2016","Both sexes","75 years","Cavan","Number","384"
"Population","2016","Both sexes","75 years","Carlow","Number","313"
"Population","2016","Both sexes","75 years","Dublin City","Number","2973"
"Population","2016","Both sexes","75 years","Donegal","Number","1032"
"Population","2016","Both sexes","75 years","Dún Laoghaire-Rathdown","Number","1450"
"Population","2016","Both sexes","75 years","Fingal","Number","1087"
"Population","2016","Both sexes","75 years","Galway City","Number","339"
"Population","2016","Both sexes","75 years","Galway County","Number","1025"
"Population","2016","Both sexes","75 years","Kildare","Number","814"
"Population","2016","Both sexes","75 years","Kilkenny","Number","550"
"Population","2016","Both sexes","75 years","Kerry","Number","1016"
"Population","2016","Both sexes","75 years","Longford","Number","217"
"Population","2016","Both sexes","75 years","Louth","Number","679"
"Population","2016","Both sexes","75 years","Limerick City and County","Number","1067"
"Population","2016","Both sexes","75 years","Leitrim","Number","198"
"Population","2016","Both sexes","75 years","Laois","Number","377"
"Population","2016","Both sexes","75 years","Meath","Number","835"
"Population","2016","Both sexes","75 years","Monaghan","Number","317"
"Population","2016","Both sexes","75 years","Mayo","Number","921"
"Population","2016","Both sexes","75 years","Offaly","Number","403"
"Population","2016","Both sexes","75 years","Roscommon","Number","422"
"Population","2016","Both sexes","75 years","South Dublin","Number","1259"
"Population","2016","Both sexes","75 years","Sligo","Number","434"
"Population","2016","Both sexes","75 years","Tipperary","Number","921"
"Population","2016","Both sexes","75 years","Waterford City and County","Number","733"
"Population","2016","Both sexes","75 years","Westmeath","Number","434"
"Population","2016","Both sexes","75 years","Wicklow","Number","744"
"Population","2016","Both sexes","75 years","Wexford","Number","920"
"Population","2016","Both sexes","76 years","State","Number","24710"
"Population","2016","Both sexes","76 years","Cork City and Cork County","Number","2963"
"Population","2016","Both sexes","76 years","Clare","Number","659"
"Population","2016","Both sexes","76 years","Cavan","Number","391"
"Population","2016","Both sexes","76 years","Carlow","Number","296"
"Population","2016","Both sexes","76 years","Dublin City","Number","3008"
"Population","2016","Both sexes","76 years","Donegal","Number","983"
"Population","2016","Both sexes","76 years","Dún Laoghaire-Rathdown","Number","1462"
"Population","2016","Both sexes","76 years","Fingal","Number","1016"
"Population","2016","Both sexes","76 years","Galway City","Number","336"
"Population","2016","Both sexes","76 years","Galway County","Number","966"
"Population","2016","Both sexes","76 years","Kildare","Number","757"
"Population","2016","Both sexes","76 years","Kilkenny","Number","526"
"Population","2016","Both sexes","76 years","Kerry","Number","952"
"Population","2016","Both sexes","76 years","Longford","Number","209"
"Population","2016","Both sexes","76 years","Louth","Number","624"
"Population","2016","Both sexes","76 years","Limerick City and County","Number","1098"
"Population","2016","Both sexes","76 years","Leitrim","Number","205"
"Population","2016","Both sexes","76 years","Laois","Number","336"
"Population","2016","Both sexes","76 years","Meath","Number","733"
"Population","2016","Both sexes","76 years","Monaghan","Number","340"
"Population","2016","Both sexes","76 years","Mayo","Number","840"
"Population","2016","Both sexes","76 years","Offaly","Number","400"
"Population","2016","Both sexes","76 years","Roscommon","Number","391"
"Population","2016","Both sexes","76 years","South Dublin","Number","1169"
"Population","2016","Both sexes","76 years","Sligo","Number","396"
"Population","2016","Both sexes","76 years","Tipperary","Number","965"
"Population","2016","Both sexes","76 years","Waterford City and County","Number","654"
"Population","2016","Both sexes","76 years","Westmeath","Number","446"
"Population","2016","Both sexes","76 years","Wicklow","Number","716"
"Population","2016","Both sexes","76 years","Wexford","Number","873"
"Population","2016","Both sexes","77 years","State","Number","23342"
"Population","2016","Both sexes","77 years","Cork City and Cork County","Number","2699"
"Population","2016","Both sexes","77 years","Clare","Number","613"
"Population","2016","Both sexes","77 years","Cavan","Number","363"
"Population","2016","Both sexes","77 years","Carlow","Number","266"
"Population","2016","Both sexes","77 years","Dublin City","Number","2910"
"Population","2016","Both sexes","77 years","Donegal","Number","923"
"Population","2016","Both sexes","77 years","Dún Laoghaire-Rathdown","Number","1462"
"Population","2016","Both sexes","77 years","Fingal","Number","868"
"Population","2016","Both sexes","77 years","Galway City","Number","341"
"Population","2016","Both sexes","77 years","Galway County","Number","936"
"Population","2016","Both sexes","77 years","Kildare","Number","734"
"Population","2016","Both sexes","77 years","Kilkenny","Number","462"
"Population","2016","Both sexes","77 years","Kerry","Number","859"
"Population","2016","Both sexes","77 years","Longford","Number","186"
"Population","2016","Both sexes","77 years","Louth","Number","567"
"Population","2016","Both sexes","77 years","Limerick City and County","Number","1020"
"Population","2016","Both sexes","77 years","Leitrim","Number","208"
"Population","2016","Both sexes","77 years","Laois","Number","348"
"Population","2016","Both sexes","77 years","Meath","Number","690"
"Population","2016","Both sexes","77 years","Monaghan","Number","302"
"Population","2016","Both sexes","77 years","Mayo","Number","838"
"Population","2016","Both sexes","77 years","Offaly","Number","387"
"Population","2016","Both sexes","77 years","Roscommon","Number","399"
"Population","2016","Both sexes","77 years","South Dublin","Number","1054"
"Population","2016","Both sexes","77 years","Sligo","Number","369"
"Population","2016","Both sexes","77 years","Tipperary","Number","918"
"Population","2016","Both sexes","77 years","Waterford City and County","Number","668"
"Population","2016","Both sexes","77 years","Westmeath","Number","408"
"Population","2016","Both sexes","77 years","Wicklow","Number","697"
"Population","2016","Both sexes","77 years","Wexford","Number","847"
"Population","2016","Both sexes","78 years","State","Number","21489"
"Population","2016","Both sexes","78 years","Cork City and Cork County","Number","2555"
"Population","2016","Both sexes","78 years","Clare","Number","546"
"Population","2016","Both sexes","78 years","Cavan","Number","353"
"Population","2016","Both sexes","78 years","Carlow","Number","269"
"Population","2016","Both sexes","78 years","Dublin City","Number","2682"
"Population","2016","Both sexes","78 years","Donegal","Number","849"
"Population","2016","Both sexes","78 years","Dún Laoghaire-Rathdown","Number","1299"
"Population","2016","Both sexes","78 years","Fingal","Number","825"
"Population","2016","Both sexes","78 years","Galway City","Number","309"
"Population","2016","Both sexes","78 years","Galway County","Number","851"
"Population","2016","Both sexes","78 years","Kildare","Number","641"
"Population","2016","Both sexes","78 years","Kilkenny","Number","499"
"Population","2016","Both sexes","78 years","Kerry","Number","834"
"Population","2016","Both sexes","78 years","Longford","Number","183"
"Population","2016","Both sexes","78 years","Louth","Number","554"
"Population","2016","Both sexes","78 years","Limerick City and County","Number","937"
"Population","2016","Both sexes","78 years","Leitrim","Number","183"
"Population","2016","Both sexes","78 years","Laois","Number","292"
"Population","2016","Both sexes","78 years","Meath","Number","664"
"Population","2016","Both sexes","78 years","Monaghan","Number","267"
"Population","2016","Both sexes","78 years","Mayo","Number","752"
"Population","2016","Both sexes","78 years","Offaly","Number","356"
"Population","2016","Both sexes","78 years","Roscommon","Number","331"
"Population","2016","Both sexes","78 years","South Dublin","Number","960"
"Population","2016","Both sexes","78 years","Sligo","Number","323"
"Population","2016","Both sexes","78 years","Tipperary","Number","810"
"Population","2016","Both sexes","78 years","Waterford City and County","Number","577"
"Population","2016","Both sexes","78 years","Westmeath","Number","408"
"Population","2016","Both sexes","78 years","Wicklow","Number","594"
"Population","2016","Both sexes","78 years","Wexford","Number","786"
"Population","2016","Both sexes","79 years","State","Number","20477"
"Population","2016","Both sexes","79 years","Cork City and Cork County","Number","2424"
"Population","2016","Both sexes","79 years","Clare","Number","537"
"Population","2016","Both sexes","79 years","Cavan","Number","327"
"Population","2016","Both sexes","79 years","Carlow","Number","211"
"Population","2016","Both sexes","79 years","Dublin City","Number","2588"
"Population","2016","Both sexes","79 years","Donegal","Number","781"
"Population","2016","Both sexes","79 years","Dún Laoghaire-Rathdown","Number","1257"
"Population","2016","Both sexes","79 years","Fingal","Number","742"
"Population","2016","Both sexes","79 years","Galway City","Number","292"
"Population","2016","Both sexes","79 years","Galway County","Number","844"
"Population","2016","Both sexes","79 years","Kildare","Number","627"
"Population","2016","Both sexes","79 years","Kilkenny","Number","437"
"Population","2016","Both sexes","79 years","Kerry","Number","766"
"Population","2016","Both sexes","79 years","Longford","Number","177"
"Population","2016","Both sexes","79 years","Louth","Number","499"
"Population","2016","Both sexes","79 years","Limerick City and County","Number","882"
"Population","2016","Both sexes","79 years","Leitrim","Number","172"
"Population","2016","Both sexes","79 years","Laois","Number","318"
"Population","2016","Both sexes","79 years","Meath","Number","609"
"Population","2016","Both sexes","79 years","Monaghan","Number","259"
"Population","2016","Both sexes","79 years","Mayo","Number","701"
"Population","2016","Both sexes","79 years","Offaly","Number","380"
"Population","2016","Both sexes","79 years","Roscommon","Number","336"
"Population","2016","Both sexes","79 years","South Dublin","Number","954"
"Population","2016","Both sexes","79 years","Sligo","Number","350"
"Population","2016","Both sexes","79 years","Tipperary","Number","770"
"Population","2016","Both sexes","79 years","Waterford City and County","Number","570"
"Population","2016","Both sexes","79 years","Westmeath","Number","393"
"Population","2016","Both sexes","79 years","Wicklow","Number","549"
"Population","2016","Both sexes","79 years","Wexford","Number","725"
"Population","2016","Both sexes","80 years","State","Number","19287"
"Population","2016","Both sexes","80 years","Cork City and Cork County","Number","2337"
"Population","2016","Both sexes","80 years","Clare","Number","524"
"Population","2016","Both sexes","80 years","Cavan","Number","359"
"Population","2016","Both sexes","80 years","Carlow","Number","225"
"Population","2016","Both sexes","80 years","Dublin City","Number","2477"
"Population","2016","Both sexes","80 years","Donegal","Number","698"
"Population","2016","Both sexes","80 years","Dún Laoghaire-Rathdown","Number","1132"
"Population","2016","Both sexes","80 years","Fingal","Number","702"
"Population","2016","Both sexes","80 years","Galway City","Number","272"
"Population","2016","Both sexes","80 years","Galway County","Number","769"
"Population","2016","Both sexes","80 years","Kildare","Number","538"
"Population","2016","Both sexes","80 years","Kilkenny","Number","419"
"Population","2016","Both sexes","80 years","Kerry","Number","710"
"Population","2016","Both sexes","80 years","Longford","Number","197"
"Population","2016","Both sexes","80 years","Louth","Number","488"
"Population","2016","Both sexes","80 years","Limerick City and County","Number","852"
"Population","2016","Both sexes","80 years","Leitrim","Number","165"
"Population","2016","Both sexes","80 years","Laois","Number","284"
"Population","2016","Both sexes","80 years","Meath","Number","561"
"Population","2016","Both sexes","80 years","Monaghan","Number","258"
"Population","2016","Both sexes","80 years","Mayo","Number","673"
"Population","2016","Both sexes","80 years","Offaly","Number","336"
"Population","2016","Both sexes","80 years","Roscommon","Number","343"
"Population","2016","Both sexes","80 years","South Dublin","Number","845"
"Population","2016","Both sexes","80 years","Sligo","Number","305"
"Population","2016","Both sexes","80 years","Tipperary","Number","750"
"Population","2016","Both sexes","80 years","Waterford City and County","Number","528"
"Population","2016","Both sexes","80 years","Westmeath","Number","353"
"Population","2016","Both sexes","80 years","Wicklow","Number","522"
"Population","2016","Both sexes","80 years","Wexford","Number","665"
"Population","2016","Both sexes","81 years","State","Number","17821"
"Population","2016","Both sexes","81 years","Cork City and Cork County","Number","2153"
"Population","2016","Both sexes","81 years","Clare","Number","461"
"Population","2016","Both sexes","81 years","Cavan","Number","291"
"Population","2016","Both sexes","81 years","Carlow","Number","196"
"Population","2016","Both sexes","81 years","Dublin City","Number","2342"
"Population","2016","Both sexes","81 years","Donegal","Number","697"
"Population","2016","Both sexes","81 years","Dún Laoghaire-Rathdown","Number","1085"
"Population","2016","Both sexes","81 years","Fingal","Number","637"
"Population","2016","Both sexes","81 years","Galway City","Number","235"
"Population","2016","Both sexes","81 years","Galway County","Number","712"
"Population","2016","Both sexes","81 years","Kildare","Number","525"
"Population","2016","Both sexes","81 years","Kilkenny","Number","409"
"Population","2016","Both sexes","81 years","Kerry","Number","676"
"Population","2016","Both sexes","81 years","Longford","Number","152"
"Population","2016","Both sexes","81 years","Louth","Number","413"
"Population","2016","Both sexes","81 years","Limerick City and County","Number","709"
"Population","2016","Both sexes","81 years","Leitrim","Number","162"
"Population","2016","Both sexes","81 years","Laois","Number","270"
"Population","2016","Both sexes","81 years","Meath","Number","541"
"Population","2016","Both sexes","81 years","Monaghan","Number","249"
"Population","2016","Both sexes","81 years","Mayo","Number","637"
"Population","2016","Both sexes","81 years","Offaly","Number","277"
"Population","2016","Both sexes","81 years","Roscommon","Number","330"
"Population","2016","Both sexes","81 years","South Dublin","Number","758"
"Population","2016","Both sexes","81 years","Sligo","Number","294"
"Population","2016","Both sexes","81 years","Tipperary","Number","726"
"Population","2016","Both sexes","81 years","Waterford City and County","Number","512"
"Population","2016","Both sexes","81 years","Westmeath","Number","321"
"Population","2016","Both sexes","81 years","Wicklow","Number","471"
"Population","2016","Both sexes","81 years","Wexford","Number","580"
"Population","2016","Both sexes","82 years","State","Number","16339"
"Population","2016","Both sexes","82 years","Cork City and Cork County","Number","1959"
"Population","2016","Both sexes","82 years","Clare","Number","404"
"Population","2016","Both sexes","82 years","Cavan","Number","303"
"Population","2016","Both sexes","82 years","Carlow","Number","192"
"Population","2016","Both sexes","82 years","Dublin City","Number","2232"
"Population","2016","Both sexes","82 years","Donegal","Number","599"
"Population","2016","Both sexes","82 years","Dún Laoghaire-Rathdown","Number","997"
"Population","2016","Both sexes","82 years","Fingal","Number","527"
"Population","2016","Both sexes","82 years","Galway City","Number","228"
"Population","2016","Both sexes","82 years","Galway County","Number","692"
"Population","2016","Both sexes","82 years","Kildare","Number","474"
"Population","2016","Both sexes","82 years","Kilkenny","Number","339"
"Population","2016","Both sexes","82 years","Kerry","Number","617"
"Population","2016","Both sexes","82 years","Longford","Number","161"
"Population","2016","Both sexes","82 years","Louth","Number","424"
"Population","2016","Both sexes","82 years","Limerick City and County","Number","680"
"Population","2016","Both sexes","82 years","Leitrim","Number","129"
"Population","2016","Both sexes","82 years","Laois","Number","240"
"Population","2016","Both sexes","82 years","Meath","Number","451"
"Population","2016","Both sexes","82 years","Monaghan","Number","230"
"Population","2016","Both sexes","82 years","Mayo","Number","617"
"Population","2016","Both sexes","82 years","Offaly","Number","314"
"Population","2016","Both sexes","82 years","Roscommon","Number","282"
"Population","2016","Both sexes","82 years","South Dublin","Number","639"
"Population","2016","Both sexes","82 years","Sligo","Number","271"
"Population","2016","Both sexes","82 years","Tipperary","Number","668"
"Population","2016","Both sexes","82 years","Waterford City and County","Number","442"
"Population","2016","Both sexes","82 years","Westmeath","Number","286"
"Population","2016","Both sexes","82 years","Wicklow","Number","394"
"Population","2016","Both sexes","82 years","Wexford","Number","548"
"Population","2016","Both sexes","83 years","State","Number","14484"
"Population","2016","Both sexes","83 years","Cork City and Cork County","Number","1713"
"Population","2016","Both sexes","83 years","Clare","Number","351"
"Population","2016","Both sexes","83 years","Cavan","Number","223"
"Population","2016","Both sexes","83 years","Carlow","Number","144"
"Population","2016","Both sexes","83 years","Dublin City","Number","2000"
"Population","2016","Both sexes","83 years","Donegal","Number","566"
"Population","2016","Both sexes","83 years","Dún Laoghaire-Rathdown","Number","871"
"Population","2016","Both sexes","83 years","Fingal","Number","503"
"Population","2016","Both sexes","83 years","Galway City","Number","204"
"Population","2016","Both sexes","83 years","Galway County","Number","619"
"Population","2016","Both sexes","83 years","Kildare","Number","406"
"Population","2016","Both sexes","83 years","Kilkenny","Number","328"
"Population","2016","Both sexes","83 years","Kerry","Number","524"
"Population","2016","Both sexes","83 years","Longford","Number","131"
"Population","2016","Both sexes","83 years","Louth","Number","336"
"Population","2016","Both sexes","83 years","Limerick City and County","Number","617"
"Population","2016","Both sexes","83 years","Leitrim","Number","114"
"Population","2016","Both sexes","83 years","Laois","Number","212"
"Population","2016","Both sexes","83 years","Meath","Number","423"
"Population","2016","Both sexes","83 years","Monaghan","Number","234"
"Population","2016","Both sexes","83 years","Mayo","Number","510"
"Population","2016","Both sexes","83 years","Offaly","Number","265"
"Population","2016","Both sexes","83 years","Roscommon","Number","252"
"Population","2016","Both sexes","83 years","South Dublin","Number","575"
"Population","2016","Both sexes","83 years","Sligo","Number","237"
"Population","2016","Both sexes","83 years","Tipperary","Number","594"
"Population","2016","Both sexes","83 years","Waterford City and County","Number","400"
"Population","2016","Both sexes","83 years","Westmeath","Number","259"
"Population","2016","Both sexes","83 years","Wicklow","Number","391"
"Population","2016","Both sexes","83 years","Wexford","Number","482"
"Population","2016","Both sexes","84 years","State","Number","13106"
"Population","2016","Both sexes","84 years","Cork City and Cork County","Number","1580"
"Population","2016","Both sexes","84 years","Clare","Number","337"
"Population","2016","Both sexes","84 years","Cavan","Number","223"
"Population","2016","Both sexes","84 years","Carlow","Number","151"
"Population","2016","Both sexes","84 years","Dublin City","Number","1806"
"Population","2016","Both sexes","84 years","Donegal","Number","497"
"Population","2016","Both sexes","84 years","Dún Laoghaire-Rathdown","Number","872"
"Population","2016","Both sexes","84 years","Fingal","Number","441"
"Population","2016","Both sexes","84 years","Galway City","Number","177"
"Population","2016","Both sexes","84 years","Galway County","Number","571"
"Population","2016","Both sexes","84 years","Kildare","Number","327"
"Population","2016","Both sexes","84 years","Kilkenny","Number","263"
"Population","2016","Both sexes","84 years","Kerry","Number","497"
"Population","2016","Both sexes","84 years","Longford","Number","113"
"Population","2016","Both sexes","84 years","Louth","Number","298"
"Population","2016","Both sexes","84 years","Limerick City and County","Number","505"
"Population","2016","Both sexes","84 years","Leitrim","Number","111"
"Population","2016","Both sexes","84 years","Laois","Number","188"
"Population","2016","Both sexes","84 years","Meath","Number","353"
"Population","2016","Both sexes","84 years","Monaghan","Number","181"
"Population","2016","Both sexes","84 years","Mayo","Number","512"
"Population","2016","Both sexes","84 years","Offaly","Number","193"
"Population","2016","Both sexes","84 years","Roscommon","Number","262"
"Population","2016","Both sexes","84 years","South Dublin","Number","530"
"Population","2016","Both sexes","84 years","Sligo","Number","235"
"Population","2016","Both sexes","84 years","Tipperary","Number","527"
"Population","2016","Both sexes","84 years","Waterford City and County","Number","363"
"Population","2016","Both sexes","84 years","Westmeath","Number","230"
"Population","2016","Both sexes","84 years","Wicklow","Number","345"
"Population","2016","Both sexes","84 years","Wexford","Number","418"
"Population","2016","Both sexes","85 years","State","Number","11947"
"Population","2016","Both sexes","85 years","Cork City and Cork County","Number","1461"
"Population","2016","Both sexes","85 years","Clare","Number","288"
"Population","2016","Both sexes","85 years","Cavan","Number","209"
"Population","2016","Both sexes","85 years","Carlow","Number","152"
"Population","2016","Both sexes","85 years","Dublin City","Number","1629"
"Population","2016","Both sexes","85 years","Donegal","Number","491"
"Population","2016","Both sexes","85 years","Dún Laoghaire-Rathdown","Number","700"
"Population","2016","Both sexes","85 years","Fingal","Number","350"
"Population","2016","Both sexes","85 years","Galway City","Number","166"
"Population","2016","Both sexes","85 years","Galway County","Number","503"
"Population","2016","Both sexes","85 years","Kildare","Number","351"
"Population","2016","Both sexes","85 years","Kilkenny","Number","282"
"Population","2016","Both sexes","85 years","Kerry","Number","429"
"Population","2016","Both sexes","85 years","Longford","Number","101"
"Population","2016","Both sexes","85 years","Louth","Number","280"
"Population","2016","Both sexes","85 years","Limerick City and County","Number","494"
"Population","2016","Both sexes","85 years","Leitrim","Number","130"
"Population","2016","Both sexes","85 years","Laois","Number","188"
"Population","2016","Both sexes","85 years","Meath","Number","355"
"Population","2016","Both sexes","85 years","Monaghan","Number","165"
"Population","2016","Both sexes","85 years","Mayo","Number","441"
"Population","2016","Both sexes","85 years","Offaly","Number","182"
"Population","2016","Both sexes","85 years","Roscommon","Number","202"
"Population","2016","Both sexes","85 years","South Dublin","Number","451"
"Population","2016","Both sexes","85 years","Sligo","Number","186"
"Population","2016","Both sexes","85 years","Tipperary","Number","523"
"Population","2016","Both sexes","85 years","Waterford City and County","Number","331"
"Population","2016","Both sexes","85 years","Westmeath","Number","201"
"Population","2016","Both sexes","85 years","Wicklow","Number","315"
"Population","2016","Both sexes","85 years","Wexford","Number","391"
"Population","2016","Both sexes","86 years","State","Number","10331"
"Population","2016","Both sexes","86 years","Cork City and Cork County","Number","1225"
"Population","2016","Both sexes","86 years","Clare","Number","275"
"Population","2016","Both sexes","86 years","Cavan","Number","175"
"Population","2016","Both sexes","86 years","Carlow","Number","111"
"Population","2016","Both sexes","86 years","Dublin City","Number","1451"
"Population","2016","Both sexes","86 years","Donegal","Number","409"
"Population","2016","Both sexes","86 years","Dún Laoghaire-Rathdown","Number","714"
"Population","2016","Both sexes","86 years","Fingal","Number","322"
"Population","2016","Both sexes","86 years","Galway City","Number","132"
"Population","2016","Both sexes","86 years","Galway County","Number","443"
"Population","2016","Both sexes","86 years","Kildare","Number","259"
"Population","2016","Both sexes","86 years","Kilkenny","Number","239"
"Population","2016","Both sexes","86 years","Kerry","Number","389"
"Population","2016","Both sexes","86 years","Longford","Number","82"
"Population","2016","Both sexes","86 years","Louth","Number","256"
"Population","2016","Both sexes","86 years","Limerick City and County","Number","386"
"Population","2016","Both sexes","86 years","Leitrim","Number","104"
"Population","2016","Both sexes","86 years","Laois","Number","149"
"Population","2016","Both sexes","86 years","Meath","Number","310"
"Population","2016","Both sexes","86 years","Monaghan","Number","150"
"Population","2016","Both sexes","86 years","Mayo","Number","360"
"Population","2016","Both sexes","86 years","Offaly","Number","183"
"Population","2016","Both sexes","86 years","Roscommon","Number","211"
"Population","2016","Both sexes","86 years","South Dublin","Number","358"
"Population","2016","Both sexes","86 years","Sligo","Number","176"
"Population","2016","Both sexes","86 years","Tipperary","Number","423"
"Population","2016","Both sexes","86 years","Waterford City and County","Number","275"
"Population","2016","Both sexes","86 years","Westmeath","Number","179"
"Population","2016","Both sexes","86 years","Wicklow","Number","277"
"Population","2016","Both sexes","86 years","Wexford","Number","308"
"Population","2016","Both sexes","87 years","State","Number","8785"
"Population","2016","Both sexes","87 years","Cork City and Cork County","Number","1000"
"Population","2016","Both sexes","87 years","Clare","Number","222"
"Population","2016","Both sexes","87 years","Cavan","Number","154"
"Population","2016","Both sexes","87 years","Carlow","Number","86"
"Population","2016","Both sexes","87 years","Dublin City","Number","1275"
"Population","2016","Both sexes","87 years","Donegal","Number","345"
"Population","2016","Both sexes","87 years","Dún Laoghaire-Rathdown","Number","539"
"Population","2016","Both sexes","87 years","Fingal","Number","266"
"Population","2016","Both sexes","87 years","Galway City","Number","115"
"Population","2016","Both sexes","87 years","Galway County","Number","366"
"Population","2016","Both sexes","87 years","Kildare","Number","284"
"Population","2016","Both sexes","87 years","Kilkenny","Number","193"
"Population","2016","Both sexes","87 years","Kerry","Number","339"
"Population","2016","Both sexes","87 years","Longford","Number","78"
"Population","2016","Both sexes","87 years","Louth","Number","205"
"Population","2016","Both sexes","87 years","Limerick City and County","Number","345"
"Population","2016","Both sexes","87 years","Leitrim","Number","79"
"Population","2016","Both sexes","87 years","Laois","Number","129"
"Population","2016","Both sexes","87 years","Meath","Number","253"
"Population","2016","Both sexes","87 years","Monaghan","Number","117"
"Population","2016","Both sexes","87 years","Mayo","Number","337"
"Population","2016","Both sexes","87 years","Offaly","Number","148"
"Population","2016","Both sexes","87 years","Roscommon","Number","210"
"Population","2016","Both sexes","87 years","South Dublin","Number","357"
"Population","2016","Both sexes","87 years","Sligo","Number","153"
"Population","2016","Both sexes","87 years","Tipperary","Number","346"
"Population","2016","Both sexes","87 years","Waterford City and County","Number","217"
"Population","2016","Both sexes","87 years","Westmeath","Number","157"
"Population","2016","Both sexes","87 years","Wicklow","Number","211"
"Population","2016","Both sexes","87 years","Wexford","Number","259"
"Population","2016","Both sexes","88 years","State","Number","7378"
"Population","2016","Both sexes","88 years","Cork City and Cork County","Number","791"
"Population","2016","Both sexes","88 years","Clare","Number","183"
"Population","2016","Both sexes","88 years","Cavan","Number","127"
"Population","2016","Both sexes","88 years","Carlow","Number","83"
"Population","2016","Both sexes","88 years","Dublin City","Number","1052"
"Population","2016","Both sexes","88 years","Donegal","Number","273"
"Population","2016","Both sexes","88 years","Dún Laoghaire-Rathdown","Number","521"
"Population","2016","Both sexes","88 years","Fingal","Number","238"
"Population","2016","Both sexes","88 years","Galway City","Number","97"
"Population","2016","Both sexes","88 years","Galway County","Number","326"
"Population","2016","Both sexes","88 years","Kildare","Number","204"
"Population","2016","Both sexes","88 years","Kilkenny","Number","172"
"Population","2016","Both sexes","88 years","Kerry","Number","267"
"Population","2016","Both sexes","88 years","Longford","Number","60"
"Population","2016","Both sexes","88 years","Louth","Number","166"
"Population","2016","Both sexes","88 years","Limerick City and County","Number","290"
"Population","2016","Both sexes","88 years","Leitrim","Number","69"
"Population","2016","Both sexes","88 years","Laois","Number","110"
"Population","2016","Both sexes","88 years","Meath","Number","227"
"Population","2016","Both sexes","88 years","Monaghan","Number","85"
"Population","2016","Both sexes","88 years","Mayo","Number","297"
"Population","2016","Both sexes","88 years","Offaly","Number","131"
"Population","2016","Both sexes","88 years","Roscommon","Number","154"
"Population","2016","Both sexes","88 years","South Dublin","Number","291"
"Population","2016","Both sexes","88 years","Sligo","Number","155"
"Population","2016","Both sexes","88 years","Tipperary","Number","286"
"Population","2016","Both sexes","88 years","Waterford City and County","Number","176"
"Population","2016","Both sexes","88 years","Westmeath","Number","113"
"Population","2016","Both sexes","88 years","Wicklow","Number","193"
"Population","2016","Both sexes","88 years","Wexford","Number","241"
"Population","2016","Both sexes","89 years","State","Number","6421"
"Population","2016","Both sexes","89 years","Cork City and Cork County","Number","734"
"Population","2016","Both sexes","89 years","Clare","Number","184"
"Population","2016","Both sexes","89 years","Cavan","Number","117"
"Population","2016","Both sexes","89 years","Carlow","Number","55"
"Population","2016","Both sexes","89 years","Dublin City","Number","888"
"Population","2016","Both sexes","89 years","Donegal","Number","268"
"Population","2016","Both sexes","89 years","Dún Laoghaire-Rathdown","Number","414"
"Population","2016","Both sexes","89 years","Fingal","Number","209"
"Population","2016","Both sexes","89 years","Galway City","Number","77"
"Population","2016","Both sexes","89 years","Galway County","Number","283"
"Population","2016","Both sexes","89 years","Kildare","Number","197"
"Population","2016","Both sexes","89 years","Kilkenny","Number","136"
"Population","2016","Both sexes","89 years","Kerry","Number","228"
"Population","2016","Both sexes","89 years","Longford","Number","57"
"Population","2016","Both sexes","89 years","Louth","Number","163"
"Population","2016","Both sexes","89 years","Limerick City and County","Number","261"
"Population","2016","Both sexes","89 years","Leitrim","Number","75"
"Population","2016","Both sexes","89 years","Laois","Number","98"
"Population","2016","Both sexes","89 years","Meath","Number","177"
"Population","2016","Both sexes","89 years","Monaghan","Number","87"
"Population","2016","Both sexes","89 years","Mayo","Number","250"
"Population","2016","Both sexes","89 years","Offaly","Number","113"
"Population","2016","Both sexes","89 years","Roscommon","Number","130"
"Population","2016","Both sexes","89 years","South Dublin","Number","249"
"Population","2016","Both sexes","89 years","Sligo","Number","95"
"Population","2016","Both sexes","89 years","Tipperary","Number","257"
"Population","2016","Both sexes","89 years","Waterford City and County","Number","142"
"Population","2016","Both sexes","89 years","Westmeath","Number","122"
"Population","2016","Both sexes","89 years","Wicklow","Number","179"
"Population","2016","Both sexes","89 years","Wexford","Number","176"
"Population","2016","Both sexes","90 years","State","Number","5378"
"Population","2016","Both sexes","90 years","Cork City and Cork County","Number","601"
"Population","2016","Both sexes","90 years","Clare","Number","144"
"Population","2016","Both sexes","90 years","Cavan","Number","108"
"Population","2016","Both sexes","90 years","Carlow","Number","63"
"Population","2016","Both sexes","90 years","Dublin City","Number","719"
"Population","2016","Both sexes","90 years","Donegal","Number","213"
"Population","2016","Both sexes","90 years","Dún Laoghaire-Rathdown","Number","348"
"Population","2016","Both sexes","90 years","Fingal","Number","188"
"Population","2016","Both sexes","90 years","Galway City","Number","85"
"Population","2016","Both sexes","90 years","Galway County","Number","250"
"Population","2016","Both sexes","90 years","Kildare","Number","159"
"Population","2016","Both sexes","90 years","Kilkenny","Number","128"
"Population","2016","Both sexes","90 years","Kerry","Number","196"
"Population","2016","Both sexes","90 years","Longford","Number","56"
"Population","2016","Both sexes","90 years","Louth","Number","117"
"Population","2016","Both sexes","90 years","Limerick City and County","Number","219"
"Population","2016","Both sexes","90 years","Leitrim","Number","42"
"Population","2016","Both sexes","90 years","Laois","Number","78"
"Population","2016","Both sexes","90 years","Meath","Number","161"
"Population","2016","Both sexes","90 years","Monaghan","Number","86"
"Population","2016","Both sexes","90 years","Mayo","Number","209"
"Population","2016","Both sexes","90 years","Offaly","Number","82"
"Population","2016","Both sexes","90 years","Roscommon","Number","120"
"Population","2016","Both sexes","90 years","South Dublin","Number","171"
"Population","2016","Both sexes","90 years","Sligo","Number","104"
"Population","2016","Both sexes","90 years","Tipperary","Number","189"
"Population","2016","Both sexes","90 years","Waterford City and County","Number","131"
"Population","2016","Both sexes","90 years","Westmeath","Number","95"
"Population","2016","Both sexes","90 years","Wicklow","Number","141"
"Population","2016","Both sexes","90 years","Wexford","Number","175"
"Population","2016","Both sexes","91 years","State","Number","4378"
"Population","2016","Both sexes","91 years","Cork City and Cork County","Number","498"
"Population","2016","Both sexes","91 years","Clare","Number","129"
"Population","2016","Both sexes","91 years","Cavan","Number","83"
"Population","2016","Both sexes","91 years","Carlow","Number","48"
"Population","2016","Both sexes","91 years","Dublin City","Number","572"
"Population","2016","Both sexes","91 years","Donegal","Number","152"
"Population","2016","Both sexes","91 years","Dún Laoghaire-Rathdown","Number","266"
"Population","2016","Both sexes","91 years","Fingal","Number","146"
"Population","2016","Both sexes","91 years","Galway City","Number","49"
"Population","2016","Both sexes","91 years","Galway County","Number","209"
"Population","2016","Both sexes","91 years","Kildare","Number","134"
"Population","2016","Both sexes","91 years","Kilkenny","Number","95"
"Population","2016","Both sexes","91 years","Kerry","Number","173"
"Population","2016","Both sexes","91 years","Longford","Number","48"
"Population","2016","Both sexes","91 years","Louth","Number","105"
"Population","2016","Both sexes","91 years","Limerick City and County","Number","184"
"Population","2016","Both sexes","91 years","Leitrim","Number","49"
"Population","2016","Both sexes","91 years","Laois","Number","65"
"Population","2016","Both sexes","91 years","Meath","Number","124"
"Population","2016","Both sexes","91 years","Monaghan","Number","85"
"Population","2016","Both sexes","91 years","Mayo","Number","175"
"Population","2016","Both sexes","91 years","Offaly","Number","70"
"Population","2016","Both sexes","91 years","Roscommon","Number","80"
"Population","2016","Both sexes","91 years","South Dublin","Number","147"
"Population","2016","Both sexes","91 years","Sligo","Number","94"
"Population","2016","Both sexes","91 years","Tipperary","Number","156"
"Population","2016","Both sexes","91 years","Waterford City and County","Number","108"
"Population","2016","Both sexes","91 years","Westmeath","Number","85"
"Population","2016","Both sexes","91 years","Wicklow","Number","110"
"Population","2016","Both sexes","91 years","Wexford","Number","139"
"Population","2016","Both sexes","92 years","State","Number","3418"
"Population","2016","Both sexes","92 years","Cork City and Cork County","Number","384"
"Population","2016","Both sexes","92 years","Clare","Number","93"
"Population","2016","Both sexes","92 years","Cavan","Number","78"
"Population","2016","Both sexes","92 years","Carlow","Number","30"
"Population","2016","Both sexes","92 years","Dublin City","Number","454"
"Population","2016","Both sexes","92 years","Donegal","Number","142"
"Population","2016","Both sexes","92 years","Dún Laoghaire-Rathdown","Number","255"
"Population","2016","Both sexes","92 years","Fingal","Number","120"
"Population","2016","Both sexes","92 years","Galway City","Number","41"
"Population","2016","Both sexes","92 years","Galway County","Number","173"
"Population","2016","Both sexes","92 years","Kildare","Number","88"
"Population","2016","Both sexes","92 years","Kilkenny","Number","75"
"Population","2016","Both sexes","92 years","Kerry","Number","112"
"Population","2016","Both sexes","92 years","Longford","Number","33"
"Population","2016","Both sexes","92 years","Louth","Number","65"
"Population","2016","Both sexes","92 years","Limerick City and County","Number","133"
"Population","2016","Both sexes","92 years","Leitrim","Number","39"
"Population","2016","Both sexes","92 years","Laois","Number","38"
"Population","2016","Both sexes","92 years","Meath","Number","96"
"Population","2016","Both sexes","92 years","Monaghan","Number","41"
"Population","2016","Both sexes","92 years","Mayo","Number","144"
"Population","2016","Both sexes","92 years","Offaly","Number","59"
"Population","2016","Both sexes","92 years","Roscommon","Number","62"
"Population","2016","Both sexes","92 years","South Dublin","Number","106"
"Population","2016","Both sexes","92 years","Sligo","Number","58"
"Population","2016","Both sexes","92 years","Tipperary","Number","150"
"Population","2016","Both sexes","92 years","Waterford City and County","Number","111"
"Population","2016","Both sexes","92 years","Westmeath","Number","58"
"Population","2016","Both sexes","92 years","Wicklow","Number","78"
"Population","2016","Both sexes","92 years","Wexford","Number","102"
"Population","2016","Both sexes","93 years","State","Number","2733"
"Population","2016","Both sexes","93 years","Cork City and Cork County","Number","326"
"Population","2016","Both sexes","93 years","Clare","Number","79"
"Population","2016","Both sexes","93 years","Cavan","Number","51"
"Population","2016","Both sexes","93 years","Carlow","Number","28"
"Population","2016","Both sexes","93 years","Dublin City","Number","364"
"Population","2016","Both sexes","93 years","Donegal","Number","106"
"Population","2016","Both sexes","93 years","Dún Laoghaire-Rathdown","Number","181"
"Population","2016","Both sexes","93 years","Fingal","Number","100"
"Population","2016","Both sexes","93 years","Galway City","Number","32"
"Population","2016","Both sexes","93 years","Galway County","Number","130"
"Population","2016","Both sexes","93 years","Kildare","Number","81"
"Population","2016","Both sexes","93 years","Kilkenny","Number","74"
"Population","2016","Both sexes","93 years","Kerry","Number","94"
"Population","2016","Both sexes","93 years","Longford","Number","19"
"Population","2016","Both sexes","93 years","Louth","Number","61"
"Population","2016","Both sexes","93 years","Limerick City and County","Number","90"
"Population","2016","Both sexes","93 years","Leitrim","Number","29"
"Population","2016","Both sexes","93 years","Laois","Number","36"
"Population","2016","Both sexes","93 years","Meath","Number","84"
"Population","2016","Both sexes","93 years","Monaghan","Number","43"
"Population","2016","Both sexes","93 years","Mayo","Number","125"
"Population","2016","Both sexes","93 years","Offaly","Number","54"
"Population","2016","Both sexes","93 years","Roscommon","Number","53"
"Population","2016","Both sexes","93 years","South Dublin","Number","68"
"Population","2016","Both sexes","93 years","Sligo","Number","62"
"Population","2016","Both sexes","93 years","Tipperary","Number","85"
"Population","2016","Both sexes","93 years","Waterford City and County","Number","74"
"Population","2016","Both sexes","93 years","Westmeath","Number","58"
"Population","2016","Both sexes","93 years","Wicklow","Number","62"
"Population","2016","Both sexes","93 years","Wexford","Number","84"
"Population","2016","Both sexes","94 years","State","Number","2067"
"Population","2016","Both sexes","94 years","Cork City and Cork County","Number","253"
"Population","2016","Both sexes","94 years","Clare","Number","53"
"Population","2016","Both sexes","94 years","Cavan","Number","44"
"Population","2016","Both sexes","94 years","Carlow","Number","23"
"Population","2016","Both sexes","94 years","Dublin City","Number","270"
"Population","2016","Both sexes","94 years","Donegal","Number","90"
"Population","2016","Both sexes","94 years","Dún Laoghaire-Rathdown","Number","142"
"Population","2016","Both sexes","94 years","Fingal","Number","72"
"Population","2016","Both sexes","94 years","Galway City","Number","21"
"Population","2016","Both sexes","94 years","Galway County","Number","96"
"Population","2016","Both sexes","94 years","Kildare","Number","64"
"Population","2016","Both sexes","94 years","Kilkenny","Number","48"
"Population","2016","Both sexes","94 years","Kerry","Number","69"
"Population","2016","Both sexes","94 years","Longford","Number","20"
"Population","2016","Both sexes","94 years","Louth","Number","66"
"Population","2016","Both sexes","94 years","Limerick City and County","Number","68"
"Population","2016","Both sexes","94 years","Leitrim","Number","14"
"Population","2016","Both sexes","94 years","Laois","Number","20"
"Population","2016","Both sexes","94 years","Meath","Number","64"
"Population","2016","Both sexes","94 years","Monaghan","Number","28"
"Population","2016","Both sexes","94 years","Mayo","Number","81"
"Population","2016","Both sexes","94 years","Offaly","Number","31"
"Population","2016","Both sexes","94 years","Roscommon","Number","47"
"Population","2016","Both sexes","94 years","South Dublin","Number","59"
"Population","2016","Both sexes","94 years","Sligo","Number","42"
"Population","2016","Both sexes","94 years","Tipperary","Number","78"
"Population","2016","Both sexes","94 years","Waterford City and County","Number","47"
"Population","2016","Both sexes","94 years","Westmeath","Number","32"
"Population","2016","Both sexes","94 years","Wicklow","Number","59"
"Population","2016","Both sexes","94 years","Wexford","Number","66"
"Population","2016","Both sexes","95 years","State","Number","1551"
"Population","2016","Both sexes","95 years","Cork City and Cork County","Number","164"
"Population","2016","Both sexes","95 years","Clare","Number","44"
"Population","2016","Both sexes","95 years","Cavan","Number","28"
"Population","2016","Both sexes","95 years","Carlow","Number","21"
"Population","2016","Both sexes","95 years","Dublin City","Number","206"
"Population","2016","Both sexes","95 years","Donegal","Number","56"
"Population","2016","Both sexes","95 years","Dún Laoghaire-Rathdown","Number","89"
"Population","2016","Both sexes","95 years","Fingal","Number","51"
"Population","2016","Both sexes","95 years","Galway City","Number","21"
"Population","2016","Both sexes","95 years","Galway County","Number","97"
"Population","2016","Both sexes","95 years","Kildare","Number","49"
"Population","2016","Both sexes","95 years","Kilkenny","Number","46"
"Population","2016","Both sexes","95 years","Kerry","Number","58"
"Population","2016","Both sexes","95 years","Longford","Number","15"
"Population","2016","Both sexes","95 years","Louth","Number","45"
"Population","2016","Both sexes","95 years","Limerick City and County","Number","54"
"Population","2016","Both sexes","95 years","Leitrim","Number","24"
"Population","2016","Both sexes","95 years","Laois","Number","16"
"Population","2016","Both sexes","95 years","Meath","Number","42"
"Population","2016","Both sexes","95 years","Monaghan","Number","23"
"Population","2016","Both sexes","95 years","Mayo","Number","51"
"Population","2016","Both sexes","95 years","Offaly","Number","24"
"Population","2016","Both sexes","95 years","Roscommon","Number","36"
"Population","2016","Both sexes","95 years","South Dublin","Number","43"
"Population","2016","Both sexes","95 years","Sligo","Number","25"
"Population","2016","Both sexes","95 years","Tipperary","Number","56"
"Population","2016","Both sexes","95 years","Waterford City and County","Number","38"
"Population","2016","Both sexes","95 years","Westmeath","Number","34"
"Population","2016","Both sexes","95 years","Wicklow","Number","45"
"Population","2016","Both sexes","95 years","Wexford","Number","50"
"Population","2016","Both sexes","96 years","State","Number","1210"
"Population","2016","Both sexes","96 years","Cork City and Cork County","Number","123"
"Population","2016","Both sexes","96 years","Clare","Number","33"
"Population","2016","Both sexes","96 years","Cavan","Number","26"
"Population","2016","Both sexes","96 years","Carlow","Number","13"
"Population","2016","Both sexes","96 years","Dublin City","Number","161"
"Population","2016","Both sexes","96 years","Donegal","Number","61"
"Population","2016","Both sexes","96 years","Dún Laoghaire-Rathdown","Number","77"
"Population","2016","Both sexes","96 years","Fingal","Number","48"
"Population","2016","Both sexes","96 years","Galway City","Number","15"
"Population","2016","Both sexes","96 years","Galway County","Number","69"
"Population","2016","Both sexes","96 years","Kildare","Number","41"
"Population","2016","Both sexes","96 years","Kilkenny","Number","28"
"Population","2016","Both sexes","96 years","Kerry","Number","40"
"Population","2016","Both sexes","96 years","Longford","Number","16"
"Population","2016","Both sexes","96 years","Louth","Number","29"
"Population","2016","Both sexes","96 years","Limerick City and County","Number","52"
"Population","2016","Both sexes","96 years","Leitrim","Number","16"
"Population","2016","Both sexes","96 years","Laois","Number","14"
"Population","2016","Both sexes","96 years","Meath","Number","24"
"Population","2016","Both sexes","96 years","Monaghan","Number","22"
"Population","2016","Both sexes","96 years","Mayo","Number","39"
"Population","2016","Both sexes","96 years","Offaly","Number","19"
"Population","2016","Both sexes","96 years","Roscommon","Number","28"
"Population","2016","Both sexes","96 years","South Dublin","Number","47"
"Population","2016","Both sexes","96 years","Sligo","Number","22"
"Population","2016","Both sexes","96 years","Tipperary","Number","39"
"Population","2016","Both sexes","96 years","Waterford City and County","Number","29"
"Population","2016","Both sexes","96 years","Westmeath","Number","14"
"Population","2016","Both sexes","96 years","Wicklow","Number","27"
"Population","2016","Both sexes","96 years","Wexford","Number","38"
"Population","2016","Both sexes","97 years","State","Number","734"
"Population","2016","Both sexes","97 years","Cork City and Cork County","Number","73"
"Population","2016","Both sexes","97 years","Clare","Number","16"
"Population","2016","Both sexes","97 years","Cavan","Number","14"
"Population","2016","Both sexes","97 years","Carlow","Number","6"
"Population","2016","Both sexes","97 years","Dublin City","Number","107"
"Population","2016","Both sexes","97 years","Donegal","Number","30"
"Population","2016","Both sexes","97 years","Dún Laoghaire-Rathdown","Number","42"
"Population","2016","Both sexes","97 years","Fingal","Number","27"
"Population","2016","Both sexes","97 years","Galway City","Number","19"
"Population","2016","Both sexes","97 years","Galway County","Number","41"
"Population","2016","Both sexes","97 years","Kildare","Number","21"
"Population","2016","Both sexes","97 years","Kilkenny","Number","16"
"Population","2016","Both sexes","97 years","Kerry","Number","27"
"Population","2016","Both sexes","97 years","Longford","Number","1"
"Population","2016","Both sexes","97 years","Louth","Number","17"
"Population","2016","Both sexes","97 years","Limerick City and County","Number","28"
"Population","2016","Both sexes","97 years","Leitrim","Number","7"
"Population","2016","Both sexes","97 years","Laois","Number","15"
"Population","2016","Both sexes","97 years","Meath","Number","28"
"Population","2016","Both sexes","97 years","Monaghan","Number","11"
"Population","2016","Both sexes","97 years","Mayo","Number","27"
"Population","2016","Both sexes","97 years","Offaly","Number","9"
"Population","2016","Both sexes","97 years","Roscommon","Number","9"
"Population","2016","Both sexes","97 years","South Dublin","Number","21"
"Population","2016","Both sexes","97 years","Sligo","Number","20"
"Population","2016","Both sexes","97 years","Tipperary","Number","36"
"Population","2016","Both sexes","97 years","Waterford City and County","Number","14"
"Population","2016","Both sexes","97 years","Westmeath","Number","12"
"Population","2016","Both sexes","97 years","Wicklow","Number","22"
"Population","2016","Both sexes","97 years","Wexford","Number","18"
"Population","2016","Both sexes","98 years","State","Number","450"
"Population","2016","Both sexes","98 years","Cork City and Cork County","Number","44"
"Population","2016","Both sexes","98 years","Clare","Number","16"
"Population","2016","Both sexes","98 years","Cavan","Number","7"
"Population","2016","Both sexes","98 years","Carlow","Number","10"
"Population","2016","Both sexes","98 years","Dublin City","Number","74"
"Population","2016","Both sexes","98 years","Donegal","Number","14"
"Population","2016","Both sexes","98 years","Dún Laoghaire-Rathdown","Number","35"
"Population","2016","Both sexes","98 years","Fingal","Number","11"
"Population","2016","Both sexes","98 years","Galway City","Number","7"
"Population","2016","Both sexes","98 years","Galway County","Number","20"
"Population","2016","Both sexes","98 years","Kildare","Number","13"
"Population","2016","Both sexes","98 years","Kilkenny","Number","11"
"Population","2016","Both sexes","98 years","Kerry","Number","12"
"Population","2016","Both sexes","98 years","Longford","Number","6"
"Population","2016","Both sexes","98 years","Louth","Number","10"
"Population","2016","Both sexes","98 years","Limerick City and County","Number","18"
"Population","2016","Both sexes","98 years","Leitrim","Number","1"
"Population","2016","Both sexes","98 years","Laois","Number","5"
"Population","2016","Both sexes","98 years","Meath","Number","15"
"Population","2016","Both sexes","98 years","Monaghan","Number","9"
"Population","2016","Both sexes","98 years","Mayo","Number","16"
"Population","2016","Both sexes","98 years","Offaly","Number","8"
"Population","2016","Both sexes","98 years","Roscommon","Number","9"
"Population","2016","Both sexes","98 years","South Dublin","Number","14"
"Population","2016","Both sexes","98 years","Sligo","Number","9"
"Population","2016","Both sexes","98 years","Tipperary","Number","22"
"Population","2016","Both sexes","98 years","Waterford City and County","Number","5"
"Population","2016","Both sexes","98 years","Westmeath","Number","7"
"Population","2016","Both sexes","98 years","Wicklow","Number","7"
"Population","2016","Both sexes","98 years","Wexford","Number","15"
"Population","2016","Both sexes","99 years","State","Number","318"
"Population","2016","Both sexes","99 years","Cork City and Cork County","Number","42"
"Population","2016","Both sexes","99 years","Clare","Number","9"
"Population","2016","Both sexes","99 years","Cavan","Number","4"
"Population","2016","Both sexes","99 years","Carlow","Number","5"
"Population","2016","Both sexes","99 years","Dublin City","Number","40"
"Population","2016","Both sexes","99 years","Donegal","Number","16"
"Population","2016","Both sexes","99 years","Dún Laoghaire-Rathdown","Number","20"
"Population","2016","Both sexes","99 years","Fingal","Number","6"
"Population","2016","Both sexes","99 years","Galway City","Number","2"
"Population","2016","Both sexes","99 years","Galway County","Number","22"
"Population","2016","Both sexes","99 years","Kildare","Number","12"
"Population","2016","Both sexes","99 years","Kilkenny","Number","10"
"Population","2016","Both sexes","99 years","Kerry","Number","8"
"Population","2016","Both sexes","99 years","Longford","Number","2"
"Population","2016","Both sexes","99 years","Louth","Number","4"
"Population","2016","Both sexes","99 years","Limerick City and County","Number","10"
"Population","2016","Both sexes","99 years","Leitrim","Number","3"
"Population","2016","Both sexes","99 years","Laois","Number","2"
"Population","2016","Both sexes","99 years","Meath","Number","13"
"Population","2016","Both sexes","99 years","Monaghan","Number","7"
"Population","2016","Both sexes","99 years","Mayo","Number","17"
"Population","2016","Both sexes","99 years","Offaly","Number","1"
"Population","2016","Both sexes","99 years","Roscommon","Number","4"
"Population","2016","Both sexes","99 years","South Dublin","Number","14"
"Population","2016","Both sexes","99 years","Sligo","Number","5"
"Population","2016","Both sexes","99 years","Tipperary","Number","12"
"Population","2016","Both sexes","99 years","Waterford City and County","Number","6"
"Population","2016","Both sexes","99 years","Westmeath","Number","8"
"Population","2016","Both sexes","99 years","Wicklow","Number","4"
"Population","2016","Both sexes","99 years","Wexford","Number","10"
"Population","2016","Both sexes","100 years and over","State","Number","456"
"Population","2016","Both sexes","100 years and over","Cork City and Cork County","Number","46"
"Population","2016","Both sexes","100 years and over","Clare","Number","18"
"Population","2016","Both sexes","100 years and over","Cavan","Number","6"
"Population","2016","Both sexes","100 years and over","Carlow","Number","5"
"Population","2016","Both sexes","100 years and over","Dublin City","Number","64"
"Population","2016","Both sexes","100 years and over","Donegal","Number","18"
"Population","2016","Both sexes","100 years and over","Dún Laoghaire-Rathdown","Number","43"
"Population","2016","Both sexes","100 years and over","Fingal","Number","5"
"Population","2016","Both sexes","100 years and over","Galway City","Number","8"
"Population","2016","Both sexes","100 years and over","Galway County","Number","31"
"Population","2016","Both sexes","100 years and over","Kildare","Number","12"
"Population","2016","Both sexes","100 years and over","Kilkenny","Number","7"
"Population","2016","Both sexes","100 years and over","Kerry","Number","18"
"Population","2016","Both sexes","100 years and over","Longford","Number","1"
"Population","2016","Both sexes","100 years and over","Louth","Number","12"
"Population","2016","Both sexes","100 years and over","Limerick City and County","Number","18"
"Population","2016","Both sexes","100 years and over","Leitrim","Number","6"
"Population","2016","Both sexes","100 years and over","Laois","Number","4"
"Population","2016","Both sexes","100 years and over","Meath","Number","18"
"Population","2016","Both sexes","100 years and over","Monaghan","Number","6"
"Population","2016","Both sexes","100 years and over","Mayo","Number","18"
"Population","2016","Both sexes","100 years and over","Offaly","Number","4"
"Population","2016","Both sexes","100 years and over","Roscommon","Number","16"
"Population","2016","Both sexes","100 years and over","South Dublin","Number","9"
"Population","2016","Both sexes","100 years and over","Sligo","Number","9"
"Population","2016","Both sexes","100 years and over","Tipperary","Number","11"
"Population","2016","Both sexes","100 years and over","Waterford City and County","Number","8"
"Population","2016","Both sexes","100 years and over","Westmeath","Number","10"
"Population","2016","Both sexes","100 years and over","Wicklow","Number","12"
"Population","2016","Both sexes","100 years and over","Wexford","Number","13"
"Population","2022","Both sexes","All ages","State","Number","5149139"
"Population","2022","Both sexes","All ages","Cork City and Cork County","Number","584156"
"Population","2022","Both sexes","All ages","Clare","Number","127938"
"Population","2022","Both sexes","All ages","Cavan","Number","81704"
"Population","2022","Both sexes","All ages","Carlow","Number","61968"
"Population","2022","Both sexes","All ages","Dublin City","Number","592713"
"Population","2022","Both sexes","All ages","Donegal","Number","167084"
"Population","2022","Both sexes","All ages","Dún Laoghaire-Rathdown","Number","233860"
"Population","2022","Both sexes","All ages","Fingal","Number","330506"
"Population","2022","Both sexes","All ages","Galway City","Number","84414"
"Population","2022","Both sexes","All ages","Galway County","Number","193323"
"Population","2022","Both sexes","All ages","Kildare","Number","247774"
"Population","2022","Both sexes","All ages","Kilkenny","Number","104160"
"Population","2022","Both sexes","All ages","Kerry","Number","156458"
"Population","2022","Both sexes","All ages","Longford","Number","46751"
"Population","2022","Both sexes","All ages","Louth","Number","139703"
"Population","2022","Both sexes","All ages","Limerick City and County","Number","209536"
"Population","2022","Both sexes","All ages","Leitrim","Number","35199"
"Population","2022","Both sexes","All ages","Laois","Number","91877"
"Population","2022","Both sexes","All ages","Meath","Number","220826"
"Population","2022","Both sexes","All ages","Monaghan","Number","65288"
"Population","2022","Both sexes","All ages","Mayo","Number","137970"
"Population","2022","Both sexes","All ages","Offaly","Number","83150"
"Population","2022","Both sexes","All ages","Roscommon","Number","70259"
"Population","2022","Both sexes","All ages","South Dublin","Number","301075"
"Population","2022","Both sexes","All ages","Sligo","Number","70198"
"Population","2022","Both sexes","All ages","Tipperary","Number","167895"
"Population","2022","Both sexes","All ages","Waterford City and County","Number","127363"
"Population","2022","Both sexes","All ages","Westmeath","Number","96221"
"Population","2022","Both sexes","All ages","Wicklow","Number","155851"
"Population","2022","Both sexes","All ages","Wexford","Number","163919"
"Population","2022","Both sexes","Under 1 year","State","Number","57796"
"Population","2022","Both sexes","Under 1 year","Cork City and Cork County","Number","6473"
"Population","2022","Both sexes","Under 1 year","Clare","Number","1377"
"Population","2022","Both sexes","Under 1 year","Cavan","Number","1006"
"Population","2022","Both sexes","Under 1 year","Carlow","Number","699"
"Population","2022","Both sexes","Under 1 year","Dublin City","Number","6213"
"Population","2022","Both sexes","Under 1 year","Donegal","Number","1797"
"Population","2022","Both sexes","Under 1 year","Dún Laoghaire-Rathdown","Number","2457"
"Population","2022","Both sexes","Under 1 year","Fingal","Number","4009"
"Population","2022","Both sexes","Under 1 year","Galway City","Number","792"
"Population","2022","Both sexes","Under 1 year","Galway County","Number","2249"
"Population","2022","Both sexes","Under 1 year","Kildare","Number","3005"
"Population","2022","Both sexes","Under 1 year","Kilkenny","Number","1123"
"Population","2022","Both sexes","Under 1 year","Kerry","Number","1665"
"Population","2022","Both sexes","Under 1 year","Longford","Number","527"
"Population","2022","Both sexes","Under 1 year","Louth","Number","1700"
"Population","2022","Both sexes","Under 1 year","Limerick City and County","Number","2165"
"Population","2022","Both sexes","Under 1 year","Leitrim","Number","404"
"Population","2022","Both sexes","Under 1 year","Laois","Number","1100"
"Population","2022","Both sexes","Under 1 year","Meath","Number","2774"
"Population","2022","Both sexes","Under 1 year","Monaghan","Number","868"
"Population","2022","Both sexes","Under 1 year","Mayo","Number","1520"
"Population","2022","Both sexes","Under 1 year","Offaly","Number","935"
"Population","2022","Both sexes","Under 1 year","Roscommon","Number","748"
"Population","2022","Both sexes","Under 1 year","South Dublin","Number","3544"
"Population","2022","Both sexes","Under 1 year","Sligo","Number","743"
"Population","2022","Both sexes","Under 1 year","Tipperary","Number","1932"
"Population","2022","Both sexes","Under 1 year","Waterford City and County","Number","1340"
"Population","2022","Both sexes","Under 1 year","Westmeath","Number","1129"
"Population","2022","Both sexes","Under 1 year","Wicklow","Number","1710"
"Population","2022","Both sexes","Under 1 year","Wexford","Number","1792"
"Population","2022","Both sexes","1 year","State","Number","56420"
"Population","2022","Both sexes","1 year","Cork City and Cork County","Number","6399"
"Population","2022","Both sexes","1 year","Clare","Number","1360"
"Population","2022","Both sexes","1 year","Cavan","Number","1004"
"Population","2022","Both sexes","1 year","Carlow","Number","649"
"Population","2022","Both sexes","1 year","Dublin City","Number","5699"
"Population","2022","Both sexes","1 year","Donegal","Number","1881"
"Population","2022","Both sexes","1 year","Dún Laoghaire-Rathdown","Number","2437"
"Population","2022","Both sexes","1 year","Fingal","Number","3894"
"Population","2022","Both sexes","1 year","Galway City","Number","757"
"Population","2022","Both sexes","1 year","Galway County","Number","2217"
"Population","2022","Both sexes","1 year","Kildare","Number","2987"
"Population","2022","Both sexes","1 year","Kilkenny","Number","1121"
"Population","2022","Both sexes","1 year","Kerry","Number","1550"
"Population","2022","Both sexes","1 year","Longford","Number","482"
"Population","2022","Both sexes","1 year","Louth","Number","1531"
"Population","2022","Both sexes","1 year","Limerick City and County","Number","2235"
"Population","2022","Both sexes","1 year","Leitrim","Number","406"
"Population","2022","Both sexes","1 year","Laois","Number","1008"
"Population","2022","Both sexes","1 year","Meath","Number","2638"
"Population","2022","Both sexes","1 year","Monaghan","Number","821"
"Population","2022","Both sexes","1 year","Mayo","Number","1566"
"Population","2022","Both sexes","1 year","Offaly","Number","937"
"Population","2022","Both sexes","1 year","Roscommon","Number","764"
"Population","2022","Both sexes","1 year","South Dublin","Number","3673"
"Population","2022","Both sexes","1 year","Sligo","Number","766"
"Population","2022","Both sexes","1 year","Tipperary","Number","1808"
"Population","2022","Both sexes","1 year","Waterford City and County","Number","1266"
"Population","2022","Both sexes","1 year","Westmeath","Number","1158"
"Population","2022","Both sexes","1 year","Wicklow","Number","1682"
"Population","2022","Both sexes","1 year","Wexford","Number","1724"
"Population","2022","Both sexes","2 years","State","Number","59210"
"Population","2022","Both sexes","2 years","Cork City and Cork County","Number","6596"
"Population","2022","Both sexes","2 years","Clare","Number","1473"
"Population","2022","Both sexes","2 years","Cavan","Number","1061"
"Population","2022","Both sexes","2 years","Carlow","Number","689"
"Population","2022","Both sexes","2 years","Dublin City","Number","5830"
"Population","2022","Both sexes","2 years","Donegal","Number","1971"
"Population","2022","Both sexes","2 years","Dún Laoghaire-Rathdown","Number","2489"
"Population","2022","Both sexes","2 years","Fingal","Number","4308"
"Population","2022","Both sexes","2 years","Galway City","Number","792"
"Population","2022","Both sexes","2 years","Galway County","Number","2349"
"Population","2022","Both sexes","2 years","Kildare","Number","3102"
"Population","2022","Both sexes","2 years","Kilkenny","Number","1179"
"Population","2022","Both sexes","2 years","Kerry","Number","1651"
"Population","2022","Both sexes","2 years","Longford","Number","544"
"Population","2022","Both sexes","2 years","Louth","Number","1694"
"Population","2022","Both sexes","2 years","Limerick City and County","Number","2373"
"Population","2022","Both sexes","2 years","Leitrim","Number","453"
"Population","2022","Both sexes","2 years","Laois","Number","1169"
"Population","2022","Both sexes","2 years","Meath","Number","2851"
"Population","2022","Both sexes","2 years","Monaghan","Number","870"
"Population","2022","Both sexes","2 years","Mayo","Number","1526"
"Population","2022","Both sexes","2 years","Offaly","Number","945"
"Population","2022","Both sexes","2 years","Roscommon","Number","893"
"Population","2022","Both sexes","2 years","South Dublin","Number","3734"
"Population","2022","Both sexes","2 years","Sligo","Number","764"
"Population","2022","Both sexes","2 years","Tipperary","Number","1836"
"Population","2022","Both sexes","2 years","Waterford City and County","Number","1329"
"Population","2022","Both sexes","2 years","Westmeath","Number","1108"
"Population","2022","Both sexes","2 years","Wicklow","Number","1796"
"Population","2022","Both sexes","2 years","Wexford","Number","1835"
"Population","2022","Both sexes","3 years","State","Number","60484"
"Population","2022","Both sexes","3 years","Cork City and Cork County","Number","6731"
"Population","2022","Both sexes","3 years","Clare","Number","1468"
"Population","2022","Both sexes","3 years","Cavan","Number","1085"
"Population","2022","Both sexes","3 years","Carlow","Number","754"
"Population","2022","Both sexes","3 years","Dublin City","Number","5580"
"Population","2022","Both sexes","3 years","Donegal","Number","2074"
"Population","2022","Both sexes","3 years","Dún Laoghaire-Rathdown","Number","2613"
"Population","2022","Both sexes","3 years","Fingal","Number","4384"
"Population","2022","Both sexes","3 years","Galway City","Number","799"
"Population","2022","Both sexes","3 years","Galway County","Number","2438"
"Population","2022","Both sexes","3 years","Kildare","Number","3120"
"Population","2022","Both sexes","3 years","Kilkenny","Number","1203"
"Population","2022","Both sexes","3 years","Kerry","Number","1714"
"Population","2022","Both sexes","3 years","Longford","Number","583"
"Population","2022","Both sexes","3 years","Louth","Number","1603"
"Population","2022","Both sexes","3 years","Limerick City and County","Number","2352"
"Population","2022","Both sexes","3 years","Leitrim","Number","432"
"Population","2022","Both sexes","3 years","Laois","Number","1219"
"Population","2022","Both sexes","3 years","Meath","Number","2928"
"Population","2022","Both sexes","3 years","Monaghan","Number","900"
"Population","2022","Both sexes","3 years","Mayo","Number","1557"
"Population","2022","Both sexes","3 years","Offaly","Number","1009"
"Population","2022","Both sexes","3 years","Roscommon","Number","859"
"Population","2022","Both sexes","3 years","South Dublin","Number","3856"
"Population","2022","Both sexes","3 years","Sligo","Number","825"
"Population","2022","Both sexes","3 years","Tipperary","Number","2048"
"Population","2022","Both sexes","3 years","Waterford City and County","Number","1476"
"Population","2022","Both sexes","3 years","Westmeath","Number","1148"
"Population","2022","Both sexes","3 years","Wicklow","Number","1862"
"Population","2022","Both sexes","3 years","Wexford","Number","1864"
"Population","2022","Both sexes","4 years","State","Number","61505"
"Population","2022","Both sexes","4 years","Cork City and Cork County","Number","6863"
"Population","2022","Both sexes","4 years","Clare","Number","1505"
"Population","2022","Both sexes","4 years","Cavan","Number","1047"
"Population","2022","Both sexes","4 years","Carlow","Number","745"
"Population","2022","Both sexes","4 years","Dublin City","Number","5624"
"Population","2022","Both sexes","4 years","Donegal","Number","2089"
"Population","2022","Both sexes","4 years","Dún Laoghaire-Rathdown","Number","2658"
"Population","2022","Both sexes","4 years","Fingal","Number","4422"
"Population","2022","Both sexes","4 years","Galway City","Number","830"
"Population","2022","Both sexes","4 years","Galway County","Number","2543"
"Population","2022","Both sexes","4 years","Kildare","Number","3267"
"Population","2022","Both sexes","4 years","Kilkenny","Number","1234"
"Population","2022","Both sexes","4 years","Kerry","Number","1720"
"Population","2022","Both sexes","4 years","Longford","Number","559"
"Population","2022","Both sexes","4 years","Louth","Number","1732"
"Population","2022","Both sexes","4 years","Limerick City and County","Number","2467"
"Population","2022","Both sexes","4 years","Leitrim","Number","450"
"Population","2022","Both sexes","4 years","Laois","Number","1220"
"Population","2022","Both sexes","4 years","Meath","Number","3026"
"Population","2022","Both sexes","4 years","Monaghan","Number","873"
"Population","2022","Both sexes","4 years","Mayo","Number","1593"
"Population","2022","Both sexes","4 years","Offaly","Number","1007"
"Population","2022","Both sexes","4 years","Roscommon","Number","833"
"Population","2022","Both sexes","4 years","South Dublin","Number","3870"
"Population","2022","Both sexes","4 years","Sligo","Number","820"
"Population","2022","Both sexes","4 years","Tipperary","Number","2072"
"Population","2022","Both sexes","4 years","Waterford City and County","Number","1390"
"Population","2022","Both sexes","4 years","Westmeath","Number","1208"
"Population","2022","Both sexes","4 years","Wicklow","Number","1897"
"Population","2022","Both sexes","4 years","Wexford","Number","1941"
"Population","2022","Both sexes","5 years","State","Number","64026"
"Population","2022","Both sexes","5 years","Cork City and Cork County","Number","7115"
"Population","2022","Both sexes","5 years","Clare","Number","1620"
"Population","2022","Both sexes","5 years","Cavan","Number","1143"
"Population","2022","Both sexes","5 years","Carlow","Number","749"
"Population","2022","Both sexes","5 years","Dublin City","Number","5575"
"Population","2022","Both sexes","5 years","Donegal","Number","2174"
"Population","2022","Both sexes","5 years","Dún Laoghaire-Rathdown","Number","2868"
"Population","2022","Both sexes","5 years","Fingal","Number","4639"
"Population","2022","Both sexes","5 years","Galway City","Number","849"
"Population","2022","Both sexes","5 years","Galway County","Number","2612"
"Population","2022","Both sexes","5 years","Kildare","Number","3296"
"Population","2022","Both sexes","5 years","Kilkenny","Number","1337"
"Population","2022","Both sexes","5 years","Kerry","Number","1873"
"Population","2022","Both sexes","5 years","Longford","Number","646"
"Population","2022","Both sexes","5 years","Louth","Number","1793"
"Population","2022","Both sexes","5 years","Limerick City and County","Number","2484"
"Population","2022","Both sexes","5 years","Leitrim","Number","447"
"Population","2022","Both sexes","5 years","Laois","Number","1248"
"Population","2022","Both sexes","5 years","Meath","Number","3121"
"Population","2022","Both sexes","5 years","Monaghan","Number","882"
"Population","2022","Both sexes","5 years","Mayo","Number","1712"
"Population","2022","Both sexes","5 years","Offaly","Number","1099"
"Population","2022","Both sexes","5 years","Roscommon","Number","913"
"Population","2022","Both sexes","5 years","South Dublin","Number","4053"
"Population","2022","Both sexes","5 years","Sligo","Number","819"
"Population","2022","Both sexes","5 years","Tipperary","Number","2070"
"Population","2022","Both sexes","5 years","Waterford City and County","Number","1515"
"Population","2022","Both sexes","5 years","Westmeath","Number","1276"
"Population","2022","Both sexes","5 years","Wicklow","Number","2076"
"Population","2022","Both sexes","5 years","Wexford","Number","2022"
"Population","2022","Both sexes","6 years","State","Number","66714"
"Population","2022","Both sexes","6 years","Cork City and Cork County","Number","7568"
"Population","2022","Both sexes","6 years","Clare","Number","1656"
"Population","2022","Both sexes","6 years","Cavan","Number","1176"
"Population","2022","Both sexes","6 years","Carlow","Number","750"
"Population","2022","Both sexes","6 years","Dublin City","Number","5813"
"Population","2022","Both sexes","6 years","Donegal","Number","2224"
"Population","2022","Both sexes","6 years","Dún Laoghaire-Rathdown","Number","2879"
"Population","2022","Both sexes","6 years","Fingal","Number","4863"
"Population","2022","Both sexes","6 years","Galway City","Number","855"
"Population","2022","Both sexes","6 years","Galway County","Number","2720"
"Population","2022","Both sexes","6 years","Kildare","Number","3506"
"Population","2022","Both sexes","6 years","Kilkenny","Number","1432"
"Population","2022","Both sexes","6 years","Kerry","Number","1848"
"Population","2022","Both sexes","6 years","Longford","Number","624"
"Population","2022","Both sexes","6 years","Louth","Number","1922"
"Population","2022","Both sexes","6 years","Limerick City and County","Number","2621"
"Population","2022","Both sexes","6 years","Leitrim","Number","468"
"Population","2022","Both sexes","6 years","Laois","Number","1328"
"Population","2022","Both sexes","6 years","Meath","Number","3216"
"Population","2022","Both sexes","6 years","Monaghan","Number","995"
"Population","2022","Both sexes","6 years","Mayo","Number","1764"
"Population","2022","Both sexes","6 years","Offaly","Number","1079"
"Population","2022","Both sexes","6 years","Roscommon","Number","923"
"Population","2022","Both sexes","6 years","South Dublin","Number","4198"
"Population","2022","Both sexes","6 years","Sligo","Number","824"
"Population","2022","Both sexes","6 years","Tipperary","Number","2202"
"Population","2022","Both sexes","6 years","Waterford City and County","Number","1627"
"Population","2022","Both sexes","6 years","Westmeath","Number","1352"
"Population","2022","Both sexes","6 years","Wicklow","Number","2116"
"Population","2022","Both sexes","6 years","Wexford","Number","2165"
"Population","2022","Both sexes","7 years","State","Number","69001"
"Population","2022","Both sexes","7 years","Cork City and Cork County","Number","7906"
"Population","2022","Both sexes","7 years","Clare","Number","1663"
"Population","2022","Both sexes","7 years","Cavan","Number","1162"
"Population","2022","Both sexes","7 years","Carlow","Number","889"
"Population","2022","Both sexes","7 years","Dublin City","Number","5912"
"Population","2022","Both sexes","7 years","Donegal","Number","2212"
"Population","2022","Both sexes","7 years","Dún Laoghaire-Rathdown","Number","2974"
"Population","2022","Both sexes","7 years","Fingal","Number","5053"
"Population","2022","Both sexes","7 years","Galway City","Number","893"
"Population","2022","Both sexes","7 years","Galway County","Number","2659"
"Population","2022","Both sexes","7 years","Kildare","Number","3655"
"Population","2022","Both sexes","7 years","Kilkenny","Number","1467"
"Population","2022","Both sexes","7 years","Kerry","Number","1957"
"Population","2022","Both sexes","7 years","Longford","Number","676"
"Population","2022","Both sexes","7 years","Louth","Number","1950"
"Population","2022","Both sexes","7 years","Limerick City and County","Number","2603"
"Population","2022","Both sexes","7 years","Leitrim","Number","493"
"Population","2022","Both sexes","7 years","Laois","Number","1409"
"Population","2022","Both sexes","7 years","Meath","Number","3439"
"Population","2022","Both sexes","7 years","Monaghan","Number","968"
"Population","2022","Both sexes","7 years","Mayo","Number","1798"
"Population","2022","Both sexes","7 years","Offaly","Number","1238"
"Population","2022","Both sexes","7 years","Roscommon","Number","1011"
"Population","2022","Both sexes","7 years","South Dublin","Number","4394"
"Population","2022","Both sexes","7 years","Sligo","Number","934"
"Population","2022","Both sexes","7 years","Tipperary","Number","2236"
"Population","2022","Both sexes","7 years","Waterford City and County","Number","1689"
"Population","2022","Both sexes","7 years","Westmeath","Number","1331"
"Population","2022","Both sexes","7 years","Wicklow","Number","2197"
"Population","2022","Both sexes","7 years","Wexford","Number","2233"
"Population","2022","Both sexes","8 years","State","Number","70733"
"Population","2022","Both sexes","8 years","Cork City and Cork County","Number","7926"
"Population","2022","Both sexes","8 years","Clare","Number","1670"
"Population","2022","Both sexes","8 years","Cavan","Number","1217"
"Population","2022","Both sexes","8 years","Carlow","Number","819"
"Population","2022","Both sexes","8 years","Dublin City","Number","6086"
"Population","2022","Both sexes","8 years","Donegal","Number","2319"
"Population","2022","Both sexes","8 years","Dún Laoghaire-Rathdown","Number","2985"
"Population","2022","Both sexes","8 years","Fingal","Number","5360"
"Population","2022","Both sexes","8 years","Galway City","Number","923"
"Population","2022","Both sexes","8 years","Galway County","Number","2915"
"Population","2022","Both sexes","8 years","Kildare","Number","3699"
"Population","2022","Both sexes","8 years","Kilkenny","Number","1483"
"Population","2022","Both sexes","8 years","Kerry","Number","1876"
"Population","2022","Both sexes","8 years","Longford","Number","661"
"Population","2022","Both sexes","8 years","Louth","Number","2059"
"Population","2022","Both sexes","8 years","Limerick City and County","Number","2770"
"Population","2022","Both sexes","8 years","Leitrim","Number","509"
"Population","2022","Both sexes","8 years","Laois","Number","1446"
"Population","2022","Both sexes","8 years","Meath","Number","3593"
"Population","2022","Both sexes","8 years","Monaghan","Number","991"
"Population","2022","Both sexes","8 years","Mayo","Number","1792"
"Population","2022","Both sexes","8 years","Offaly","Number","1216"
"Population","2022","Both sexes","8 years","Roscommon","Number","982"
"Population","2022","Both sexes","8 years","South Dublin","Number","4503"
"Population","2022","Both sexes","8 years","Sligo","Number","942"
"Population","2022","Both sexes","8 years","Tipperary","Number","2314"
"Population","2022","Both sexes","8 years","Waterford City and County","Number","1736"
"Population","2022","Both sexes","8 years","Westmeath","Number","1412"
"Population","2022","Both sexes","8 years","Wicklow","Number","2237"
"Population","2022","Both sexes","8 years","Wexford","Number","2292"
"Population","2022","Both sexes","9 years","State","Number","72196"
"Population","2022","Both sexes","9 years","Cork City and Cork County","Number","8118"
"Population","2022","Both sexes","9 years","Clare","Number","1806"
"Population","2022","Both sexes","9 years","Cavan","Number","1289"
"Population","2022","Both sexes","9 years","Carlow","Number","882"
"Population","2022","Both sexes","9 years","Dublin City","Number","5970"
"Population","2022","Both sexes","9 years","Donegal","Number","2391"
"Population","2022","Both sexes","9 years","Dún Laoghaire-Rathdown","Number","3004"
"Population","2022","Both sexes","9 years","Fingal","Number","5400"
"Population","2022","Both sexes","9 years","Galway City","Number","942"
"Population","2022","Both sexes","9 years","Galway County","Number","2890"
"Population","2022","Both sexes","9 years","Kildare","Number","3832"
"Population","2022","Both sexes","9 years","Kilkenny","Number","1529"
"Population","2022","Both sexes","9 years","Kerry","Number","2071"
"Population","2022","Both sexes","9 years","Longford","Number","746"
"Population","2022","Both sexes","9 years","Louth","Number","2124"
"Population","2022","Both sexes","9 years","Limerick City and County","Number","2825"
"Population","2022","Both sexes","9 years","Leitrim","Number","542"
"Population","2022","Both sexes","9 years","Laois","Number","1435"
"Population","2022","Both sexes","9 years","Meath","Number","3637"
"Population","2022","Both sexes","9 years","Monaghan","Number","990"
"Population","2022","Both sexes","9 years","Mayo","Number","1886"
"Population","2022","Both sexes","9 years","Offaly","Number","1210"
"Population","2022","Both sexes","9 years","Roscommon","Number","1029"
"Population","2022","Both sexes","9 years","South Dublin","Number","4522"
"Population","2022","Both sexes","9 years","Sligo","Number","960"
"Population","2022","Both sexes","9 years","Tipperary","Number","2267"
"Population","2022","Both sexes","9 years","Waterford City and County","Number","1727"
"Population","2022","Both sexes","9 years","Westmeath","Number","1454"
"Population","2022","Both sexes","9 years","Wicklow","Number","2364"
"Population","2022","Both sexes","9 years","Wexford","Number","2354"
"Population","2022","Both sexes","10 years","State","Number","74101"
"Population","2022","Both sexes","10 years","Cork City and Cork County","Number","8232"
"Population","2022","Both sexes","10 years","Clare","Number","1874"
"Population","2022","Both sexes","10 years","Cavan","Number","1312"
"Population","2022","Both sexes","10 years","Carlow","Number","921"
"Population","2022","Both sexes","10 years","Dublin City","Number","6174"
"Population","2022","Both sexes","10 years","Donegal","Number","2510"
"Population","2022","Both sexes","10 years","Dún Laoghaire-Rathdown","Number","3035"
"Population","2022","Both sexes","10 years","Fingal","Number","5674"
"Population","2022","Both sexes","10 years","Galway City","Number","888"
"Population","2022","Both sexes","10 years","Galway County","Number","2974"
"Population","2022","Both sexes","10 years","Kildare","Number","3875"
"Population","2022","Both sexes","10 years","Kilkenny","Number","1618"
"Population","2022","Both sexes","10 years","Kerry","Number","2066"
"Population","2022","Both sexes","10 years","Longford","Number","728"
"Population","2022","Both sexes","10 years","Louth","Number","2125"
"Population","2022","Both sexes","10 years","Limerick City and County","Number","2868"
"Population","2022","Both sexes","10 years","Leitrim","Number","502"
"Population","2022","Both sexes","10 years","Laois","Number","1562"
"Population","2022","Both sexes","10 years","Meath","Number","3756"
"Population","2022","Both sexes","10 years","Monaghan","Number","1034"
"Population","2022","Both sexes","10 years","Mayo","Number","1907"
"Population","2022","Both sexes","10 years","Offaly","Number","1293"
"Population","2022","Both sexes","10 years","Roscommon","Number","1008"
"Population","2022","Both sexes","10 years","South Dublin","Number","4797"
"Population","2022","Both sexes","10 years","Sligo","Number","1018"
"Population","2022","Both sexes","10 years","Tipperary","Number","2475"
"Population","2022","Both sexes","10 years","Waterford City and County","Number","1775"
"Population","2022","Both sexes","10 years","Westmeath","Number","1405"
"Population","2022","Both sexes","10 years","Wicklow","Number","2322"
"Population","2022","Both sexes","10 years","Wexford","Number","2373"
"Population","2022","Both sexes","11 years","State","Number","75159"
"Population","2022","Both sexes","11 years","Cork City and Cork County","Number","8547"
"Population","2022","Both sexes","11 years","Clare","Number","1821"
"Population","2022","Both sexes","11 years","Cavan","Number","1328"
"Population","2022","Both sexes","11 years","Carlow","Number","964"
"Population","2022","Both sexes","11 years","Dublin City","Number","6056"
"Population","2022","Both sexes","11 years","Donegal","Number","2584"
"Population","2022","Both sexes","11 years","Dún Laoghaire-Rathdown","Number","3020"
"Population","2022","Both sexes","11 years","Fingal","Number","5467"
"Population","2022","Both sexes","11 years","Galway City","Number","971"
"Population","2022","Both sexes","11 years","Galway County","Number","2978"
"Population","2022","Both sexes","11 years","Kildare","Number","4081"
"Population","2022","Both sexes","11 years","Kilkenny","Number","1609"
"Population","2022","Both sexes","11 years","Kerry","Number","2116"
"Population","2022","Both sexes","11 years","Longford","Number","734"
"Population","2022","Both sexes","11 years","Louth","Number","2186"
"Population","2022","Both sexes","11 years","Limerick City and County","Number","2979"
"Population","2022","Both sexes","11 years","Leitrim","Number","531"
"Population","2022","Both sexes","11 years","Laois","Number","1553"
"Population","2022","Both sexes","11 years","Meath","Number","3898"
"Population","2022","Both sexes","11 years","Monaghan","Number","1007"
"Population","2022","Both sexes","11 years","Mayo","Number","1975"
"Population","2022","Both sexes","11 years","Offaly","Number","1267"
"Population","2022","Both sexes","11 years","Roscommon","Number","1058"
"Population","2022","Both sexes","11 years","South Dublin","Number","4732"
"Population","2022","Both sexes","11 years","Sligo","Number","956"
"Population","2022","Both sexes","11 years","Tipperary","Number","2431"
"Population","2022","Both sexes","11 years","Waterford City and County","Number","1877"
"Population","2022","Both sexes","11 years","Westmeath","Number","1484"
"Population","2022","Both sexes","11 years","Wicklow","Number","2539"
"Population","2022","Both sexes","11 years","Wexford","Number","2410"
"Population","2022","Both sexes","12 years","State","Number","76254"
"Population","2022","Both sexes","12 years","Cork City and Cork County","Number","8591"
"Population","2022","Both sexes","12 years","Clare","Number","1983"
"Population","2022","Both sexes","12 years","Cavan","Number","1317"
"Population","2022","Both sexes","12 years","Carlow","Number","908"
"Population","2022","Both sexes","12 years","Dublin City","Number","6284"
"Population","2022","Both sexes","12 years","Donegal","Number","2624"
"Population","2022","Both sexes","12 years","Dún Laoghaire-Rathdown","Number","2991"
"Population","2022","Both sexes","12 years","Fingal","Number","5792"
"Population","2022","Both sexes","12 years","Galway City","Number","881"
"Population","2022","Both sexes","12 years","Galway County","Number","2943"
"Population","2022","Both sexes","12 years","Kildare","Number","4041"
"Population","2022","Both sexes","12 years","Kilkenny","Number","1600"
"Population","2022","Both sexes","12 years","Kerry","Number","2255"
"Population","2022","Both sexes","12 years","Longford","Number","731"
"Population","2022","Both sexes","12 years","Louth","Number","2211"
"Population","2022","Both sexes","12 years","Limerick City and County","Number","2883"
"Population","2022","Both sexes","12 years","Leitrim","Number","532"
"Population","2022","Both sexes","12 years","Laois","Number","1625"
"Population","2022","Both sexes","12 years","Meath","Number","3876"
"Population","2022","Both sexes","12 years","Monaghan","Number","1057"
"Population","2022","Both sexes","12 years","Mayo","Number","1962"
"Population","2022","Both sexes","12 years","Offaly","Number","1300"
"Population","2022","Both sexes","12 years","Roscommon","Number","1047"
"Population","2022","Both sexes","12 years","South Dublin","Number","4855"
"Population","2022","Both sexes","12 years","Sligo","Number","1027"
"Population","2022","Both sexes","12 years","Tipperary","Number","2571"
"Population","2022","Both sexes","12 years","Waterford City and County","Number","1933"
"Population","2022","Both sexes","12 years","Westmeath","Number","1466"
"Population","2022","Both sexes","12 years","Wicklow","Number","2525"
"Population","2022","Both sexes","12 years","Wexford","Number","2443"
"Population","2022","Both sexes","13 years","State","Number","75256"
"Population","2022","Both sexes","13 years","Cork City and Cork County","Number","8427"
"Population","2022","Both sexes","13 years","Clare","Number","1874"
"Population","2022","Both sexes","13 years","Cavan","Number","1343"
"Population","2022","Both sexes","13 years","Carlow","Number","943"
"Population","2022","Both sexes","13 years","Dublin City","Number","6039"
"Population","2022","Both sexes","13 years","Donegal","Number","2632"
"Population","2022","Both sexes","13 years","Dún Laoghaire-Rathdown","Number","2976"
"Population","2022","Both sexes","13 years","Fingal","Number","5485"
"Population","2022","Both sexes","13 years","Galway City","Number","979"
"Population","2022","Both sexes","13 years","Galway County","Number","3039"
"Population","2022","Both sexes","13 years","Kildare","Number","3967"
"Population","2022","Both sexes","13 years","Kilkenny","Number","1612"
"Population","2022","Both sexes","13 years","Kerry","Number","2194"
"Population","2022","Both sexes","13 years","Longford","Number","763"
"Population","2022","Both sexes","13 years","Louth","Number","2303"
"Population","2022","Both sexes","13 years","Limerick City and County","Number","2951"
"Population","2022","Both sexes","13 years","Leitrim","Number","497"
"Population","2022","Both sexes","13 years","Laois","Number","1533"
"Population","2022","Both sexes","13 years","Meath","Number","3785"
"Population","2022","Both sexes","13 years","Monaghan","Number","1050"
"Population","2022","Both sexes","13 years","Mayo","Number","1888"
"Population","2022","Both sexes","13 years","Offaly","Number","1356"
"Population","2022","Both sexes","13 years","Roscommon","Number","1037"
"Population","2022","Both sexes","13 years","South Dublin","Number","4677"
"Population","2022","Both sexes","13 years","Sligo","Number","983"
"Population","2022","Both sexes","13 years","Tipperary","Number","2502"
"Population","2022","Both sexes","13 years","Waterford City and County","Number","1927"
"Population","2022","Both sexes","13 years","Westmeath","Number","1426"
"Population","2022","Both sexes","13 years","Wicklow","Number","2447"
"Population","2022","Both sexes","13 years","Wexford","Number","2621"
"Population","2022","Both sexes","14 years","State","Number","73432"
"Population","2022","Both sexes","14 years","Cork City and Cork County","Number","8175"
"Population","2022","Both sexes","14 years","Clare","Number","1848"
"Population","2022","Both sexes","14 years","Cavan","Number","1262"
"Population","2022","Both sexes","14 years","Carlow","Number","951"
"Population","2022","Both sexes","14 years","Dublin City","Number","5748"
"Population","2022","Both sexes","14 years","Donegal","Number","2610"
"Population","2022","Both sexes","14 years","Dún Laoghaire-Rathdown","Number","2917"
"Population","2022","Both sexes","14 years","Fingal","Number","5298"
"Population","2022","Both sexes","14 years","Galway City","Number","881"
"Population","2022","Both sexes","14 years","Galway County","Number","3044"
"Population","2022","Both sexes","14 years","Kildare","Number","3944"
"Population","2022","Both sexes","14 years","Kilkenny","Number","1547"
"Population","2022","Both sexes","14 years","Kerry","Number","2200"
"Population","2022","Both sexes","14 years","Longford","Number","724"
"Population","2022","Both sexes","14 years","Louth","Number","2161"
"Population","2022","Both sexes","14 years","Limerick City and County","Number","2898"
"Population","2022","Both sexes","14 years","Leitrim","Number","495"
"Population","2022","Both sexes","14 years","Laois","Number","1553"
"Population","2022","Both sexes","14 years","Meath","Number","3694"
"Population","2022","Both sexes","14 years","Monaghan","Number","1024"
"Population","2022","Both sexes","14 years","Mayo","Number","1916"
"Population","2022","Both sexes","14 years","Offaly","Number","1276"
"Population","2022","Both sexes","14 years","Roscommon","Number","996"
"Population","2022","Both sexes","14 years","South Dublin","Number","4581"
"Population","2022","Both sexes","14 years","Sligo","Number","992"
"Population","2022","Both sexes","14 years","Tipperary","Number","2522"
"Population","2022","Both sexes","14 years","Waterford City and County","Number","1856"
"Population","2022","Both sexes","14 years","Westmeath","Number","1422"
"Population","2022","Both sexes","14 years","Wicklow","Number","2484"
"Population","2022","Both sexes","14 years","Wexford","Number","2413"
"Population","2022","Both sexes","15 years","State","Number","70440"
"Population","2022","Both sexes","15 years","Cork City and Cork County","Number","7975"
"Population","2022","Both sexes","15 years","Clare","Number","1888"
"Population","2022","Both sexes","15 years","Cavan","Number","1271"
"Population","2022","Both sexes","15 years","Carlow","Number","843"
"Population","2022","Both sexes","15 years","Dublin City","Number","5442"
"Population","2022","Both sexes","15 years","Donegal","Number","2473"
"Population","2022","Both sexes","15 years","Dún Laoghaire-Rathdown","Number","2775"
"Population","2022","Both sexes","15 years","Fingal","Number","4948"
"Population","2022","Both sexes","15 years","Galway City","Number","877"
"Population","2022","Both sexes","15 years","Galway County","Number","2775"
"Population","2022","Both sexes","15 years","Kildare","Number","3750"
"Population","2022","Both sexes","15 years","Kilkenny","Number","1588"
"Population","2022","Both sexes","15 years","Kerry","Number","2128"
"Population","2022","Both sexes","15 years","Longford","Number","742"
"Population","2022","Both sexes","15 years","Louth","Number","2140"
"Population","2022","Both sexes","15 years","Limerick City and County","Number","2744"
"Population","2022","Both sexes","15 years","Leitrim","Number","528"
"Population","2022","Both sexes","15 years","Laois","Number","1474"
"Population","2022","Both sexes","15 years","Meath","Number","3500"
"Population","2022","Both sexes","15 years","Monaghan","Number","961"
"Population","2022","Both sexes","15 years","Mayo","Number","1840"
"Population","2022","Both sexes","15 years","Offaly","Number","1252"
"Population","2022","Both sexes","15 years","Roscommon","Number","1002"
"Population","2022","Both sexes","15 years","South Dublin","Number","4273"
"Population","2022","Both sexes","15 years","Sligo","Number","954"
"Population","2022","Both sexes","15 years","Tipperary","Number","2428"
"Population","2022","Both sexes","15 years","Waterford City and County","Number","1826"
"Population","2022","Both sexes","15 years","Westmeath","Number","1362"
"Population","2022","Both sexes","15 years","Wicklow","Number","2320"
"Population","2022","Both sexes","15 years","Wexford","Number","2361"
"Population","2022","Both sexes","16 years","State","Number","67814"
"Population","2022","Both sexes","16 years","Cork City and Cork County","Number","7592"
"Population","2022","Both sexes","16 years","Clare","Number","1850"
"Population","2022","Both sexes","16 years","Cavan","Number","1161"
"Population","2022","Both sexes","16 years","Carlow","Number","873"
"Population","2022","Both sexes","16 years","Dublin City","Number","5408"
"Population","2022","Both sexes","16 years","Donegal","Number","2441"
"Population","2022","Both sexes","16 years","Dún Laoghaire-Rathdown","Number","2733"
"Population","2022","Both sexes","16 years","Fingal","Number","4531"
"Population","2022","Both sexes","16 years","Galway City","Number","862"
"Population","2022","Both sexes","16 years","Galway County","Number","2963"
"Population","2022","Both sexes","16 years","Kildare","Number","3516"
"Population","2022","Both sexes","16 years","Kilkenny","Number","1456"
"Population","2022","Both sexes","16 years","Kerry","Number","2007"
"Population","2022","Both sexes","16 years","Longford","Number","667"
"Population","2022","Both sexes","16 years","Louth","Number","2071"
"Population","2022","Both sexes","16 years","Limerick City and County","Number","2727"
"Population","2022","Both sexes","16 years","Leitrim","Number","494"
"Population","2022","Both sexes","16 years","Laois","Number","1313"
"Population","2022","Both sexes","16 years","Meath","Number","3275"
"Population","2022","Both sexes","16 years","Monaghan","Number","911"
"Population","2022","Both sexes","16 years","Mayo","Number","1878"
"Population","2022","Both sexes","16 years","Offaly","Number","1166"
"Population","2022","Both sexes","16 years","Roscommon","Number","1014"
"Population","2022","Both sexes","16 years","South Dublin","Number","4082"
"Population","2022","Both sexes","16 years","Sligo","Number","916"
"Population","2022","Both sexes","16 years","Tipperary","Number","2312"
"Population","2022","Both sexes","16 years","Waterford City and County","Number","1811"
"Population","2022","Both sexes","16 years","Westmeath","Number","1348"
"Population","2022","Both sexes","16 years","Wicklow","Number","2131"
"Population","2022","Both sexes","16 years","Wexford","Number","2305"
"Population","2022","Both sexes","17 years","State","Number","68026"
"Population","2022","Both sexes","17 years","Cork City and Cork County","Number","7552"
"Population","2022","Both sexes","17 years","Clare","Number","1844"
"Population","2022","Both sexes","17 years","Cavan","Number","1186"
"Population","2022","Both sexes","17 years","Carlow","Number","877"
"Population","2022","Both sexes","17 years","Dublin City","Number","5640"
"Population","2022","Both sexes","17 years","Donegal","Number","2366"
"Population","2022","Both sexes","17 years","Dún Laoghaire-Rathdown","Number","2772"
"Population","2022","Both sexes","17 years","Fingal","Number","4566"
"Population","2022","Both sexes","17 years","Galway City","Number","854"
"Population","2022","Both sexes","17 years","Galway County","Number","2786"
"Population","2022","Both sexes","17 years","Kildare","Number","3618"
"Population","2022","Both sexes","17 years","Kilkenny","Number","1465"
"Population","2022","Both sexes","17 years","Kerry","Number","2103"
"Population","2022","Both sexes","17 years","Longford","Number","645"
"Population","2022","Both sexes","17 years","Louth","Number","2041"
"Population","2022","Both sexes","17 years","Limerick City and County","Number","2615"
"Population","2022","Both sexes","17 years","Leitrim","Number","496"
"Population","2022","Both sexes","17 years","Laois","Number","1421"
"Population","2022","Both sexes","17 years","Meath","Number","3195"
"Population","2022","Both sexes","17 years","Monaghan","Number","976"
"Population","2022","Both sexes","17 years","Mayo","Number","1831"
"Population","2022","Both sexes","17 years","Offaly","Number","1162"
"Population","2022","Both sexes","17 years","Roscommon","Number","963"
"Population","2022","Both sexes","17 years","South Dublin","Number","4112"
"Population","2022","Both sexes","17 years","Sligo","Number","933"
"Population","2022","Both sexes","17 years","Tipperary","Number","2456"
"Population","2022","Both sexes","17 years","Waterford City and County","Number","1725"
"Population","2022","Both sexes","17 years","Westmeath","Number","1328"
"Population","2022","Both sexes","17 years","Wicklow","Number","2232"
"Population","2022","Both sexes","17 years","Wexford","Number","2266"
"Population","2022","Both sexes","18 years","State","Number","66752"
"Population","2022","Both sexes","18 years","Cork City and Cork County","Number","7434"
"Population","2022","Both sexes","18 years","Clare","Number","1690"
"Population","2022","Both sexes","18 years","Cavan","Number","1107"
"Population","2022","Both sexes","18 years","Carlow","Number","903"
"Population","2022","Both sexes","18 years","Dublin City","Number","6434"
"Population","2022","Both sexes","18 years","Donegal","Number","2285"
"Population","2022","Both sexes","18 years","Dún Laoghaire-Rathdown","Number","2938"
"Population","2022","Both sexes","18 years","Fingal","Number","4473"
"Population","2022","Both sexes","18 years","Galway City","Number","1033"
"Population","2022","Both sexes","18 years","Galway County","Number","2546"
"Population","2022","Both sexes","18 years","Kildare","Number","3596"
"Population","2022","Both sexes","18 years","Kilkenny","Number","1414"
"Population","2022","Both sexes","18 years","Kerry","Number","1928"
"Population","2022","Both sexes","18 years","Longford","Number","609"
"Population","2022","Both sexes","18 years","Louth","Number","1952"
"Population","2022","Both sexes","18 years","Limerick City and County","Number","2701"
"Population","2022","Both sexes","18 years","Leitrim","Number","449"
"Population","2022","Both sexes","18 years","Laois","Number","1299"
"Population","2022","Both sexes","18 years","Meath","Number","3089"
"Population","2022","Both sexes","18 years","Monaghan","Number","799"
"Population","2022","Both sexes","18 years","Mayo","Number","1749"
"Population","2022","Both sexes","18 years","Offaly","Number","1221"
"Population","2022","Both sexes","18 years","Roscommon","Number","899"
"Population","2022","Both sexes","18 years","South Dublin","Number","3971"
"Population","2022","Both sexes","18 years","Sligo","Number","897"
"Population","2022","Both sexes","18 years","Tipperary","Number","2135"
"Population","2022","Both sexes","18 years","Waterford City and County","Number","1699"
"Population","2022","Both sexes","18 years","Westmeath","Number","1264"
"Population","2022","Both sexes","18 years","Wicklow","Number","2012"
"Population","2022","Both sexes","18 years","Wexford","Number","2226"
"Population","2022","Both sexes","19 years","State","Number","64596"
"Population","2022","Both sexes","19 years","Cork City and Cork County","Number","7635"
"Population","2022","Both sexes","19 years","Clare","Number","1650"
"Population","2022","Both sexes","19 years","Cavan","Number","915"
"Population","2022","Both sexes","19 years","Carlow","Number","827"
"Population","2022","Both sexes","19 years","Dublin City","Number","7345"
"Population","2022","Both sexes","19 years","Donegal","Number","1813"
"Population","2022","Both sexes","19 years","Dún Laoghaire-Rathdown","Number","3236"
"Population","2022","Both sexes","19 years","Fingal","Number","4358"
"Population","2022","Both sexes","19 years","Galway City","Number","1764"
"Population","2022","Both sexes","19 years","Galway County","Number","2251"
"Population","2022","Both sexes","19 years","Kildare","Number","3490"
"Population","2022","Both sexes","19 years","Kilkenny","Number","1125"
"Population","2022","Both sexes","19 years","Kerry","Number","1678"
"Population","2022","Both sexes","19 years","Longford","Number","563"
"Population","2022","Both sexes","19 years","Louth","Number","1770"
"Population","2022","Both sexes","19 years","Limerick City and County","Number","2889"
"Population","2022","Both sexes","19 years","Leitrim","Number","329"
"Population","2022","Both sexes","19 years","Laois","Number","1130"
"Population","2022","Both sexes","19 years","Meath","Number","2892"
"Population","2022","Both sexes","19 years","Monaghan","Number","734"
"Population","2022","Both sexes","19 years","Mayo","Number","1418"
"Population","2022","Both sexes","19 years","Offaly","Number","1018"
"Population","2022","Both sexes","19 years","Roscommon","Number","728"
"Population","2022","Both sexes","19 years","South Dublin","Number","3952"
"Population","2022","Both sexes","19 years","Sligo","Number","922"
"Population","2022","Both sexes","19 years","Tipperary","Number","1776"
"Population","2022","Both sexes","19 years","Waterford City and County","Number","1593"
"Population","2022","Both sexes","19 years","Westmeath","Number","1117"
"Population","2022","Both sexes","19 years","Wicklow","Number","1865"
"Population","2022","Both sexes","19 years","Wexford","Number","1813"
"Population","2022","Both sexes","20 years","State","Number","63744"
"Population","2022","Both sexes","20 years","Cork City and Cork County","Number","7328"
"Population","2022","Both sexes","20 years","Clare","Number","1567"
"Population","2022","Both sexes","20 years","Cavan","Number","843"
"Population","2022","Both sexes","20 years","Carlow","Number","810"
"Population","2022","Both sexes","20 years","Dublin City","Number","8103"
"Population","2022","Both sexes","20 years","Donegal","Number","1805"
"Population","2022","Both sexes","20 years","Dún Laoghaire-Rathdown","Number","3277"
"Population","2022","Both sexes","20 years","Fingal","Number","4153"
"Population","2022","Both sexes","20 years","Galway City","Number","2024"
"Population","2022","Both sexes","20 years","Galway County","Number","2052"
"Population","2022","Both sexes","20 years","Kildare","Number","3333"
"Population","2022","Both sexes","20 years","Kilkenny","Number","1089"
"Population","2022","Both sexes","20 years","Kerry","Number","1630"
"Population","2022","Both sexes","20 years","Longford","Number","561"
"Population","2022","Both sexes","20 years","Louth","Number","1917"
"Population","2022","Both sexes","20 years","Limerick City and County","Number","2932"
"Population","2022","Both sexes","20 years","Leitrim","Number","344"
"Population","2022","Both sexes","20 years","Laois","Number","1047"
"Population","2022","Both sexes","20 years","Meath","Number","2730"
"Population","2022","Both sexes","20 years","Monaghan","Number","653"
"Population","2022","Both sexes","20 years","Mayo","Number","1310"
"Population","2022","Both sexes","20 years","Offaly","Number","991"
"Population","2022","Both sexes","20 years","Roscommon","Number","696"
"Population","2022","Both sexes","20 years","South Dublin","Number","3700"
"Population","2022","Both sexes","20 years","Sligo","Number","877"
"Population","2022","Both sexes","20 years","Tipperary","Number","1823"
"Population","2022","Both sexes","20 years","Waterford City and County","Number","1564"
"Population","2022","Both sexes","20 years","Westmeath","Number","1105"
"Population","2022","Both sexes","20 years","Wicklow","Number","1716"
"Population","2022","Both sexes","20 years","Wexford","Number","1764"
"Population","2022","Both sexes","21 years","State","Number","60661"
"Population","2022","Both sexes","21 years","Cork City and Cork County","Number","7089"
"Population","2022","Both sexes","21 years","Clare","Number","1352"
"Population","2022","Both sexes","21 years","Cavan","Number","832"
"Population","2022","Both sexes","21 years","Carlow","Number","813"
"Population","2022","Both sexes","21 years","Dublin City","Number","8140"
"Population","2022","Both sexes","21 years","Donegal","Number","1708"
"Population","2022","Both sexes","21 years","Dún Laoghaire-Rathdown","Number","3085"
"Population","2022","Both sexes","21 years","Fingal","Number","3792"
"Population","2022","Both sexes","21 years","Galway City","Number","2084"
"Population","2022","Both sexes","21 years","Galway County","Number","1850"
"Population","2022","Both sexes","21 years","Kildare","Number","3050"
"Population","2022","Both sexes","21 years","Kilkenny","Number","1045"
"Population","2022","Both sexes","21 years","Kerry","Number","1518"
"Population","2022","Both sexes","21 years","Longford","Number","507"
"Population","2022","Both sexes","21 years","Louth","Number","1711"
"Population","2022","Both sexes","21 years","Limerick City and County","Number","2657"
"Population","2022","Both sexes","21 years","Leitrim","Number","277"
"Population","2022","Both sexes","21 years","Laois","Number","1025"
"Population","2022","Both sexes","21 years","Meath","Number","2546"
"Population","2022","Both sexes","21 years","Monaghan","Number","668"
"Population","2022","Both sexes","21 years","Mayo","Number","1263"
"Population","2022","Both sexes","21 years","Offaly","Number","882"
"Population","2022","Both sexes","21 years","Roscommon","Number","688"
"Population","2022","Both sexes","21 years","South Dublin","Number","3683"
"Population","2022","Both sexes","21 years","Sligo","Number","858"
"Population","2022","Both sexes","21 years","Tipperary","Number","1755"
"Population","2022","Both sexes","21 years","Waterford City and County","Number","1481"
"Population","2022","Both sexes","21 years","Westmeath","Number","1097"
"Population","2022","Both sexes","21 years","Wicklow","Number","1623"
"Population","2022","Both sexes","21 years","Wexford","Number","1582"
"Population","2022","Both sexes","22 years","State","Number","62218"
"Population","2022","Both sexes","22 years","Cork City and Cork County","Number","7229"
"Population","2022","Both sexes","22 years","Clare","Number","1503"
"Population","2022","Both sexes","22 years","Cavan","Number","855"
"Population","2022","Both sexes","22 years","Carlow","Number","769"
"Population","2022","Both sexes","22 years","Dublin City","Number","9091"
"Population","2022","Both sexes","22 years","Donegal","Number","1731"
"Population","2022","Both sexes","22 years","Dún Laoghaire-Rathdown","Number","3242"
"Population","2022","Both sexes","22 years","Fingal","Number","3827"
"Population","2022","Both sexes","22 years","Galway City","Number","1964"
"Population","2022","Both sexes","22 years","Galway County","Number","1776"
"Population","2022","Both sexes","22 years","Kildare","Number","2890"
"Population","2022","Both sexes","22 years","Kilkenny","Number","993"
"Population","2022","Both sexes","22 years","Kerry","Number","1556"
"Population","2022","Both sexes","22 years","Longford","Number","516"
"Population","2022","Both sexes","22 years","Louth","Number","1718"
"Population","2022","Both sexes","22 years","Limerick City and County","Number","2951"
"Population","2022","Both sexes","22 years","Leitrim","Number","322"
"Population","2022","Both sexes","22 years","Laois","Number","994"
"Population","2022","Both sexes","22 years","Meath","Number","2430"
"Population","2022","Both sexes","22 years","Monaghan","Number","667"
"Population","2022","Both sexes","22 years","Mayo","Number","1294"
"Population","2022","Both sexes","22 years","Offaly","Number","915"
"Population","2022","Both sexes","22 years","Roscommon","Number","665"
"Population","2022","Both sexes","22 years","South Dublin","Number","3724"
"Population","2022","Both sexes","22 years","Sligo","Number","815"
"Population","2022","Both sexes","22 years","Tipperary","Number","1782"
"Population","2022","Both sexes","22 years","Waterford City and County","Number","1471"
"Population","2022","Both sexes","22 years","Westmeath","Number","1103"
"Population","2022","Both sexes","22 years","Wicklow","Number","1659"
"Population","2022","Both sexes","22 years","Wexford","Number","1766"
"Population","2022","Both sexes","23 years","State","Number","60922"
"Population","2022","Both sexes","23 years","Cork City and Cork County","Number","6888"
"Population","2022","Both sexes","23 years","Clare","Number","1281"
"Population","2022","Both sexes","23 years","Cavan","Number","875"
"Population","2022","Both sexes","23 years","Carlow","Number","720"
"Population","2022","Both sexes","23 years","Dublin City","Number","9981"
"Population","2022","Both sexes","23 years","Donegal","Number","1571"
"Population","2022","Both sexes","23 years","Dún Laoghaire-Rathdown","Number","3247"
"Population","2022","Both sexes","23 years","Fingal","Number","3733"
"Population","2022","Both sexes","23 years","Galway City","Number","1722"
"Population","2022","Both sexes","23 years","Galway County","Number","1726"
"Population","2022","Both sexes","23 years","Kildare","Number","2860"
"Population","2022","Both sexes","23 years","Kilkenny","Number","994"
"Population","2022","Both sexes","23 years","Kerry","Number","1597"
"Population","2022","Both sexes","23 years","Longford","Number","498"
"Population","2022","Both sexes","23 years","Louth","Number","1579"
"Population","2022","Both sexes","23 years","Limerick City and County","Number","2597"
"Population","2022","Both sexes","23 years","Leitrim","Number","329"
"Population","2022","Both sexes","23 years","Laois","Number","961"
"Population","2022","Both sexes","23 years","Meath","Number","2320"
"Population","2022","Both sexes","23 years","Monaghan","Number","662"
"Population","2022","Both sexes","23 years","Mayo","Number","1242"
"Population","2022","Both sexes","23 years","Offaly","Number","894"
"Population","2022","Both sexes","23 years","Roscommon","Number","643"
"Population","2022","Both sexes","23 years","South Dublin","Number","3783"
"Population","2022","Both sexes","23 years","Sligo","Number","752"
"Population","2022","Both sexes","23 years","Tipperary","Number","1696"
"Population","2022","Both sexes","23 years","Waterford City and County","Number","1462"
"Population","2022","Both sexes","23 years","Westmeath","Number","1052"
"Population","2022","Both sexes","23 years","Wicklow","Number","1535"
"Population","2022","Both sexes","23 years","Wexford","Number","1722"
"Population","2022","Both sexes","24 years","State","Number","59598"
"Population","2022","Both sexes","24 years","Cork City and Cork County","Number","6680"
"Population","2022","Both sexes","24 years","Clare","Number","1255"
"Population","2022","Both sexes","24 years","Cavan","Number","827"
"Population","2022","Both sexes","24 years","Carlow","Number","669"
"Population","2022","Both sexes","24 years","Dublin City","Number","10592"
"Population","2022","Both sexes","24 years","Donegal","Number","1557"
"Population","2022","Both sexes","24 years","Dún Laoghaire-Rathdown","Number","3169"
"Population","2022","Both sexes","24 years","Fingal","Number","3592"
"Population","2022","Both sexes","24 years","Galway City","Number","1727"
"Population","2022","Both sexes","24 years","Galway County","Number","1651"
"Population","2022","Both sexes","24 years","Kildare","Number","2675"
"Population","2022","Both sexes","24 years","Kilkenny","Number","1036"
"Population","2022","Both sexes","24 years","Kerry","Number","1482"
"Population","2022","Both sexes","24 years","Longford","Number","446"
"Population","2022","Both sexes","24 years","Louth","Number","1469"
"Population","2022","Both sexes","24 years","Limerick City and County","Number","2545"
"Population","2022","Both sexes","24 years","Leitrim","Number","272"
"Population","2022","Both sexes","24 years","Laois","Number","905"
"Population","2022","Both sexes","24 years","Meath","Number","2253"
"Population","2022","Both sexes","24 years","Monaghan","Number","664"
"Population","2022","Both sexes","24 years","Mayo","Number","1159"
"Population","2022","Both sexes","24 years","Offaly","Number","887"
"Population","2022","Both sexes","24 years","Roscommon","Number","561"
"Population","2022","Both sexes","24 years","South Dublin","Number","3650"
"Population","2022","Both sexes","24 years","Sligo","Number","737"
"Population","2022","Both sexes","24 years","Tipperary","Number","1709"
"Population","2022","Both sexes","24 years","Waterford City and County","Number","1349"
"Population","2022","Both sexes","24 years","Westmeath","Number","1077"
"Population","2022","Both sexes","24 years","Wicklow","Number","1408"
"Population","2022","Both sexes","24 years","Wexford","Number","1595"
"Population","2022","Both sexes","25 years","State","Number","59263"
"Population","2022","Both sexes","25 years","Cork City and Cork County","Number","6604"
"Population","2022","Both sexes","25 years","Clare","Number","1258"
"Population","2022","Both sexes","25 years","Cavan","Number","841"
"Population","2022","Both sexes","25 years","Carlow","Number","625"
"Population","2022","Both sexes","25 years","Dublin City","Number","11301"
"Population","2022","Both sexes","25 years","Donegal","Number","1476"
"Population","2022","Both sexes","25 years","Dún Laoghaire-Rathdown","Number","3110"
"Population","2022","Both sexes","25 years","Fingal","Number","3627"
"Population","2022","Both sexes","25 years","Galway City","Number","1651"
"Population","2022","Both sexes","25 years","Galway County","Number","1620"
"Population","2022","Both sexes","25 years","Kildare","Number","2651"
"Population","2022","Both sexes","25 years","Kilkenny","Number","1002"
"Population","2022","Both sexes","25 years","Kerry","Number","1480"
"Population","2022","Both sexes","25 years","Longford","Number","441"
"Population","2022","Both sexes","25 years","Louth","Number","1415"
"Population","2022","Both sexes","25 years","Limerick City and County","Number","2626"
"Population","2022","Both sexes","25 years","Leitrim","Number","286"
"Population","2022","Both sexes","25 years","Laois","Number","851"
"Population","2022","Both sexes","25 years","Meath","Number","2042"
"Population","2022","Both sexes","25 years","Monaghan","Number","598"
"Population","2022","Both sexes","25 years","Mayo","Number","1136"
"Population","2022","Both sexes","25 years","Offaly","Number","854"
"Population","2022","Both sexes","25 years","Roscommon","Number","612"
"Population","2022","Both sexes","25 years","South Dublin","Number","3634"
"Population","2022","Both sexes","25 years","Sligo","Number","710"
"Population","2022","Both sexes","25 years","Tipperary","Number","1622"
"Population","2022","Both sexes","25 years","Waterford City and County","Number","1267"
"Population","2022","Both sexes","25 years","Westmeath","Number","1041"
"Population","2022","Both sexes","25 years","Wicklow","Number","1345"
"Population","2022","Both sexes","25 years","Wexford","Number","1537"
"Population","2022","Both sexes","26 years","State","Number","58240"
"Population","2022","Both sexes","26 years","Cork City and Cork County","Number","6464"
"Population","2022","Both sexes","26 years","Clare","Number","1179"
"Population","2022","Both sexes","26 years","Cavan","Number","777"
"Population","2022","Both sexes","26 years","Carlow","Number","663"
"Population","2022","Both sexes","26 years","Dublin City","Number","11664"
"Population","2022","Both sexes","26 years","Donegal","Number","1507"
"Population","2022","Both sexes","26 years","Dún Laoghaire-Rathdown","Number","3065"
"Population","2022","Both sexes","26 years","Fingal","Number","3581"
"Population","2022","Both sexes","26 years","Galway City","Number","1522"
"Population","2022","Both sexes","26 years","Galway County","Number","1549"
"Population","2022","Both sexes","26 years","Kildare","Number","2443"
"Population","2022","Both sexes","26 years","Kilkenny","Number","966"
"Population","2022","Both sexes","26 years","Kerry","Number","1368"
"Population","2022","Both sexes","26 years","Longford","Number","487"
"Population","2022","Both sexes","26 years","Louth","Number","1339"
"Population","2022","Both sexes","26 years","Limerick City and County","Number","2557"
"Population","2022","Both sexes","26 years","Leitrim","Number","282"
"Population","2022","Both sexes","26 years","Laois","Number","892"
"Population","2022","Both sexes","26 years","Meath","Number","2007"
"Population","2022","Both sexes","26 years","Monaghan","Number","615"
"Population","2022","Both sexes","26 years","Mayo","Number","1128"
"Population","2022","Both sexes","26 years","Offaly","Number","790"
"Population","2022","Both sexes","26 years","Roscommon","Number","580"
"Population","2022","Both sexes","26 years","South Dublin","Number","3394"
"Population","2022","Both sexes","26 years","Sligo","Number","629"
"Population","2022","Both sexes","26 years","Tipperary","Number","1530"
"Population","2022","Both sexes","26 years","Waterford City and County","Number","1264"
"Population","2022","Both sexes","26 years","Westmeath","Number","1038"
"Population","2022","Both sexes","26 years","Wicklow","Number","1380"
"Population","2022","Both sexes","26 years","Wexford","Number","1580"
"Population","2022","Both sexes","27 years","State","Number","58690"
"Population","2022","Both sexes","27 years","Cork City and Cork County","Number","6506"
"Population","2022","Both sexes","27 years","Clare","Number","1180"
"Population","2022","Both sexes","27 years","Cavan","Number","750"
"Population","2022","Both sexes","27 years","Carlow","Number","658"
"Population","2022","Both sexes","27 years","Dublin City","Number","11941"
"Population","2022","Both sexes","27 years","Donegal","Number","1442"
"Population","2022","Both sexes","27 years","Dún Laoghaire-Rathdown","Number","2989"
"Population","2022","Both sexes","27 years","Fingal","Number","3641"
"Population","2022","Both sexes","27 years","Galway City","Number","1435"
"Population","2022","Both sexes","27 years","Galway County","Number","1405"
"Population","2022","Both sexes","27 years","Kildare","Number","2585"
"Population","2022","Both sexes","27 years","Kilkenny","Number","972"
"Population","2022","Both sexes","27 years","Kerry","Number","1411"
"Population","2022","Both sexes","27 years","Longford","Number","462"
"Population","2022","Both sexes","27 years","Louth","Number","1462"
"Population","2022","Both sexes","27 years","Limerick City and County","Number","2467"
"Population","2022","Both sexes","27 years","Leitrim","Number","275"
"Population","2022","Both sexes","27 years","Laois","Number","897"
"Population","2022","Both sexes","27 years","Meath","Number","2037"
"Population","2022","Both sexes","27 years","Monaghan","Number","639"
"Population","2022","Both sexes","27 years","Mayo","Number","1115"
"Population","2022","Both sexes","27 years","Offaly","Number","822"
"Population","2022","Both sexes","27 years","Roscommon","Number","568"
"Population","2022","Both sexes","27 years","South Dublin","Number","3538"
"Population","2022","Both sexes","27 years","Sligo","Number","631"
"Population","2022","Both sexes","27 years","Tipperary","Number","1547"
"Population","2022","Both sexes","27 years","Waterford City and County","Number","1304"
"Population","2022","Both sexes","27 years","Westmeath","Number","1029"
"Population","2022","Both sexes","27 years","Wicklow","Number","1400"
"Population","2022","Both sexes","27 years","Wexford","Number","1582"
"Population","2022","Both sexes","28 years","State","Number","58690"
"Population","2022","Both sexes","28 years","Cork City and Cork County","Number","6527"
"Population","2022","Both sexes","28 years","Clare","Number","1187"
"Population","2022","Both sexes","28 years","Cavan","Number","752"
"Population","2022","Both sexes","28 years","Carlow","Number","633"
"Population","2022","Both sexes","28 years","Dublin City","Number","12020"
"Population","2022","Both sexes","28 years","Donegal","Number","1475"
"Population","2022","Both sexes","28 years","Dún Laoghaire-Rathdown","Number","2869"
"Population","2022","Both sexes","28 years","Fingal","Number","3597"
"Population","2022","Both sexes","28 years","Galway City","Number","1458"
"Population","2022","Both sexes","28 years","Galway County","Number","1554"
"Population","2022","Both sexes","28 years","Kildare","Number","2558"
"Population","2022","Both sexes","28 years","Kilkenny","Number","1016"
"Population","2022","Both sexes","28 years","Kerry","Number","1345"
"Population","2022","Both sexes","28 years","Longford","Number","442"
"Population","2022","Both sexes","28 years","Louth","Number","1498"
"Population","2022","Both sexes","28 years","Limerick City and County","Number","2373"
"Population","2022","Both sexes","28 years","Leitrim","Number","291"
"Population","2022","Both sexes","28 years","Laois","Number","871"
"Population","2022","Both sexes","28 years","Meath","Number","2096"
"Population","2022","Both sexes","28 years","Monaghan","Number","588"
"Population","2022","Both sexes","28 years","Mayo","Number","1180"
"Population","2022","Both sexes","28 years","Offaly","Number","829"
"Population","2022","Both sexes","28 years","Roscommon","Number","580"
"Population","2022","Both sexes","28 years","South Dublin","Number","3546"
"Population","2022","Both sexes","28 years","Sligo","Number","615"
"Population","2022","Both sexes","28 years","Tipperary","Number","1576"
"Population","2022","Both sexes","28 years","Waterford City and County","Number","1262"
"Population","2022","Both sexes","28 years","Westmeath","Number","972"
"Population","2022","Both sexes","28 years","Wicklow","Number","1443"
"Population","2022","Both sexes","28 years","Wexford","Number","1537"
"Population","2022","Both sexes","29 years","State","Number","60925"
"Population","2022","Both sexes","29 years","Cork City and Cork County","Number","6709"
"Population","2022","Both sexes","29 years","Clare","Number","1188"
"Population","2022","Both sexes","29 years","Cavan","Number","791"
"Population","2022","Both sexes","29 years","Carlow","Number","713"
"Population","2022","Both sexes","29 years","Dublin City","Number","12132"
"Population","2022","Both sexes","29 years","Donegal","Number","1536"
"Population","2022","Both sexes","29 years","Dún Laoghaire-Rathdown","Number","2897"
"Population","2022","Both sexes","29 years","Fingal","Number","3797"
"Population","2022","Both sexes","29 years","Galway City","Number","1468"
"Population","2022","Both sexes","29 years","Galway County","Number","1712"
"Population","2022","Both sexes","29 years","Kildare","Number","2715"
"Population","2022","Both sexes","29 years","Kilkenny","Number","1089"
"Population","2022","Both sexes","29 years","Kerry","Number","1443"
"Population","2022","Both sexes","29 years","Longford","Number","461"
"Population","2022","Both sexes","29 years","Louth","Number","1505"
"Population","2022","Both sexes","29 years","Limerick City and County","Number","2490"
"Population","2022","Both sexes","29 years","Leitrim","Number","301"
"Population","2022","Both sexes","29 years","Laois","Number","901"
"Population","2022","Both sexes","29 years","Meath","Number","2169"
"Population","2022","Both sexes","29 years","Monaghan","Number","674"
"Population","2022","Both sexes","29 years","Mayo","Number","1257"
"Population","2022","Both sexes","29 years","Offaly","Number","842"
"Population","2022","Both sexes","29 years","Roscommon","Number","629"
"Population","2022","Both sexes","29 years","South Dublin","Number","3636"
"Population","2022","Both sexes","29 years","Sligo","Number","707"
"Population","2022","Both sexes","29 years","Tipperary","Number","1620"
"Population","2022","Both sexes","29 years","Waterford City and County","Number","1320"
"Population","2022","Both sexes","29 years","Westmeath","Number","1095"
"Population","2022","Both sexes","29 years","Wicklow","Number","1499"
"Population","2022","Both sexes","29 years","Wexford","Number","1629"
"Population","2022","Both sexes","30 years","State","Number","63699"
"Population","2022","Both sexes","30 years","Cork City and Cork County","Number","6982"
"Population","2022","Both sexes","30 years","Clare","Number","1209"
"Population","2022","Both sexes","30 years","Cavan","Number","841"
"Population","2022","Both sexes","30 years","Carlow","Number","705"
"Population","2022","Both sexes","30 years","Dublin City","Number","12341"
"Population","2022","Both sexes","30 years","Donegal","Number","1694"
"Population","2022","Both sexes","30 years","Dún Laoghaire-Rathdown","Number","3112"
"Population","2022","Both sexes","30 years","Fingal","Number","3976"
"Population","2022","Both sexes","30 years","Galway City","Number","1402"
"Population","2022","Both sexes","30 years","Galway County","Number","1803"
"Population","2022","Both sexes","30 years","Kildare","Number","2860"
"Population","2022","Both sexes","30 years","Kilkenny","Number","1065"
"Population","2022","Both sexes","30 years","Kerry","Number","1591"
"Population","2022","Both sexes","30 years","Longford","Number","550"
"Population","2022","Both sexes","30 years","Louth","Number","1570"
"Population","2022","Both sexes","30 years","Limerick City and County","Number","2515"
"Population","2022","Both sexes","30 years","Leitrim","Number","336"
"Population","2022","Both sexes","30 years","Laois","Number","987"
"Population","2022","Both sexes","30 years","Meath","Number","2353"
"Population","2022","Both sexes","30 years","Monaghan","Number","732"
"Population","2022","Both sexes","30 years","Mayo","Number","1353"
"Population","2022","Both sexes","30 years","Offaly","Number","940"
"Population","2022","Both sexes","30 years","Roscommon","Number","675"
"Population","2022","Both sexes","30 years","South Dublin","Number","3821"
"Population","2022","Both sexes","30 years","Sligo","Number","668"
"Population","2022","Both sexes","30 years","Tipperary","Number","1744"
"Population","2022","Both sexes","30 years","Waterford City and County","Number","1434"
"Population","2022","Both sexes","30 years","Westmeath","Number","1098"
"Population","2022","Both sexes","30 years","Wicklow","Number","1525"
"Population","2022","Both sexes","30 years","Wexford","Number","1817"
"Population","2022","Both sexes","31 years","State","Number","65947"
"Population","2022","Both sexes","31 years","Cork City and Cork County","Number","7276"
"Population","2022","Both sexes","31 years","Clare","Number","1331"
"Population","2022","Both sexes","31 years","Cavan","Number","907"
"Population","2022","Both sexes","31 years","Carlow","Number","739"
"Population","2022","Both sexes","31 years","Dublin City","Number","12366"
"Population","2022","Both sexes","31 years","Donegal","Number","1723"
"Population","2022","Both sexes","31 years","Dún Laoghaire-Rathdown","Number","3065"
"Population","2022","Both sexes","31 years","Fingal","Number","4241"
"Population","2022","Both sexes","31 years","Galway City","Number","1464"
"Population","2022","Both sexes","31 years","Galway County","Number","1930"
"Population","2022","Both sexes","31 years","Kildare","Number","2990"
"Population","2022","Both sexes","31 years","Kilkenny","Number","1213"
"Population","2022","Both sexes","31 years","Kerry","Number","1585"
"Population","2022","Both sexes","31 years","Longford","Number","484"
"Population","2022","Both sexes","31 years","Louth","Number","1676"
"Population","2022","Both sexes","31 years","Limerick City and County","Number","2522"
"Population","2022","Both sexes","31 years","Leitrim","Number","366"
"Population","2022","Both sexes","31 years","Laois","Number","1021"
"Population","2022","Both sexes","31 years","Meath","Number","2583"
"Population","2022","Both sexes","31 years","Monaghan","Number","738"
"Population","2022","Both sexes","31 years","Mayo","Number","1456"
"Population","2022","Both sexes","31 years","Offaly","Number","925"
"Population","2022","Both sexes","31 years","Roscommon","Number","728"
"Population","2022","Both sexes","31 years","South Dublin","Number","3963"
"Population","2022","Both sexes","31 years","Sligo","Number","695"
"Population","2022","Both sexes","31 years","Tipperary","Number","1775"
"Population","2022","Both sexes","31 years","Waterford City and County","Number","1461"
"Population","2022","Both sexes","31 years","Westmeath","Number","1192"
"Population","2022","Both sexes","31 years","Wicklow","Number","1673"
"Population","2022","Both sexes","31 years","Wexford","Number","1859"
"Population","2022","Both sexes","32 years","State","Number","66795"
"Population","2022","Both sexes","32 years","Cork City and Cork County","Number","7405"
"Population","2022","Both sexes","32 years","Clare","Number","1330"
"Population","2022","Both sexes","32 years","Cavan","Number","996"
"Population","2022","Both sexes","32 years","Carlow","Number","746"
"Population","2022","Both sexes","32 years","Dublin City","Number","12044"
"Population","2022","Both sexes","32 years","Donegal","Number","1863"
"Population","2022","Both sexes","32 years","Dún Laoghaire-Rathdown","Number","3165"
"Population","2022","Both sexes","32 years","Fingal","Number","4328"
"Population","2022","Both sexes","32 years","Galway City","Number","1354"
"Population","2022","Both sexes","32 years","Galway County","Number","1954"
"Population","2022","Both sexes","32 years","Kildare","Number","3013"
"Population","2022","Both sexes","32 years","Kilkenny","Number","1150"
"Population","2022","Both sexes","32 years","Kerry","Number","1697"
"Population","2022","Both sexes","32 years","Longford","Number","538"
"Population","2022","Both sexes","32 years","Louth","Number","1655"
"Population","2022","Both sexes","32 years","Limerick City and County","Number","2672"
"Population","2022","Both sexes","32 years","Leitrim","Number","380"
"Population","2022","Both sexes","32 years","Laois","Number","1089"
"Population","2022","Both sexes","32 years","Meath","Number","2681"
"Population","2022","Both sexes","32 years","Monaghan","Number","713"
"Population","2022","Both sexes","32 years","Mayo","Number","1430"
"Population","2022","Both sexes","32 years","Offaly","Number","923"
"Population","2022","Both sexes","32 years","Roscommon","Number","736"
"Population","2022","Both sexes","32 years","South Dublin","Number","4048"
"Population","2022","Both sexes","32 years","Sligo","Number","742"
"Population","2022","Both sexes","32 years","Tipperary","Number","1814"
"Population","2022","Both sexes","32 years","Waterford City and County","Number","1550"
"Population","2022","Both sexes","32 years","Westmeath","Number","1195"
"Population","2022","Both sexes","32 years","Wicklow","Number","1702"
"Population","2022","Both sexes","32 years","Wexford","Number","1882"
"Population","2022","Both sexes","33 years","State","Number","66377"
"Population","2022","Both sexes","33 years","Cork City and Cork County","Number","7271"
"Population","2022","Both sexes","33 years","Clare","Number","1338"
"Population","2022","Both sexes","33 years","Cavan","Number","955"
"Population","2022","Both sexes","33 years","Carlow","Number","750"
"Population","2022","Both sexes","33 years","Dublin City","Number","11434"
"Population","2022","Both sexes","33 years","Donegal","Number","1829"
"Population","2022","Both sexes","33 years","Dún Laoghaire-Rathdown","Number","3023"
"Population","2022","Both sexes","33 years","Fingal","Number","4596"
"Population","2022","Both sexes","33 years","Galway City","Number","1222"
"Population","2022","Both sexes","33 years","Galway County","Number","2096"
"Population","2022","Both sexes","33 years","Kildare","Number","3187"
"Population","2022","Both sexes","33 years","Kilkenny","Number","1131"
"Population","2022","Both sexes","33 years","Kerry","Number","1674"
"Population","2022","Both sexes","33 years","Longford","Number","549"
"Population","2022","Both sexes","33 years","Louth","Number","1736"
"Population","2022","Both sexes","33 years","Limerick City and County","Number","2623"
"Population","2022","Both sexes","33 years","Leitrim","Number","379"
"Population","2022","Both sexes","33 years","Laois","Number","1121"
"Population","2022","Both sexes","33 years","Meath","Number","2655"
"Population","2022","Both sexes","33 years","Monaghan","Number","701"
"Population","2022","Both sexes","33 years","Mayo","Number","1519"
"Population","2022","Both sexes","33 years","Offaly","Number","934"
"Population","2022","Both sexes","33 years","Roscommon","Number","732"
"Population","2022","Both sexes","33 years","South Dublin","Number","4079"
"Population","2022","Both sexes","33 years","Sligo","Number","753"
"Population","2022","Both sexes","33 years","Tipperary","Number","1829"
"Population","2022","Both sexes","33 years","Waterford City and County","Number","1462"
"Population","2022","Both sexes","33 years","Westmeath","Number","1189"
"Population","2022","Both sexes","33 years","Wicklow","Number","1780"
"Population","2022","Both sexes","33 years","Wexford","Number","1830"
"Population","2022","Both sexes","34 years","State","Number","69405"
"Population","2022","Both sexes","34 years","Cork City and Cork County","Number","7664"
"Population","2022","Both sexes","34 years","Clare","Number","1455"
"Population","2022","Both sexes","34 years","Cavan","Number","988"
"Population","2022","Both sexes","34 years","Carlow","Number","774"
"Population","2022","Both sexes","34 years","Dublin City","Number","11048"
"Population","2022","Both sexes","34 years","Donegal","Number","2023"
"Population","2022","Both sexes","34 years","Dún Laoghaire-Rathdown","Number","3044"
"Population","2022","Both sexes","34 years","Fingal","Number","4787"
"Population","2022","Both sexes","34 years","Galway City","Number","1332"
"Population","2022","Both sexes","34 years","Galway County","Number","2233"
"Population","2022","Both sexes","34 years","Kildare","Number","3343"
"Population","2022","Both sexes","34 years","Kilkenny","Number","1230"
"Population","2022","Both sexes","34 years","Kerry","Number","1724"
"Population","2022","Both sexes","34 years","Longford","Number","628"
"Population","2022","Both sexes","34 years","Louth","Number","1831"
"Population","2022","Both sexes","34 years","Limerick City and County","Number","2738"
"Population","2022","Both sexes","34 years","Leitrim","Number","409"
"Population","2022","Both sexes","34 years","Laois","Number","1179"
"Population","2022","Both sexes","34 years","Meath","Number","2906"
"Population","2022","Both sexes","34 years","Monaghan","Number","839"
"Population","2022","Both sexes","34 years","Mayo","Number","1634"
"Population","2022","Both sexes","34 years","Offaly","Number","1035"
"Population","2022","Both sexes","34 years","Roscommon","Number","782"
"Population","2022","Both sexes","34 years","South Dublin","Number","4370"
"Population","2022","Both sexes","34 years","Sligo","Number","786"
"Population","2022","Both sexes","34 years","Tipperary","Number","1963"
"Population","2022","Both sexes","34 years","Waterford City and County","Number","1557"
"Population","2022","Both sexes","34 years","Westmeath","Number","1238"
"Population","2022","Both sexes","34 years","Wicklow","Number","1846"
"Population","2022","Both sexes","34 years","Wexford","Number","2019"
"Population","2022","Both sexes","35 years","State","Number","72635"
"Population","2022","Both sexes","35 years","Cork City and Cork County","Number","8078"
"Population","2022","Both sexes","35 years","Clare","Number","1516"
"Population","2022","Both sexes","35 years","Cavan","Number","1079"
"Population","2022","Both sexes","35 years","Carlow","Number","833"
"Population","2022","Both sexes","35 years","Dublin City","Number","10932"
"Population","2022","Both sexes","35 years","Donegal","Number","2016"
"Population","2022","Both sexes","35 years","Dún Laoghaire-Rathdown","Number","3054"
"Population","2022","Both sexes","35 years","Fingal","Number","5012"
"Population","2022","Both sexes","35 years","Galway City","Number","1277"
"Population","2022","Both sexes","35 years","Galway County","Number","2431"
"Population","2022","Both sexes","35 years","Kildare","Number","3586"
"Population","2022","Both sexes","35 years","Kilkenny","Number","1375"
"Population","2022","Both sexes","35 years","Kerry","Number","1862"
"Population","2022","Both sexes","35 years","Longford","Number","613"
"Population","2022","Both sexes","35 years","Louth","Number","1912"
"Population","2022","Both sexes","35 years","Limerick City and County","Number","2872"
"Population","2022","Both sexes","35 years","Leitrim","Number","443"
"Population","2022","Both sexes","35 years","Laois","Number","1353"
"Population","2022","Both sexes","35 years","Meath","Number","3156"
"Population","2022","Both sexes","35 years","Monaghan","Number","850"
"Population","2022","Both sexes","35 years","Mayo","Number","1692"
"Population","2022","Both sexes","35 years","Offaly","Number","1074"
"Population","2022","Both sexes","35 years","Roscommon","Number","896"
"Population","2022","Both sexes","35 years","South Dublin","Number","4463"
"Population","2022","Both sexes","35 years","Sligo","Number","840"
"Population","2022","Both sexes","35 years","Tipperary","Number","2157"
"Population","2022","Both sexes","35 years","Waterford City and County","Number","1745"
"Population","2022","Both sexes","35 years","Westmeath","Number","1397"
"Population","2022","Both sexes","35 years","Wicklow","Number","1983"
"Population","2022","Both sexes","35 years","Wexford","Number","2138"
"Population","2022","Both sexes","36 years","State","Number","74858"
"Population","2022","Both sexes","36 years","Cork City and Cork County","Number","8243"
"Population","2022","Both sexes","36 years","Clare","Number","1593"
"Population","2022","Both sexes","36 years","Cavan","Number","1151"
"Population","2022","Both sexes","36 years","Carlow","Number","835"
"Population","2022","Both sexes","36 years","Dublin City","Number","10619"
"Population","2022","Both sexes","36 years","Donegal","Number","2112"
"Population","2022","Both sexes","36 years","Dún Laoghaire-Rathdown","Number","3188"
"Population","2022","Both sexes","36 years","Fingal","Number","5327"
"Population","2022","Both sexes","36 years","Galway City","Number","1332"
"Population","2022","Both sexes","36 years","Galway County","Number","2494"
"Population","2022","Both sexes","36 years","Kildare","Number","3748"
"Population","2022","Both sexes","36 years","Kilkenny","Number","1342"
"Population","2022","Both sexes","36 years","Kerry","Number","2024"
"Population","2022","Both sexes","36 years","Longford","Number","678"
"Population","2022","Both sexes","36 years","Louth","Number","1980"
"Population","2022","Both sexes","36 years","Limerick City and County","Number","3012"
"Population","2022","Both sexes","36 years","Leitrim","Number","451"
"Population","2022","Both sexes","36 years","Laois","Number","1384"
"Population","2022","Both sexes","36 years","Meath","Number","3249"
"Population","2022","Both sexes","36 years","Monaghan","Number","894"
"Population","2022","Both sexes","36 years","Mayo","Number","1780"
"Population","2022","Both sexes","36 years","Offaly","Number","1102"
"Population","2022","Both sexes","36 years","Roscommon","Number","924"
"Population","2022","Both sexes","36 years","South Dublin","Number","4843"
"Population","2022","Both sexes","36 years","Sligo","Number","935"
"Population","2022","Both sexes","36 years","Tipperary","Number","2146"
"Population","2022","Both sexes","36 years","Waterford City and County","Number","1737"
"Population","2022","Both sexes","36 years","Westmeath","Number","1502"
"Population","2022","Both sexes","36 years","Wicklow","Number","2102"
"Population","2022","Both sexes","36 years","Wexford","Number","2131"
"Population","2022","Both sexes","37 years","State","Number","75620"
"Population","2022","Both sexes","37 years","Cork City and Cork County","Number","8597"
"Population","2022","Both sexes","37 years","Clare","Number","1711"
"Population","2022","Both sexes","37 years","Cavan","Number","1182"
"Population","2022","Both sexes","37 years","Carlow","Number","908"
"Population","2022","Both sexes","37 years","Dublin City","Number","10110"
"Population","2022","Both sexes","37 years","Donegal","Number","2106"
"Population","2022","Both sexes","37 years","Dún Laoghaire-Rathdown","Number","3237"
"Population","2022","Both sexes","37 years","Fingal","Number","5336"
"Population","2022","Both sexes","37 years","Galway City","Number","1307"
"Population","2022","Both sexes","37 years","Galway County","Number","2597"
"Population","2022","Both sexes","37 years","Kildare","Number","3846"
"Population","2022","Both sexes","37 years","Kilkenny","Number","1365"
"Population","2022","Both sexes","37 years","Kerry","Number","2070"
"Population","2022","Both sexes","37 years","Longford","Number","620"
"Population","2022","Both sexes","37 years","Louth","Number","1922"
"Population","2022","Both sexes","37 years","Limerick City and County","Number","3023"
"Population","2022","Both sexes","37 years","Leitrim","Number","445"
"Population","2022","Both sexes","37 years","Laois","Number","1441"
"Population","2022","Both sexes","37 years","Meath","Number","3332"
"Population","2022","Both sexes","37 years","Monaghan","Number","924"
"Population","2022","Both sexes","37 years","Mayo","Number","1872"
"Population","2022","Both sexes","37 years","Offaly","Number","1161"
"Population","2022","Both sexes","37 years","Roscommon","Number","949"
"Population","2022","Both sexes","37 years","South Dublin","Number","4868"
"Population","2022","Both sexes","37 years","Sligo","Number","938"
"Population","2022","Both sexes","37 years","Tipperary","Number","2159"
"Population","2022","Both sexes","37 years","Waterford City and County","Number","1712"
"Population","2022","Both sexes","37 years","Westmeath","Number","1438"
"Population","2022","Both sexes","37 years","Wicklow","Number","2267"
"Population","2022","Both sexes","37 years","Wexford","Number","2177"
"Population","2022","Both sexes","38 years","State","Number","78415"
"Population","2022","Both sexes","38 years","Cork City and Cork County","Number","8649"
"Population","2022","Both sexes","38 years","Clare","Number","1818"
"Population","2022","Both sexes","38 years","Cavan","Number","1267"
"Population","2022","Both sexes","38 years","Carlow","Number","948"
"Population","2022","Both sexes","38 years","Dublin City","Number","10136"
"Population","2022","Both sexes","38 years","Donegal","Number","2155"
"Population","2022","Both sexes","38 years","Dún Laoghaire-Rathdown","Number","3445"
"Population","2022","Both sexes","38 years","Fingal","Number","5608"
"Population","2022","Both sexes","38 years","Galway City","Number","1331"
"Population","2022","Both sexes","38 years","Galway County","Number","2751"
"Population","2022","Both sexes","38 years","Kildare","Number","4003"
"Population","2022","Both sexes","38 years","Kilkenny","Number","1486"
"Population","2022","Both sexes","38 years","Kerry","Number","2253"
"Population","2022","Both sexes","38 years","Longford","Number","711"
"Population","2022","Both sexes","38 years","Louth","Number","2091"
"Population","2022","Both sexes","38 years","Limerick City and County","Number","3115"
"Population","2022","Both sexes","38 years","Leitrim","Number","483"
"Population","2022","Both sexes","38 years","Laois","Number","1538"
"Population","2022","Both sexes","38 years","Meath","Number","3457"
"Population","2022","Both sexes","38 years","Monaghan","Number","956"
"Population","2022","Both sexes","38 years","Mayo","Number","1855"
"Population","2022","Both sexes","38 years","Offaly","Number","1175"
"Population","2022","Both sexes","38 years","Roscommon","Number","1005"
"Population","2022","Both sexes","38 years","South Dublin","Number","4929"
"Population","2022","Both sexes","38 years","Sligo","Number","1016"
"Population","2022","Both sexes","38 years","Tipperary","Number","2318"
"Population","2022","Both sexes","38 years","Waterford City and County","Number","1805"
"Population","2022","Both sexes","38 years","Westmeath","Number","1451"
"Population","2022","Both sexes","38 years","Wicklow","Number","2354"
"Population","2022","Both sexes","38 years","Wexford","Number","2306"
"Population","2022","Both sexes","39 years","State","Number","81341"
"Population","2022","Both sexes","39 years","Cork City and Cork County","Number","9217"
"Population","2022","Both sexes","39 years","Clare","Number","1774"
"Population","2022","Both sexes","39 years","Cavan","Number","1297"
"Population","2022","Both sexes","39 years","Carlow","Number","1006"
"Population","2022","Both sexes","39 years","Dublin City","Number","9898"
"Population","2022","Both sexes","39 years","Donegal","Number","2358"
"Population","2022","Both sexes","39 years","Dún Laoghaire-Rathdown","Number","3545"
"Population","2022","Both sexes","39 years","Fingal","Number","5927"
"Population","2022","Both sexes","39 years","Galway City","Number","1391"
"Population","2022","Both sexes","39 years","Galway County","Number","2941"
"Population","2022","Both sexes","39 years","Kildare","Number","4331"
"Population","2022","Both sexes","39 years","Kilkenny","Number","1588"
"Population","2022","Both sexes","39 years","Kerry","Number","2251"
"Population","2022","Both sexes","39 years","Longford","Number","725"
"Population","2022","Both sexes","39 years","Louth","Number","2093"
"Population","2022","Both sexes","39 years","Limerick City and County","Number","3230"
"Population","2022","Both sexes","39 years","Leitrim","Number","495"
"Population","2022","Both sexes","39 years","Laois","Number","1601"
"Population","2022","Both sexes","39 years","Meath","Number","3610"
"Population","2022","Both sexes","39 years","Monaghan","Number","1043"
"Population","2022","Both sexes","39 years","Mayo","Number","1992"
"Population","2022","Both sexes","39 years","Offaly","Number","1249"
"Population","2022","Both sexes","39 years","Roscommon","Number","979"
"Population","2022","Both sexes","39 years","South Dublin","Number","5217"
"Population","2022","Both sexes","39 years","Sligo","Number","1023"
"Population","2022","Both sexes","39 years","Tipperary","Number","2436"
"Population","2022","Both sexes","39 years","Waterford City and County","Number","1828"
"Population","2022","Both sexes","39 years","Westmeath","Number","1515"
"Population","2022","Both sexes","39 years","Wicklow","Number","2473"
"Population","2022","Both sexes","39 years","Wexford","Number","2308"
"Population","2022","Both sexes","40 years","State","Number","83444"
"Population","2022","Both sexes","40 years","Cork City and Cork County","Number","9431"
"Population","2022","Both sexes","40 years","Clare","Number","1906"
"Population","2022","Both sexes","40 years","Cavan","Number","1263"
"Population","2022","Both sexes","40 years","Carlow","Number","981"
"Population","2022","Both sexes","40 years","Dublin City","Number","9770"
"Population","2022","Both sexes","40 years","Donegal","Number","2442"
"Population","2022","Both sexes","40 years","Dún Laoghaire-Rathdown","Number","3646"
"Population","2022","Both sexes","40 years","Fingal","Number","6104"
"Population","2022","Both sexes","40 years","Galway City","Number","1394"
"Population","2022","Both sexes","40 years","Galway County","Number","3095"
"Population","2022","Both sexes","40 years","Kildare","Number","4366"
"Population","2022","Both sexes","40 years","Kilkenny","Number","1586"
"Population","2022","Both sexes","40 years","Kerry","Number","2351"
"Population","2022","Both sexes","40 years","Longford","Number","805"
"Population","2022","Both sexes","40 years","Louth","Number","2289"
"Population","2022","Both sexes","40 years","Limerick City and County","Number","3294"
"Population","2022","Both sexes","40 years","Leitrim","Number","516"
"Population","2022","Both sexes","40 years","Laois","Number","1561"
"Population","2022","Both sexes","40 years","Meath","Number","3714"
"Population","2022","Both sexes","40 years","Monaghan","Number","995"
"Population","2022","Both sexes","40 years","Mayo","Number","2069"
"Population","2022","Both sexes","40 years","Offaly","Number","1397"
"Population","2022","Both sexes","40 years","Roscommon","Number","1045"
"Population","2022","Both sexes","40 years","South Dublin","Number","5397"
"Population","2022","Both sexes","40 years","Sligo","Number","1029"
"Population","2022","Both sexes","40 years","Tipperary","Number","2523"
"Population","2022","Both sexes","40 years","Waterford City and County","Number","1876"
"Population","2022","Both sexes","40 years","Westmeath","Number","1504"
"Population","2022","Both sexes","40 years","Wicklow","Number","2576"
"Population","2022","Both sexes","40 years","Wexford","Number","2519"
"Population","2022","Both sexes","41 years","State","Number","85097"
"Population","2022","Both sexes","41 years","Cork City and Cork County","Number","9552"
"Population","2022","Both sexes","41 years","Clare","Number","1983"
"Population","2022","Both sexes","41 years","Cavan","Number","1332"
"Population","2022","Both sexes","41 years","Carlow","Number","1024"
"Population","2022","Both sexes","41 years","Dublin City","Number","9839"
"Population","2022","Both sexes","41 years","Donegal","Number","2487"
"Population","2022","Both sexes","41 years","Dún Laoghaire-Rathdown","Number","3739"
"Population","2022","Both sexes","41 years","Fingal","Number","6243"
"Population","2022","Both sexes","41 years","Galway City","Number","1379"
"Population","2022","Both sexes","41 years","Galway County","Number","3183"
"Population","2022","Both sexes","41 years","Kildare","Number","4450"
"Population","2022","Both sexes","41 years","Kilkenny","Number","1670"
"Population","2022","Both sexes","41 years","Kerry","Number","2393"
"Population","2022","Both sexes","41 years","Longford","Number","777"
"Population","2022","Both sexes","41 years","Louth","Number","2310"
"Population","2022","Both sexes","41 years","Limerick City and County","Number","3345"
"Population","2022","Both sexes","41 years","Leitrim","Number","540"
"Population","2022","Both sexes","41 years","Laois","Number","1629"
"Population","2022","Both sexes","41 years","Meath","Number","3818"
"Population","2022","Both sexes","41 years","Monaghan","Number","1072"
"Population","2022","Both sexes","41 years","Mayo","Number","2069"
"Population","2022","Both sexes","41 years","Offaly","Number","1318"
"Population","2022","Both sexes","41 years","Roscommon","Number","1100"
"Population","2022","Both sexes","41 years","South Dublin","Number","5402"
"Population","2022","Both sexes","41 years","Sligo","Number","1055"
"Population","2022","Both sexes","41 years","Tipperary","Number","2580"
"Population","2022","Both sexes","41 years","Waterford City and County","Number","1999"
"Population","2022","Both sexes","41 years","Westmeath","Number","1561"
"Population","2022","Both sexes","41 years","Wicklow","Number","2635"
"Population","2022","Both sexes","41 years","Wexford","Number","2613"
"Population","2022","Both sexes","42 years","State","Number","84981"
"Population","2022","Both sexes","42 years","Cork City and Cork County","Number","9551"
"Population","2022","Both sexes","42 years","Clare","Number","2029"
"Population","2022","Both sexes","42 years","Cavan","Number","1280"
"Population","2022","Both sexes","42 years","Carlow","Number","1045"
"Population","2022","Both sexes","42 years","Dublin City","Number","9325"
"Population","2022","Both sexes","42 years","Donegal","Number","2512"
"Population","2022","Both sexes","42 years","Dún Laoghaire-Rathdown","Number","3690"
"Population","2022","Both sexes","42 years","Fingal","Number","6350"
"Population","2022","Both sexes","42 years","Galway City","Number","1415"
"Population","2022","Both sexes","42 years","Galway County","Number","3155"
"Population","2022","Both sexes","42 years","Kildare","Number","4410"
"Population","2022","Both sexes","42 years","Kilkenny","Number","1615"
"Population","2022","Both sexes","42 years","Kerry","Number","2507"
"Population","2022","Both sexes","42 years","Longford","Number","822"
"Population","2022","Both sexes","42 years","Louth","Number","2322"
"Population","2022","Both sexes","42 years","Limerick City and County","Number","3288"
"Population","2022","Both sexes","42 years","Leitrim","Number","538"
"Population","2022","Both sexes","42 years","Laois","Number","1635"
"Population","2022","Both sexes","42 years","Meath","Number","3899"
"Population","2022","Both sexes","42 years","Monaghan","Number","976"
"Population","2022","Both sexes","42 years","Mayo","Number","2021"
"Population","2022","Both sexes","42 years","Offaly","Number","1333"
"Population","2022","Both sexes","42 years","Roscommon","Number","1079"
"Population","2022","Both sexes","42 years","South Dublin","Number","5428"
"Population","2022","Both sexes","42 years","Sligo","Number","1089"
"Population","2022","Both sexes","42 years","Tipperary","Number","2581"
"Population","2022","Both sexes","42 years","Waterford City and County","Number","2094"
"Population","2022","Both sexes","42 years","Westmeath","Number","1539"
"Population","2022","Both sexes","42 years","Wicklow","Number","2744"
"Population","2022","Both sexes","42 years","Wexford","Number","2709"
"Population","2022","Both sexes","43 years","State","Number","80683"
"Population","2022","Both sexes","43 years","Cork City and Cork County","Number","9196"
"Population","2022","Both sexes","43 years","Clare","Number","1881"
"Population","2022","Both sexes","43 years","Cavan","Number","1243"
"Population","2022","Both sexes","43 years","Carlow","Number","950"
"Population","2022","Both sexes","43 years","Dublin City","Number","8851"
"Population","2022","Both sexes","43 years","Donegal","Number","2427"
"Population","2022","Both sexes","43 years","Dún Laoghaire-Rathdown","Number","3477"
"Population","2022","Both sexes","43 years","Fingal","Number","6013"
"Population","2022","Both sexes","43 years","Galway City","Number","1266"
"Population","2022","Both sexes","43 years","Galway County","Number","3028"
"Population","2022","Both sexes","43 years","Kildare","Number","4235"
"Population","2022","Both sexes","43 years","Kilkenny","Number","1612"
"Population","2022","Both sexes","43 years","Kerry","Number","2387"
"Population","2022","Both sexes","43 years","Longford","Number","744"
"Population","2022","Both sexes","43 years","Louth","Number","2096"
"Population","2022","Both sexes","43 years","Limerick City and County","Number","3152"
"Population","2022","Both sexes","43 years","Leitrim","Number","526"
"Population","2022","Both sexes","43 years","Laois","Number","1460"
"Population","2022","Both sexes","43 years","Meath","Number","3773"
"Population","2022","Both sexes","43 years","Monaghan","Number","985"
"Population","2022","Both sexes","43 years","Mayo","Number","1919"
"Population","2022","Both sexes","43 years","Offaly","Number","1236"
"Population","2022","Both sexes","43 years","Roscommon","Number","1007"
"Population","2022","Both sexes","43 years","South Dublin","Number","5275"
"Population","2022","Both sexes","43 years","Sligo","Number","1039"
"Population","2022","Both sexes","43 years","Tipperary","Number","2485"
"Population","2022","Both sexes","43 years","Waterford City and County","Number","1983"
"Population","2022","Both sexes","43 years","Westmeath","Number","1462"
"Population","2022","Both sexes","43 years","Wicklow","Number","2530"
"Population","2022","Both sexes","43 years","Wexford","Number","2445"
"Population","2022","Both sexes","44 years","State","Number","77319"
"Population","2022","Both sexes","44 years","Cork City and Cork County","Number","8770"
"Population","2022","Both sexes","44 years","Clare","Number","1871"
"Population","2022","Both sexes","44 years","Cavan","Number","1216"
"Population","2022","Both sexes","44 years","Carlow","Number","907"
"Population","2022","Both sexes","44 years","Dublin City","Number","8370"
"Population","2022","Both sexes","44 years","Donegal","Number","2426"
"Population","2022","Both sexes","44 years","Dún Laoghaire-Rathdown","Number","3246"
"Population","2022","Both sexes","44 years","Fingal","Number","5683"
"Population","2022","Both sexes","44 years","Galway City","Number","1213"
"Population","2022","Both sexes","44 years","Galway County","Number","3027"
"Population","2022","Both sexes","44 years","Kildare","Number","3988"
"Population","2022","Both sexes","44 years","Kilkenny","Number","1597"
"Population","2022","Both sexes","44 years","Kerry","Number","2349"
"Population","2022","Both sexes","44 years","Longford","Number","674"
"Population","2022","Both sexes","44 years","Louth","Number","2109"
"Population","2022","Both sexes","44 years","Limerick City and County","Number","3054"
"Population","2022","Both sexes","44 years","Leitrim","Number","518"
"Population","2022","Both sexes","44 years","Laois","Number","1467"
"Population","2022","Both sexes","44 years","Meath","Number","3614"
"Population","2022","Both sexes","44 years","Monaghan","Number","938"
"Population","2022","Both sexes","44 years","Mayo","Number","1911"
"Population","2022","Both sexes","44 years","Offaly","Number","1240"
"Population","2022","Both sexes","44 years","Roscommon","Number","981"
"Population","2022","Both sexes","44 years","South Dublin","Number","4623"
"Population","2022","Both sexes","44 years","Sligo","Number","981"
"Population","2022","Both sexes","44 years","Tipperary","Number","2382"
"Population","2022","Both sexes","44 years","Waterford City and County","Number","1940"
"Population","2022","Both sexes","44 years","Westmeath","Number","1394"
"Population","2022","Both sexes","44 years","Wicklow","Number","2515"
"Population","2022","Both sexes","44 years","Wexford","Number","2315"
"Population","2022","Both sexes","45 years","State","Number","76216"
"Population","2022","Both sexes","45 years","Cork City and Cork County","Number","8797"
"Population","2022","Both sexes","45 years","Clare","Number","1876"
"Population","2022","Both sexes","45 years","Cavan","Number","1125"
"Population","2022","Both sexes","45 years","Carlow","Number","945"
"Population","2022","Both sexes","45 years","Dublin City","Number","7914"
"Population","2022","Both sexes","45 years","Donegal","Number","2428"
"Population","2022","Both sexes","45 years","Dún Laoghaire-Rathdown","Number","3052"
"Population","2022","Both sexes","45 years","Fingal","Number","5650"
"Population","2022","Both sexes","45 years","Galway City","Number","1215"
"Population","2022","Both sexes","45 years","Galway County","Number","3038"
"Population","2022","Both sexes","45 years","Kildare","Number","3966"
"Population","2022","Both sexes","45 years","Kilkenny","Number","1551"
"Population","2022","Both sexes","45 years","Kerry","Number","2264"
"Population","2022","Both sexes","45 years","Longford","Number","756"
"Population","2022","Both sexes","45 years","Louth","Number","2031"
"Population","2022","Both sexes","45 years","Limerick City and County","Number","3059"
"Population","2022","Both sexes","45 years","Leitrim","Number","506"
"Population","2022","Both sexes","45 years","Laois","Number","1422"
"Population","2022","Both sexes","45 years","Meath","Number","3524"
"Population","2022","Both sexes","45 years","Monaghan","Number","969"
"Population","2022","Both sexes","45 years","Mayo","Number","1877"
"Population","2022","Both sexes","45 years","Offaly","Number","1219"
"Population","2022","Both sexes","45 years","Roscommon","Number","951"
"Population","2022","Both sexes","45 years","South Dublin","Number","4504"
"Population","2022","Both sexes","45 years","Sligo","Number","1000"
"Population","2022","Both sexes","45 years","Tipperary","Number","2443"
"Population","2022","Both sexes","45 years","Waterford City and County","Number","1919"
"Population","2022","Both sexes","45 years","Westmeath","Number","1377"
"Population","2022","Both sexes","45 years","Wicklow","Number","2417"
"Population","2022","Both sexes","45 years","Wexford","Number","2421"
"Population","2022","Both sexes","46 years","State","Number","75416"
"Population","2022","Both sexes","46 years","Cork City and Cork County","Number","8659"
"Population","2022","Both sexes","46 years","Clare","Number","1952"
"Population","2022","Both sexes","46 years","Cavan","Number","1152"
"Population","2022","Both sexes","46 years","Carlow","Number","949"
"Population","2022","Both sexes","46 years","Dublin City","Number","7704"
"Population","2022","Both sexes","46 years","Donegal","Number","2428"
"Population","2022","Both sexes","46 years","Dún Laoghaire-Rathdown","Number","3152"
"Population","2022","Both sexes","46 years","Fingal","Number","5452"
"Population","2022","Both sexes","46 years","Galway City","Number","1210"
"Population","2022","Both sexes","46 years","Galway County","Number","2958"
"Population","2022","Both sexes","46 years","Kildare","Number","3946"
"Population","2022","Both sexes","46 years","Kilkenny","Number","1620"
"Population","2022","Both sexes","46 years","Kerry","Number","2273"
"Population","2022","Both sexes","46 years","Longford","Number","667"
"Population","2022","Both sexes","46 years","Louth","Number","2117"
"Population","2022","Both sexes","46 years","Limerick City and County","Number","3023"
"Population","2022","Both sexes","46 years","Leitrim","Number","490"
"Population","2022","Both sexes","46 years","Laois","Number","1376"
"Population","2022","Both sexes","46 years","Meath","Number","3594"
"Population","2022","Both sexes","46 years","Monaghan","Number","935"
"Population","2022","Both sexes","46 years","Mayo","Number","1950"
"Population","2022","Both sexes","46 years","Offaly","Number","1241"
"Population","2022","Both sexes","46 years","Roscommon","Number","1000"
"Population","2022","Both sexes","46 years","South Dublin","Number","4446"
"Population","2022","Both sexes","46 years","Sligo","Number","975"
"Population","2022","Both sexes","46 years","Tipperary","Number","2346"
"Population","2022","Both sexes","46 years","Waterford City and County","Number","1799"
"Population","2022","Both sexes","46 years","Westmeath","Number","1305"
"Population","2022","Both sexes","46 years","Wicklow","Number","2408"
"Population","2022","Both sexes","46 years","Wexford","Number","2289"
"Population","2022","Both sexes","47 years","State","Number","74524"
"Population","2022","Both sexes","47 years","Cork City and Cork County","Number","8620"
"Population","2022","Both sexes","47 years","Clare","Number","1795"
"Population","2022","Both sexes","47 years","Cavan","Number","1158"
"Population","2022","Both sexes","47 years","Carlow","Number","871"
"Population","2022","Both sexes","47 years","Dublin City","Number","7408"
"Population","2022","Both sexes","47 years","Donegal","Number","2322"
"Population","2022","Both sexes","47 years","Dún Laoghaire-Rathdown","Number","3137"
"Population","2022","Both sexes","47 years","Fingal","Number","5484"
"Population","2022","Both sexes","47 years","Galway City","Number","1141"
"Population","2022","Both sexes","47 years","Galway County","Number","2896"
"Population","2022","Both sexes","47 years","Kildare","Number","3857"
"Population","2022","Both sexes","47 years","Kilkenny","Number","1540"
"Population","2022","Both sexes","47 years","Kerry","Number","2296"
"Population","2022","Both sexes","47 years","Longford","Number","681"
"Population","2022","Both sexes","47 years","Louth","Number","2031"
"Population","2022","Both sexes","47 years","Limerick City and County","Number","2973"
"Population","2022","Both sexes","47 years","Leitrim","Number","493"
"Population","2022","Both sexes","47 years","Laois","Number","1339"
"Population","2022","Both sexes","47 years","Meath","Number","3564"
"Population","2022","Both sexes","47 years","Monaghan","Number","942"
"Population","2022","Both sexes","47 years","Mayo","Number","1864"
"Population","2022","Both sexes","47 years","Offaly","Number","1224"
"Population","2022","Both sexes","47 years","Roscommon","Number","1031"
"Population","2022","Both sexes","47 years","South Dublin","Number","4247"
"Population","2022","Both sexes","47 years","Sligo","Number","1023"
"Population","2022","Both sexes","47 years","Tipperary","Number","2500"
"Population","2022","Both sexes","47 years","Waterford City and County","Number","1830"
"Population","2022","Both sexes","47 years","Westmeath","Number","1454"
"Population","2022","Both sexes","47 years","Wicklow","Number","2458"
"Population","2022","Both sexes","47 years","Wexford","Number","2345"
"Population","2022","Both sexes","48 years","State","Number","73617"
"Population","2022","Both sexes","48 years","Cork City and Cork County","Number","8387"
"Population","2022","Both sexes","48 years","Clare","Number","1920"
"Population","2022","Both sexes","48 years","Cavan","Number","1161"
"Population","2022","Both sexes","48 years","Carlow","Number","841"
"Population","2022","Both sexes","48 years","Dublin City","Number","7478"
"Population","2022","Both sexes","48 years","Donegal","Number","2354"
"Population","2022","Both sexes","48 years","Dún Laoghaire-Rathdown","Number","3184"
"Population","2022","Both sexes","48 years","Fingal","Number","5310"
"Population","2022","Both sexes","48 years","Galway City","Number","1038"
"Population","2022","Both sexes","48 years","Galway County","Number","2948"
"Population","2022","Both sexes","48 years","Kildare","Number","3879"
"Population","2022","Both sexes","48 years","Kilkenny","Number","1561"
"Population","2022","Both sexes","48 years","Kerry","Number","2228"
"Population","2022","Both sexes","48 years","Longford","Number","626"
"Population","2022","Both sexes","48 years","Louth","Number","2062"
"Population","2022","Both sexes","48 years","Limerick City and County","Number","2898"
"Population","2022","Both sexes","48 years","Leitrim","Number","499"
"Population","2022","Both sexes","48 years","Laois","Number","1368"
"Population","2022","Both sexes","48 years","Meath","Number","3426"
"Population","2022","Both sexes","48 years","Monaghan","Number","892"
"Population","2022","Both sexes","48 years","Mayo","Number","1863"
"Population","2022","Both sexes","48 years","Offaly","Number","1204"
"Population","2022","Both sexes","48 years","Roscommon","Number","992"
"Population","2022","Both sexes","48 years","South Dublin","Number","4243"
"Population","2022","Both sexes","48 years","Sligo","Number","945"
"Population","2022","Both sexes","48 years","Tipperary","Number","2392"
"Population","2022","Both sexes","48 years","Waterford City and County","Number","1798"
"Population","2022","Both sexes","48 years","Westmeath","Number","1392"
"Population","2022","Both sexes","48 years","Wicklow","Number","2415"
"Population","2022","Both sexes","48 years","Wexford","Number","2313"
"Population","2022","Both sexes","49 years","State","Number","73731"
"Population","2022","Both sexes","49 years","Cork City and Cork County","Number","8302"
"Population","2022","Both sexes","49 years","Clare","Number","1923"
"Population","2022","Both sexes","49 years","Cavan","Number","1093"
"Population","2022","Both sexes","49 years","Carlow","Number","946"
"Population","2022","Both sexes","49 years","Dublin City","Number","7404"
"Population","2022","Both sexes","49 years","Donegal","Number","2397"
"Population","2022","Both sexes","49 years","Dún Laoghaire-Rathdown","Number","3159"
"Population","2022","Both sexes","49 years","Fingal","Number","5147"
"Population","2022","Both sexes","49 years","Galway City","Number","1018"
"Population","2022","Both sexes","49 years","Galway County","Number","2967"
"Population","2022","Both sexes","49 years","Kildare","Number","3914"
"Population","2022","Both sexes","49 years","Kilkenny","Number","1614"
"Population","2022","Both sexes","49 years","Kerry","Number","2284"
"Population","2022","Both sexes","49 years","Longford","Number","688"
"Population","2022","Both sexes","49 years","Louth","Number","2084"
"Population","2022","Both sexes","49 years","Limerick City and County","Number","2923"
"Population","2022","Both sexes","49 years","Leitrim","Number","492"
"Population","2022","Both sexes","49 years","Laois","Number","1319"
"Population","2022","Both sexes","49 years","Meath","Number","3450"
"Population","2022","Both sexes","49 years","Monaghan","Number","911"
"Population","2022","Both sexes","49 years","Mayo","Number","1885"
"Population","2022","Both sexes","49 years","Offaly","Number","1184"
"Population","2022","Both sexes","49 years","Roscommon","Number","957"
"Population","2022","Both sexes","49 years","South Dublin","Number","4193"
"Population","2022","Both sexes","49 years","Sligo","Number","981"
"Population","2022","Both sexes","49 years","Tipperary","Number","2505"
"Population","2022","Both sexes","49 years","Waterford City and County","Number","1826"
"Population","2022","Both sexes","49 years","Westmeath","Number","1341"
"Population","2022","Both sexes","49 years","Wicklow","Number","2411"
"Population","2022","Both sexes","49 years","Wexford","Number","2413"
"Population","2022","Both sexes","50 years","State","Number","72249"
"Population","2022","Both sexes","50 years","Cork City and Cork County","Number","8257"
"Population","2022","Both sexes","50 years","Clare","Number","1979"
"Population","2022","Both sexes","50 years","Cavan","Number","1160"
"Population","2022","Both sexes","50 years","Carlow","Number","897"
"Population","2022","Both sexes","50 years","Dublin City","Number","7474"
"Population","2022","Both sexes","50 years","Donegal","Number","2389"
"Population","2022","Both sexes","50 years","Dún Laoghaire-Rathdown","Number","3101"
"Population","2022","Both sexes","50 years","Fingal","Number","4904"
"Population","2022","Both sexes","50 years","Galway City","Number","975"
"Population","2022","Both sexes","50 years","Galway County","Number","2826"
"Population","2022","Both sexes","50 years","Kildare","Number","3778"
"Population","2022","Both sexes","50 years","Kilkenny","Number","1503"
"Population","2022","Both sexes","50 years","Kerry","Number","2261"
"Population","2022","Both sexes","50 years","Longford","Number","621"
"Population","2022","Both sexes","50 years","Louth","Number","2093"
"Population","2022","Both sexes","50 years","Limerick City and County","Number","2867"
"Population","2022","Both sexes","50 years","Leitrim","Number","504"
"Population","2022","Both sexes","50 years","Laois","Number","1339"
"Population","2022","Both sexes","50 years","Meath","Number","3410"
"Population","2022","Both sexes","50 years","Monaghan","Number","879"
"Population","2022","Both sexes","50 years","Mayo","Number","1893"
"Population","2022","Both sexes","50 years","Offaly","Number","1183"
"Population","2022","Both sexes","50 years","Roscommon","Number","990"
"Population","2022","Both sexes","50 years","South Dublin","Number","3895"
"Population","2022","Both sexes","50 years","Sligo","Number","911"
"Population","2022","Both sexes","50 years","Tipperary","Number","2305"
"Population","2022","Both sexes","50 years","Waterford City and County","Number","1754"
"Population","2022","Both sexes","50 years","Westmeath","Number","1329"
"Population","2022","Both sexes","50 years","Wicklow","Number","2335"
"Population","2022","Both sexes","50 years","Wexford","Number","2437"
"Population","2022","Both sexes","51 years","State","Number","69951"
"Population","2022","Both sexes","51 years","Cork City and Cork County","Number","8026"
"Population","2022","Both sexes","51 years","Clare","Number","1827"
"Population","2022","Both sexes","51 years","Cavan","Number","1117"
"Population","2022","Both sexes","51 years","Carlow","Number","815"
"Population","2022","Both sexes","51 years","Dublin City","Number","7151"
"Population","2022","Both sexes","51 years","Donegal","Number","2301"
"Population","2022","Both sexes","51 years","Dún Laoghaire-Rathdown","Number","2983"
"Population","2022","Both sexes","51 years","Fingal","Number","4566"
"Population","2022","Both sexes","51 years","Galway City","Number","997"
"Population","2022","Both sexes","51 years","Galway County","Number","2845"
"Population","2022","Both sexes","51 years","Kildare","Number","3539"
"Population","2022","Both sexes","51 years","Kilkenny","Number","1432"
"Population","2022","Both sexes","51 years","Kerry","Number","2195"
"Population","2022","Both sexes","51 years","Longford","Number","658"
"Population","2022","Both sexes","51 years","Louth","Number","2028"
"Population","2022","Both sexes","51 years","Limerick City and County","Number","2803"
"Population","2022","Both sexes","51 years","Leitrim","Number","485"
"Population","2022","Both sexes","51 years","Laois","Number","1294"
"Population","2022","Both sexes","51 years","Meath","Number","3182"
"Population","2022","Both sexes","51 years","Monaghan","Number","832"
"Population","2022","Both sexes","51 years","Mayo","Number","1888"
"Population","2022","Both sexes","51 years","Offaly","Number","1130"
"Population","2022","Both sexes","51 years","Roscommon","Number","956"
"Population","2022","Both sexes","51 years","South Dublin","Number","3834"
"Population","2022","Both sexes","51 years","Sligo","Number","935"
"Population","2022","Both sexes","51 years","Tipperary","Number","2351"
"Population","2022","Both sexes","51 years","Waterford City and County","Number","1776"
"Population","2022","Both sexes","51 years","Westmeath","Number","1321"
"Population","2022","Both sexes","51 years","Wicklow","Number","2342"
"Population","2022","Both sexes","51 years","Wexford","Number","2342"
"Population","2022","Both sexes","52 years","State","Number","68770"
"Population","2022","Both sexes","52 years","Cork City and Cork County","Number","7803"
"Population","2022","Both sexes","52 years","Clare","Number","1895"
"Population","2022","Both sexes","52 years","Cavan","Number","1110"
"Population","2022","Both sexes","52 years","Carlow","Number","823"
"Population","2022","Both sexes","52 years","Dublin City","Number","7116"
"Population","2022","Both sexes","52 years","Donegal","Number","2352"
"Population","2022","Both sexes","52 years","Dún Laoghaire-Rathdown","Number","2933"
"Population","2022","Both sexes","52 years","Fingal","Number","4300"
"Population","2022","Both sexes","52 years","Galway City","Number","918"
"Population","2022","Both sexes","52 years","Galway County","Number","2729"
"Population","2022","Both sexes","52 years","Kildare","Number","3425"
"Population","2022","Both sexes","52 years","Kilkenny","Number","1409"
"Population","2022","Both sexes","52 years","Kerry","Number","2306"
"Population","2022","Both sexes","52 years","Longford","Number","624"
"Population","2022","Both sexes","52 years","Louth","Number","1965"
"Population","2022","Both sexes","52 years","Limerick City and County","Number","2795"
"Population","2022","Both sexes","52 years","Leitrim","Number","506"
"Population","2022","Both sexes","52 years","Laois","Number","1268"
"Population","2022","Both sexes","52 years","Meath","Number","3104"
"Population","2022","Both sexes","52 years","Monaghan","Number","856"
"Population","2022","Both sexes","52 years","Mayo","Number","1921"
"Population","2022","Both sexes","52 years","Offaly","Number","1100"
"Population","2022","Both sexes","52 years","Roscommon","Number","991"
"Population","2022","Both sexes","52 years","South Dublin","Number","3698"
"Population","2022","Both sexes","52 years","Sligo","Number","942"
"Population","2022","Both sexes","52 years","Tipperary","Number","2277"
"Population","2022","Both sexes","52 years","Waterford City and County","Number","1707"
"Population","2022","Both sexes","52 years","Westmeath","Number","1308"
"Population","2022","Both sexes","52 years","Wicklow","Number","2254"
"Population","2022","Both sexes","52 years","Wexford","Number","2335"
"Population","2022","Both sexes","53 years","State","Number","64815"
"Population","2022","Both sexes","53 years","Cork City and Cork County","Number","7358"
"Population","2022","Both sexes","53 years","Clare","Number","1743"
"Population","2022","Both sexes","53 years","Cavan","Number","1044"
"Population","2022","Both sexes","53 years","Carlow","Number","785"
"Population","2022","Both sexes","53 years","Dublin City","Number","6622"
"Population","2022","Both sexes","53 years","Donegal","Number","2284"
"Population","2022","Both sexes","53 years","Dún Laoghaire-Rathdown","Number","2826"
"Population","2022","Both sexes","53 years","Fingal","Number","4029"
"Population","2022","Both sexes","53 years","Galway City","Number","903"
"Population","2022","Both sexes","53 years","Galway County","Number","2592"
"Population","2022","Both sexes","53 years","Kildare","Number","3217"
"Population","2022","Both sexes","53 years","Kilkenny","Number","1419"
"Population","2022","Both sexes","53 years","Kerry","Number","2167"
"Population","2022","Both sexes","53 years","Longford","Number","600"
"Population","2022","Both sexes","53 years","Louth","Number","1878"
"Population","2022","Both sexes","53 years","Limerick City and County","Number","2491"
"Population","2022","Both sexes","53 years","Leitrim","Number","477"
"Population","2022","Both sexes","53 years","Laois","Number","1162"
"Population","2022","Both sexes","53 years","Meath","Number","2879"
"Population","2022","Both sexes","53 years","Monaghan","Number","817"
"Population","2022","Both sexes","53 years","Mayo","Number","1848"
"Population","2022","Both sexes","53 years","Offaly","Number","1067"
"Population","2022","Both sexes","53 years","Roscommon","Number","909"
"Population","2022","Both sexes","53 years","South Dublin","Number","3463"
"Population","2022","Both sexes","53 years","Sligo","Number","862"
"Population","2022","Both sexes","53 years","Tipperary","Number","2200"
"Population","2022","Both sexes","53 years","Waterford City and County","Number","1696"
"Population","2022","Both sexes","53 years","Westmeath","Number","1272"
"Population","2022","Both sexes","53 years","Wicklow","Number","2020"
"Population","2022","Both sexes","53 years","Wexford","Number","2185"
"Population","2022","Both sexes","54 years","State","Number","64218"
"Population","2022","Both sexes","54 years","Cork City and Cork County","Number","7314"
"Population","2022","Both sexes","54 years","Clare","Number","1770"
"Population","2022","Both sexes","54 years","Cavan","Number","1053"
"Population","2022","Both sexes","54 years","Carlow","Number","805"
"Population","2022","Both sexes","54 years","Dublin City","Number","6752"
"Population","2022","Both sexes","54 years","Donegal","Number","2309"
"Population","2022","Both sexes","54 years","Dún Laoghaire-Rathdown","Number","2788"
"Population","2022","Both sexes","54 years","Fingal","Number","3818"
"Population","2022","Both sexes","54 years","Galway City","Number","871"
"Population","2022","Both sexes","54 years","Galway County","Number","2607"
"Population","2022","Both sexes","54 years","Kildare","Number","3132"
"Population","2022","Both sexes","54 years","Kilkenny","Number","1330"
"Population","2022","Both sexes","54 years","Kerry","Number","2105"
"Population","2022","Both sexes","54 years","Longford","Number","602"
"Population","2022","Both sexes","54 years","Louth","Number","1830"
"Population","2022","Both sexes","54 years","Limerick City and County","Number","2560"
"Population","2022","Both sexes","54 years","Leitrim","Number","490"
"Population","2022","Both sexes","54 years","Laois","Number","1145"
"Population","2022","Both sexes","54 years","Meath","Number","2846"
"Population","2022","Both sexes","54 years","Monaghan","Number","818"
"Population","2022","Both sexes","54 years","Mayo","Number","1789"
"Population","2022","Both sexes","54 years","Offaly","Number","1101"
"Population","2022","Both sexes","54 years","Roscommon","Number","886"
"Population","2022","Both sexes","54 years","South Dublin","Number","3334"
"Population","2022","Both sexes","54 years","Sligo","Number","935"
"Population","2022","Both sexes","54 years","Tipperary","Number","2253"
"Population","2022","Both sexes","54 years","Waterford City and County","Number","1611"
"Population","2022","Both sexes","54 years","Westmeath","Number","1223"
"Population","2022","Both sexes","54 years","Wicklow","Number","1976"
"Population","2022","Both sexes","54 years","Wexford","Number","2165"
"Population","2022","Both sexes","55 years","State","Number","62916"
"Population","2022","Both sexes","55 years","Cork City and Cork County","Number","7233"
"Population","2022","Both sexes","55 years","Clare","Number","1758"
"Population","2022","Both sexes","55 years","Cavan","Number","1053"
"Population","2022","Both sexes","55 years","Carlow","Number","804"
"Population","2022","Both sexes","55 years","Dublin City","Number","6208"
"Population","2022","Both sexes","55 years","Donegal","Number","2208"
"Population","2022","Both sexes","55 years","Dún Laoghaire-Rathdown","Number","2883"
"Population","2022","Both sexes","55 years","Fingal","Number","3660"
"Population","2022","Both sexes","55 years","Galway City","Number","879"
"Population","2022","Both sexes","55 years","Galway County","Number","2540"
"Population","2022","Both sexes","55 years","Kildare","Number","3042"
"Population","2022","Both sexes","55 years","Kilkenny","Number","1377"
"Population","2022","Both sexes","55 years","Kerry","Number","2052"
"Population","2022","Both sexes","55 years","Longford","Number","590"
"Population","2022","Both sexes","55 years","Louth","Number","1687"
"Population","2022","Both sexes","55 years","Limerick City and County","Number","2508"
"Population","2022","Both sexes","55 years","Leitrim","Number","475"
"Population","2022","Both sexes","55 years","Laois","Number","1153"
"Population","2022","Both sexes","55 years","Meath","Number","2690"
"Population","2022","Both sexes","55 years","Monaghan","Number","776"
"Population","2022","Both sexes","55 years","Mayo","Number","1841"
"Population","2022","Both sexes","55 years","Offaly","Number","1013"
"Population","2022","Both sexes","55 years","Roscommon","Number","965"
"Population","2022","Both sexes","55 years","South Dublin","Number","3254"
"Population","2022","Both sexes","55 years","Sligo","Number","912"
"Population","2022","Both sexes","55 years","Tipperary","Number","2248"
"Population","2022","Both sexes","55 years","Waterford City and County","Number","1686"
"Population","2022","Both sexes","55 years","Westmeath","Number","1199"
"Population","2022","Both sexes","55 years","Wicklow","Number","1994"
"Population","2022","Both sexes","55 years","Wexford","Number","2228"
"Population","2022","Both sexes","56 years","State","Number","61963"
"Population","2022","Both sexes","56 years","Cork City and Cork County","Number","7329"
"Population","2022","Both sexes","56 years","Clare","Number","1739"
"Population","2022","Both sexes","56 years","Cavan","Number","1038"
"Population","2022","Both sexes","56 years","Carlow","Number","795"
"Population","2022","Both sexes","56 years","Dublin City","Number","6376"
"Population","2022","Both sexes","56 years","Donegal","Number","2198"
"Population","2022","Both sexes","56 years","Dún Laoghaire-Rathdown","Number","2691"
"Population","2022","Both sexes","56 years","Fingal","Number","3500"
"Population","2022","Both sexes","56 years","Galway City","Number","883"
"Population","2022","Both sexes","56 years","Galway County","Number","2448"
"Population","2022","Both sexes","56 years","Kildare","Number","2987"
"Population","2022","Both sexes","56 years","Kilkenny","Number","1353"
"Population","2022","Both sexes","56 years","Kerry","Number","2138"
"Population","2022","Both sexes","56 years","Longford","Number","539"
"Population","2022","Both sexes","56 years","Louth","Number","1752"
"Population","2022","Both sexes","56 years","Limerick City and County","Number","2445"
"Population","2022","Both sexes","56 years","Leitrim","Number","457"
"Population","2022","Both sexes","56 years","Laois","Number","1093"
"Population","2022","Both sexes","56 years","Meath","Number","2619"
"Population","2022","Both sexes","56 years","Monaghan","Number","770"
"Population","2022","Both sexes","56 years","Mayo","Number","1858"
"Population","2022","Both sexes","56 years","Offaly","Number","1065"
"Population","2022","Both sexes","56 years","Roscommon","Number","913"
"Population","2022","Both sexes","56 years","South Dublin","Number","3031"
"Population","2022","Both sexes","56 years","Sligo","Number","888"
"Population","2022","Both sexes","56 years","Tipperary","Number","2183"
"Population","2022","Both sexes","56 years","Waterford City and County","Number","1649"
"Population","2022","Both sexes","56 years","Westmeath","Number","1130"
"Population","2022","Both sexes","56 years","Wicklow","Number","2002"
"Population","2022","Both sexes","56 years","Wexford","Number","2094"
"Population","2022","Both sexes","57 years","State","Number","62655"
"Population","2022","Both sexes","57 years","Cork City and Cork County","Number","7291"
"Population","2022","Both sexes","57 years","Clare","Number","1648"
"Population","2022","Both sexes","57 years","Cavan","Number","991"
"Population","2022","Both sexes","57 years","Carlow","Number","740"
"Population","2022","Both sexes","57 years","Dublin City","Number","6439"
"Population","2022","Both sexes","57 years","Donegal","Number","2226"
"Population","2022","Both sexes","57 years","Dún Laoghaire-Rathdown","Number","2795"
"Population","2022","Both sexes","57 years","Fingal","Number","3445"
"Population","2022","Both sexes","57 years","Galway City","Number","863"
"Population","2022","Both sexes","57 years","Galway County","Number","2506"
"Population","2022","Both sexes","57 years","Kildare","Number","2934"
"Population","2022","Both sexes","57 years","Kilkenny","Number","1375"
"Population","2022","Both sexes","57 years","Kerry","Number","2112"
"Population","2022","Both sexes","57 years","Longford","Number","570"
"Population","2022","Both sexes","57 years","Louth","Number","1676"
"Population","2022","Both sexes","57 years","Limerick City and County","Number","2548"
"Population","2022","Both sexes","57 years","Leitrim","Number","476"
"Population","2022","Both sexes","57 years","Laois","Number","1054"
"Population","2022","Both sexes","57 years","Meath","Number","2716"
"Population","2022","Both sexes","57 years","Monaghan","Number","798"
"Population","2022","Both sexes","57 years","Mayo","Number","1894"
"Population","2022","Both sexes","57 years","Offaly","Number","1060"
"Population","2022","Both sexes","57 years","Roscommon","Number","887"
"Population","2022","Both sexes","57 years","South Dublin","Number","3246"
"Population","2022","Both sexes","57 years","Sligo","Number","868"
"Population","2022","Both sexes","57 years","Tipperary","Number","2233"
"Population","2022","Both sexes","57 years","Waterford City and County","Number","1664"
"Population","2022","Both sexes","57 years","Westmeath","Number","1231"
"Population","2022","Both sexes","57 years","Wicklow","Number","2111"
"Population","2022","Both sexes","57 years","Wexford","Number","2258"
"Population","2022","Both sexes","58 years","State","Number","60435"
"Population","2022","Both sexes","58 years","Cork City and Cork County","Number","7092"
"Population","2022","Both sexes","58 years","Clare","Number","1689"
"Population","2022","Both sexes","58 years","Cavan","Number","964"
"Population","2022","Both sexes","58 years","Carlow","Number","724"
"Population","2022","Both sexes","58 years","Dublin City","Number","6309"
"Population","2022","Both sexes","58 years","Donegal","Number","2133"
"Population","2022","Both sexes","58 years","Dún Laoghaire-Rathdown","Number","2756"
"Population","2022","Both sexes","58 years","Fingal","Number","3305"
"Population","2022","Both sexes","58 years","Galway City","Number","767"
"Population","2022","Both sexes","58 years","Galway County","Number","2394"
"Population","2022","Both sexes","58 years","Kildare","Number","2756"
"Population","2022","Both sexes","58 years","Kilkenny","Number","1268"
"Population","2022","Both sexes","58 years","Kerry","Number","2053"
"Population","2022","Both sexes","58 years","Longford","Number","509"
"Population","2022","Both sexes","58 years","Louth","Number","1636"
"Population","2022","Both sexes","58 years","Limerick City and County","Number","2428"
"Population","2022","Both sexes","58 years","Leitrim","Number","471"
"Population","2022","Both sexes","58 years","Laois","Number","1070"
"Population","2022","Both sexes","58 years","Meath","Number","2440"
"Population","2022","Both sexes","58 years","Monaghan","Number","773"
"Population","2022","Both sexes","58 years","Mayo","Number","1849"
"Population","2022","Both sexes","58 years","Offaly","Number","1044"
"Population","2022","Both sexes","58 years","Roscommon","Number","960"
"Population","2022","Both sexes","58 years","South Dublin","Number","3089"
"Population","2022","Both sexes","58 years","Sligo","Number","944"
"Population","2022","Both sexes","58 years","Tipperary","Number","2195"
"Population","2022","Both sexes","58 years","Waterford City and County","Number","1628"
"Population","2022","Both sexes","58 years","Westmeath","Number","1153"
"Population","2022","Both sexes","58 years","Wicklow","Number","1898"
"Population","2022","Both sexes","58 years","Wexford","Number","2138"
"Population","2022","Both sexes","59 years","State","Number","59196"
"Population","2022","Both sexes","59 years","Cork City and Cork County","Number","6914"
"Population","2022","Both sexes","59 years","Clare","Number","1620"
"Population","2022","Both sexes","59 years","Cavan","Number","995"
"Population","2022","Both sexes","59 years","Carlow","Number","743"
"Population","2022","Both sexes","59 years","Dublin City","Number","6245"
"Population","2022","Both sexes","59 years","Donegal","Number","1981"
"Population","2022","Both sexes","59 years","Dún Laoghaire-Rathdown","Number","2784"
"Population","2022","Both sexes","59 years","Fingal","Number","3262"
"Population","2022","Both sexes","59 years","Galway City","Number","775"
"Population","2022","Both sexes","59 years","Galway County","Number","2308"
"Population","2022","Both sexes","59 years","Kildare","Number","2581"
"Population","2022","Both sexes","59 years","Kilkenny","Number","1310"
"Population","2022","Both sexes","59 years","Kerry","Number","2054"
"Population","2022","Both sexes","59 years","Longford","Number","535"
"Population","2022","Both sexes","59 years","Louth","Number","1582"
"Population","2022","Both sexes","59 years","Limerick City and County","Number","2399"
"Population","2022","Both sexes","59 years","Leitrim","Number","426"
"Population","2022","Both sexes","59 years","Laois","Number","967"
"Population","2022","Both sexes","59 years","Meath","Number","2346"
"Population","2022","Both sexes","59 years","Monaghan","Number","774"
"Population","2022","Both sexes","59 years","Mayo","Number","1786"
"Population","2022","Both sexes","59 years","Offaly","Number","956"
"Population","2022","Both sexes","59 years","Roscommon","Number","897"
"Population","2022","Both sexes","59 years","South Dublin","Number","3057"
"Population","2022","Both sexes","59 years","Sligo","Number","905"
"Population","2022","Both sexes","59 years","Tipperary","Number","2198"
"Population","2022","Both sexes","59 years","Waterford City and County","Number","1655"
"Population","2022","Both sexes","59 years","Westmeath","Number","1167"
"Population","2022","Both sexes","59 years","Wicklow","Number","1922"
"Population","2022","Both sexes","59 years","Wexford","Number","2052"
"Population","2022","Both sexes","60 years","State","Number","57518"
"Population","2022","Both sexes","60 years","Cork City and Cork County","Number","6690"
"Population","2022","Both sexes","60 years","Clare","Number","1540"
"Population","2022","Both sexes","60 years","Cavan","Number","946"
"Population","2022","Both sexes","60 years","Carlow","Number","673"
"Population","2022","Both sexes","60 years","Dublin City","Number","6026"
"Population","2022","Both sexes","60 years","Donegal","Number","2055"
"Population","2022","Both sexes","60 years","Dún Laoghaire-Rathdown","Number","2658"
"Population","2022","Both sexes","60 years","Fingal","Number","3093"
"Population","2022","Both sexes","60 years","Galway City","Number","760"
"Population","2022","Both sexes","60 years","Galway County","Number","2272"
"Population","2022","Both sexes","60 years","Kildare","Number","2511"
"Population","2022","Both sexes","60 years","Kilkenny","Number","1237"
"Population","2022","Both sexes","60 years","Kerry","Number","2056"
"Population","2022","Both sexes","60 years","Longford","Number","528"
"Population","2022","Both sexes","60 years","Louth","Number","1499"
"Population","2022","Both sexes","60 years","Limerick City and County","Number","2390"
"Population","2022","Both sexes","60 years","Leitrim","Number","401"
"Population","2022","Both sexes","60 years","Laois","Number","965"
"Population","2022","Both sexes","60 years","Meath","Number","2232"
"Population","2022","Both sexes","60 years","Monaghan","Number","752"
"Population","2022","Both sexes","60 years","Mayo","Number","1772"
"Population","2022","Both sexes","60 years","Offaly","Number","982"
"Population","2022","Both sexes","60 years","Roscommon","Number","893"
"Population","2022","Both sexes","60 years","South Dublin","Number","2982"
"Population","2022","Both sexes","60 years","Sligo","Number","862"
"Population","2022","Both sexes","60 years","Tipperary","Number","2053"
"Population","2022","Both sexes","60 years","Waterford City and County","Number","1579"
"Population","2022","Both sexes","60 years","Westmeath","Number","1087"
"Population","2022","Both sexes","60 years","Wicklow","Number","1974"
"Population","2022","Both sexes","60 years","Wexford","Number","2050"
"Population","2022","Both sexes","61 years","State","Number","56705"
"Population","2022","Both sexes","61 years","Cork City and Cork County","Number","6623"
"Population","2022","Both sexes","61 years","Clare","Number","1493"
"Population","2022","Both sexes","61 years","Cavan","Number","925"
"Population","2022","Both sexes","61 years","Carlow","Number","684"
"Population","2022","Both sexes","61 years","Dublin City","Number","5804"
"Population","2022","Both sexes","61 years","Donegal","Number","1941"
"Population","2022","Both sexes","61 years","Dún Laoghaire-Rathdown","Number","2534"
"Population","2022","Both sexes","61 years","Fingal","Number","3027"
"Population","2022","Both sexes","61 years","Galway City","Number","780"
"Population","2022","Both sexes","61 years","Galway County","Number","2317"
"Population","2022","Both sexes","61 years","Kildare","Number","2494"
"Population","2022","Both sexes","61 years","Kilkenny","Number","1260"
"Population","2022","Both sexes","61 years","Kerry","Number","1963"
"Population","2022","Both sexes","61 years","Longford","Number","524"
"Population","2022","Both sexes","61 years","Louth","Number","1542"
"Population","2022","Both sexes","61 years","Limerick City and County","Number","2291"
"Population","2022","Both sexes","61 years","Leitrim","Number","436"
"Population","2022","Both sexes","61 years","Laois","Number","1005"
"Population","2022","Both sexes","61 years","Meath","Number","2213"
"Population","2022","Both sexes","61 years","Monaghan","Number","767"
"Population","2022","Both sexes","61 years","Mayo","Number","1735"
"Population","2022","Both sexes","61 years","Offaly","Number","1025"
"Population","2022","Both sexes","61 years","Roscommon","Number","910"
"Population","2022","Both sexes","61 years","South Dublin","Number","2980"
"Population","2022","Both sexes","61 years","Sligo","Number","910"
"Population","2022","Both sexes","61 years","Tipperary","Number","2127"
"Population","2022","Both sexes","61 years","Waterford City and County","Number","1487"
"Population","2022","Both sexes","61 years","Westmeath","Number","1065"
"Population","2022","Both sexes","61 years","Wicklow","Number","1779"
"Population","2022","Both sexes","61 years","Wexford","Number","2064"
"Population","2022","Both sexes","62 years","State","Number","55015"
"Population","2022","Both sexes","62 years","Cork City and Cork County","Number","6328"
"Population","2022","Both sexes","62 years","Clare","Number","1492"
"Population","2022","Both sexes","62 years","Cavan","Number","918"
"Population","2022","Both sexes","62 years","Carlow","Number","713"
"Population","2022","Both sexes","62 years","Dublin City","Number","5647"
"Population","2022","Both sexes","62 years","Donegal","Number","1977"
"Population","2022","Both sexes","62 years","Dún Laoghaire-Rathdown","Number","2470"
"Population","2022","Both sexes","62 years","Fingal","Number","2939"
"Population","2022","Both sexes","62 years","Galway City","Number","739"
"Population","2022","Both sexes","62 years","Galway County","Number","2208"
"Population","2022","Both sexes","62 years","Kildare","Number","2282"
"Population","2022","Both sexes","62 years","Kilkenny","Number","1283"
"Population","2022","Both sexes","62 years","Kerry","Number","2010"
"Population","2022","Both sexes","62 years","Longford","Number","499"
"Population","2022","Both sexes","62 years","Louth","Number","1413"
"Population","2022","Both sexes","62 years","Limerick City and County","Number","2311"
"Population","2022","Both sexes","62 years","Leitrim","Number","425"
"Population","2022","Both sexes","62 years","Laois","Number","922"
"Population","2022","Both sexes","62 years","Meath","Number","2090"
"Population","2022","Both sexes","62 years","Monaghan","Number","753"
"Population","2022","Both sexes","62 years","Mayo","Number","1825"
"Population","2022","Both sexes","62 years","Offaly","Number","974"
"Population","2022","Both sexes","62 years","Roscommon","Number","848"
"Population","2022","Both sexes","62 years","South Dublin","Number","2869"
"Population","2022","Both sexes","62 years","Sligo","Number","944"
"Population","2022","Both sexes","62 years","Tipperary","Number","1945"
"Population","2022","Both sexes","62 years","Waterford City and County","Number","1495"
"Population","2022","Both sexes","62 years","Westmeath","Number","1051"
"Population","2022","Both sexes","62 years","Wicklow","Number","1709"
"Population","2022","Both sexes","62 years","Wexford","Number","1936"
"Population","2022","Both sexes","63 years","State","Number","52196"
"Population","2022","Both sexes","63 years","Cork City and Cork County","Number","6005"
"Population","2022","Both sexes","63 years","Clare","Number","1576"
"Population","2022","Both sexes","63 years","Cavan","Number","826"
"Population","2022","Both sexes","63 years","Carlow","Number","642"
"Population","2022","Both sexes","63 years","Dublin City","Number","5268"
"Population","2022","Both sexes","63 years","Donegal","Number","1908"
"Population","2022","Both sexes","63 years","Dún Laoghaire-Rathdown","Number","2369"
"Population","2022","Both sexes","63 years","Fingal","Number","2725"
"Population","2022","Both sexes","63 years","Galway City","Number","708"
"Population","2022","Both sexes","63 years","Galway County","Number","2087"
"Population","2022","Both sexes","63 years","Kildare","Number","2236"
"Population","2022","Both sexes","63 years","Kilkenny","Number","1142"
"Population","2022","Both sexes","63 years","Kerry","Number","1972"
"Population","2022","Both sexes","63 years","Longford","Number","463"
"Population","2022","Both sexes","63 years","Louth","Number","1318"
"Population","2022","Both sexes","63 years","Limerick City and County","Number","2195"
"Population","2022","Both sexes","63 years","Leitrim","Number","439"
"Population","2022","Both sexes","63 years","Laois","Number","914"
"Population","2022","Both sexes","63 years","Meath","Number","1959"
"Population","2022","Both sexes","63 years","Monaghan","Number","667"
"Population","2022","Both sexes","63 years","Mayo","Number","1762"
"Population","2022","Both sexes","63 years","Offaly","Number","875"
"Population","2022","Both sexes","63 years","Roscommon","Number","851"
"Population","2022","Both sexes","63 years","South Dublin","Number","2761"
"Population","2022","Both sexes","63 years","Sligo","Number","799"
"Population","2022","Both sexes","63 years","Tipperary","Number","1869"
"Population","2022","Both sexes","63 years","Waterford City and County","Number","1393"
"Population","2022","Both sexes","63 years","Westmeath","Number","984"
"Population","2022","Both sexes","63 years","Wicklow","Number","1636"
"Population","2022","Both sexes","63 years","Wexford","Number","1847"
"Population","2022","Both sexes","64 years","State","Number","51236"
"Population","2022","Both sexes","64 years","Cork City and Cork County","Number","5906"
"Population","2022","Both sexes","64 years","Clare","Number","1431"
"Population","2022","Both sexes","64 years","Cavan","Number","842"
"Population","2022","Both sexes","64 years","Carlow","Number","610"
"Population","2022","Both sexes","64 years","Dublin City","Number","5080"
"Population","2022","Both sexes","64 years","Donegal","Number","1819"
"Population","2022","Both sexes","64 years","Dún Laoghaire-Rathdown","Number","2304"
"Population","2022","Both sexes","64 years","Fingal","Number","2551"
"Population","2022","Both sexes","64 years","Galway City","Number","694"
"Population","2022","Both sexes","64 years","Galway County","Number","2171"
"Population","2022","Both sexes","64 years","Kildare","Number","2115"
"Population","2022","Both sexes","64 years","Kilkenny","Number","1151"
"Population","2022","Both sexes","64 years","Kerry","Number","1954"
"Population","2022","Both sexes","64 years","Longford","Number","446"
"Population","2022","Both sexes","64 years","Louth","Number","1308"
"Population","2022","Both sexes","64 years","Limerick City and County","Number","2241"
"Population","2022","Both sexes","64 years","Leitrim","Number","417"
"Population","2022","Both sexes","64 years","Laois","Number","869"
"Population","2022","Both sexes","64 years","Meath","Number","1870"
"Population","2022","Both sexes","64 years","Monaghan","Number","715"
"Population","2022","Both sexes","64 years","Mayo","Number","1808"
"Population","2022","Both sexes","64 years","Offaly","Number","811"
"Population","2022","Both sexes","64 years","Roscommon","Number","884"
"Population","2022","Both sexes","64 years","South Dublin","Number","2722"
"Population","2022","Both sexes","64 years","Sligo","Number","839"
"Population","2022","Both sexes","64 years","Tipperary","Number","1971"
"Population","2022","Both sexes","64 years","Waterford City and County","Number","1335"
"Population","2022","Both sexes","64 years","Westmeath","Number","981"
"Population","2022","Both sexes","64 years","Wicklow","Number","1602"
"Population","2022","Both sexes","64 years","Wexford","Number","1789"
"Population","2022","Both sexes","65 years","State","Number","50083"
"Population","2022","Both sexes","65 years","Cork City and Cork County","Number","5680"
"Population","2022","Both sexes","65 years","Clare","Number","1341"
"Population","2022","Both sexes","65 years","Cavan","Number","863"
"Population","2022","Both sexes","65 years","Carlow","Number","628"
"Population","2022","Both sexes","65 years","Dublin City","Number","5001"
"Population","2022","Both sexes","65 years","Donegal","Number","1826"
"Population","2022","Both sexes","65 years","Dún Laoghaire-Rathdown","Number","2259"
"Population","2022","Both sexes","65 years","Fingal","Number","2556"
"Population","2022","Both sexes","65 years","Galway City","Number","686"
"Population","2022","Both sexes","65 years","Galway County","Number","2094"
"Population","2022","Both sexes","65 years","Kildare","Number","2113"
"Population","2022","Both sexes","65 years","Kilkenny","Number","1054"
"Population","2022","Both sexes","65 years","Kerry","Number","1901"
"Population","2022","Both sexes","65 years","Longford","Number","475"
"Population","2022","Both sexes","65 years","Louth","Number","1305"
"Population","2022","Both sexes","65 years","Limerick City and County","Number","2140"
"Population","2022","Both sexes","65 years","Leitrim","Number","438"
"Population","2022","Both sexes","65 years","Laois","Number","877"
"Population","2022","Both sexes","65 years","Meath","Number","1809"
"Population","2022","Both sexes","65 years","Monaghan","Number","688"
"Population","2022","Both sexes","65 years","Mayo","Number","1709"
"Population","2022","Both sexes","65 years","Offaly","Number","870"
"Population","2022","Both sexes","65 years","Roscommon","Number","827"
"Population","2022","Both sexes","65 years","South Dublin","Number","2647"
"Population","2022","Both sexes","65 years","Sligo","Number","843"
"Population","2022","Both sexes","65 years","Tipperary","Number","1875"
"Population","2022","Both sexes","65 years","Waterford City and County","Number","1331"
"Population","2022","Both sexes","65 years","Westmeath","Number","990"
"Population","2022","Both sexes","65 years","Wicklow","Number","1512"
"Population","2022","Both sexes","65 years","Wexford","Number","1745"
"Population","2022","Both sexes","66 years","State","Number","48421"
"Population","2022","Both sexes","66 years","Cork City and Cork County","Number","5520"
"Population","2022","Both sexes","66 years","Clare","Number","1351"
"Population","2022","Both sexes","66 years","Cavan","Number","807"
"Population","2022","Both sexes","66 years","Carlow","Number","569"
"Population","2022","Both sexes","66 years","Dublin City","Number","4694"
"Population","2022","Both sexes","66 years","Donegal","Number","1775"
"Population","2022","Both sexes","66 years","Dún Laoghaire-Rathdown","Number","2193"
"Population","2022","Both sexes","66 years","Fingal","Number","2390"
"Population","2022","Both sexes","66 years","Galway City","Number","629"
"Population","2022","Both sexes","66 years","Galway County","Number","2059"
"Population","2022","Both sexes","66 years","Kildare","Number","2033"
"Population","2022","Both sexes","66 years","Kilkenny","Number","1056"
"Population","2022","Both sexes","66 years","Kerry","Number","1826"
"Population","2022","Both sexes","66 years","Longford","Number","437"
"Population","2022","Both sexes","66 years","Louth","Number","1263"
"Population","2022","Both sexes","66 years","Limerick City and County","Number","2142"
"Population","2022","Both sexes","66 years","Leitrim","Number","411"
"Population","2022","Both sexes","66 years","Laois","Number","793"
"Population","2022","Both sexes","66 years","Meath","Number","1786"
"Population","2022","Both sexes","66 years","Monaghan","Number","651"
"Population","2022","Both sexes","66 years","Mayo","Number","1720"
"Population","2022","Both sexes","66 years","Offaly","Number","849"
"Population","2022","Both sexes","66 years","Roscommon","Number","823"
"Population","2022","Both sexes","66 years","South Dublin","Number","2639"
"Population","2022","Both sexes","66 years","Sligo","Number","769"
"Population","2022","Both sexes","66 years","Tipperary","Number","1834"
"Population","2022","Both sexes","66 years","Waterford City and County","Number","1271"
"Population","2022","Both sexes","66 years","Westmeath","Number","936"
"Population","2022","Both sexes","66 years","Wicklow","Number","1534"
"Population","2022","Both sexes","66 years","Wexford","Number","1661"
"Population","2022","Both sexes","67 years","State","Number","48151"
"Population","2022","Both sexes","67 years","Cork City and Cork County","Number","5394"
"Population","2022","Both sexes","67 years","Clare","Number","1361"
"Population","2022","Both sexes","67 years","Cavan","Number","793"
"Population","2022","Both sexes","67 years","Carlow","Number","562"
"Population","2022","Both sexes","67 years","Dublin City","Number","4593"
"Population","2022","Both sexes","67 years","Donegal","Number","1816"
"Population","2022","Both sexes","67 years","Dún Laoghaire-Rathdown","Number","2132"
"Population","2022","Both sexes","67 years","Fingal","Number","2312"
"Population","2022","Both sexes","67 years","Galway City","Number","642"
"Population","2022","Both sexes","67 years","Galway County","Number","2018"
"Population","2022","Both sexes","67 years","Kildare","Number","2126"
"Population","2022","Both sexes","67 years","Kilkenny","Number","1070"
"Population","2022","Both sexes","67 years","Kerry","Number","1889"
"Population","2022","Both sexes","67 years","Longford","Number","442"
"Population","2022","Both sexes","67 years","Louth","Number","1236"
"Population","2022","Both sexes","67 years","Limerick City and County","Number","2041"
"Population","2022","Both sexes","67 years","Leitrim","Number","422"
"Population","2022","Both sexes","67 years","Laois","Number","781"
"Population","2022","Both sexes","67 years","Meath","Number","1828"
"Population","2022","Both sexes","67 years","Monaghan","Number","638"
"Population","2022","Both sexes","67 years","Mayo","Number","1708"
"Population","2022","Both sexes","67 years","Offaly","Number","795"
"Population","2022","Both sexes","67 years","Roscommon","Number","833"
"Population","2022","Both sexes","67 years","South Dublin","Number","2631"
"Population","2022","Both sexes","67 years","Sligo","Number","776"
"Population","2022","Both sexes","67 years","Tipperary","Number","1804"
"Population","2022","Both sexes","67 years","Waterford City and County","Number","1348"
"Population","2022","Both sexes","67 years","Westmeath","Number","931"
"Population","2022","Both sexes","67 years","Wicklow","Number","1488"
"Population","2022","Both sexes","67 years","Wexford","Number","1741"
"Population","2022","Both sexes","68 years","State","Number","45520"
"Population","2022","Both sexes","68 years","Cork City and Cork County","Number","5248"
"Population","2022","Both sexes","68 years","Clare","Number","1285"
"Population","2022","Both sexes","68 years","Cavan","Number","774"
"Population","2022","Both sexes","68 years","Carlow","Number","565"
"Population","2022","Both sexes","68 years","Dublin City","Number","4204"
"Population","2022","Both sexes","68 years","Donegal","Number","1711"
"Population","2022","Both sexes","68 years","Dún Laoghaire-Rathdown","Number","2082"
"Population","2022","Both sexes","68 years","Fingal","Number","2290"
"Population","2022","Both sexes","68 years","Galway City","Number","653"
"Population","2022","Both sexes","68 years","Galway County","Number","1851"
"Population","2022","Both sexes","68 years","Kildare","Number","1861"
"Population","2022","Both sexes","68 years","Kilkenny","Number","1045"
"Population","2022","Both sexes","68 years","Kerry","Number","1721"
"Population","2022","Both sexes","68 years","Longford","Number","448"
"Population","2022","Both sexes","68 years","Louth","Number","1169"
"Population","2022","Both sexes","68 years","Limerick City and County","Number","1929"
"Population","2022","Both sexes","68 years","Leitrim","Number","415"
"Population","2022","Both sexes","68 years","Laois","Number","749"
"Population","2022","Both sexes","68 years","Meath","Number","1685"
"Population","2022","Both sexes","68 years","Monaghan","Number","631"
"Population","2022","Both sexes","68 years","Mayo","Number","1602"
"Population","2022","Both sexes","68 years","Offaly","Number","736"
"Population","2022","Both sexes","68 years","Roscommon","Number","794"
"Population","2022","Both sexes","68 years","South Dublin","Number","2495"
"Population","2022","Both sexes","68 years","Sligo","Number","767"
"Population","2022","Both sexes","68 years","Tipperary","Number","1738"
"Population","2022","Both sexes","68 years","Waterford City and County","Number","1203"
"Population","2022","Both sexes","68 years","Westmeath","Number","859"
"Population","2022","Both sexes","68 years","Wicklow","Number","1368"
"Population","2022","Both sexes","68 years","Wexford","Number","1642"
"Population","2022","Both sexes","69 years","State","Number","45969"
"Population","2022","Both sexes","69 years","Cork City and Cork County","Number","5308"
"Population","2022","Both sexes","69 years","Clare","Number","1289"
"Population","2022","Both sexes","69 years","Cavan","Number","722"
"Population","2022","Both sexes","69 years","Carlow","Number","587"
"Population","2022","Both sexes","69 years","Dublin City","Number","4391"
"Population","2022","Both sexes","69 years","Donegal","Number","1752"
"Population","2022","Both sexes","69 years","Dún Laoghaire-Rathdown","Number","2076"
"Population","2022","Both sexes","69 years","Fingal","Number","2320"
"Population","2022","Both sexes","69 years","Galway City","Number","678"
"Population","2022","Both sexes","69 years","Galway County","Number","1931"
"Population","2022","Both sexes","69 years","Kildare","Number","1930"
"Population","2022","Both sexes","69 years","Kilkenny","Number","1013"
"Population","2022","Both sexes","69 years","Kerry","Number","1762"
"Population","2022","Both sexes","69 years","Longford","Number","433"
"Population","2022","Both sexes","69 years","Louth","Number","1105"
"Population","2022","Both sexes","69 years","Limerick City and County","Number","2050"
"Population","2022","Both sexes","69 years","Leitrim","Number","403"
"Population","2022","Both sexes","69 years","Laois","Number","759"
"Population","2022","Both sexes","69 years","Meath","Number","1624"
"Population","2022","Both sexes","69 years","Monaghan","Number","617"
"Population","2022","Both sexes","69 years","Mayo","Number","1562"
"Population","2022","Both sexes","69 years","Offaly","Number","763"
"Population","2022","Both sexes","69 years","Roscommon","Number","758"
"Population","2022","Both sexes","69 years","South Dublin","Number","2570"
"Population","2022","Both sexes","69 years","Sligo","Number","774"
"Population","2022","Both sexes","69 years","Tipperary","Number","1723"
"Population","2022","Both sexes","69 years","Waterford City and County","Number","1194"
"Population","2022","Both sexes","69 years","Westmeath","Number","872"
"Population","2022","Both sexes","69 years","Wicklow","Number","1375"
"Population","2022","Both sexes","69 years","Wexford","Number","1628"
"Population","2022","Both sexes","70 years","State","Number","43150"
"Population","2022","Both sexes","70 years","Cork City and Cork County","Number","4958"
"Population","2022","Both sexes","70 years","Clare","Number","1230"
"Population","2022","Both sexes","70 years","Cavan","Number","678"
"Population","2022","Both sexes","70 years","Carlow","Number","522"
"Population","2022","Both sexes","70 years","Dublin City","Number","4105"
"Population","2022","Both sexes","70 years","Donegal","Number","1640"
"Population","2022","Both sexes","70 years","Dún Laoghaire-Rathdown","Number","1979"
"Population","2022","Both sexes","70 years","Fingal","Number","2171"
"Population","2022","Both sexes","70 years","Galway City","Number","553"
"Population","2022","Both sexes","70 years","Galway County","Number","1763"
"Population","2022","Both sexes","70 years","Kildare","Number","1711"
"Population","2022","Both sexes","70 years","Kilkenny","Number","962"
"Population","2022","Both sexes","70 years","Kerry","Number","1692"
"Population","2022","Both sexes","70 years","Longford","Number","433"
"Population","2022","Both sexes","70 years","Louth","Number","1089"
"Population","2022","Both sexes","70 years","Limerick City and County","Number","1924"
"Population","2022","Both sexes","70 years","Leitrim","Number","370"
"Population","2022","Both sexes","70 years","Laois","Number","740"
"Population","2022","Both sexes","70 years","Meath","Number","1492"
"Population","2022","Both sexes","70 years","Monaghan","Number","594"
"Population","2022","Both sexes","70 years","Mayo","Number","1498"
"Population","2022","Both sexes","70 years","Offaly","Number","735"
"Population","2022","Both sexes","70 years","Roscommon","Number","756"
"Population","2022","Both sexes","70 years","South Dublin","Number","2475"
"Population","2022","Both sexes","70 years","Sligo","Number","690"
"Population","2022","Both sexes","70 years","Tipperary","Number","1637"
"Population","2022","Both sexes","70 years","Waterford City and County","Number","1150"
"Population","2022","Both sexes","70 years","Westmeath","Number","765"
"Population","2022","Both sexes","70 years","Wicklow","Number","1310"
"Population","2022","Both sexes","70 years","Wexford","Number","1528"
"Population","2022","Both sexes","71 years","State","Number","41685"
"Population","2022","Both sexes","71 years","Cork City and Cork County","Number","4808"
"Population","2022","Both sexes","71 years","Clare","Number","1191"
"Population","2022","Both sexes","71 years","Cavan","Number","680"
"Population","2022","Both sexes","71 years","Carlow","Number","497"
"Population","2022","Both sexes","71 years","Dublin City","Number","3905"
"Population","2022","Both sexes","71 years","Donegal","Number","1626"
"Population","2022","Both sexes","71 years","Dún Laoghaire-Rathdown","Number","1877"
"Population","2022","Both sexes","71 years","Fingal","Number","1961"
"Population","2022","Both sexes","71 years","Galway City","Number","550"
"Population","2022","Both sexes","71 years","Galway County","Number","1762"
"Population","2022","Both sexes","71 years","Kildare","Number","1682"
"Population","2022","Both sexes","71 years","Kilkenny","Number","836"
"Population","2022","Both sexes","71 years","Kerry","Number","1652"
"Population","2022","Both sexes","71 years","Longford","Number","390"
"Population","2022","Both sexes","71 years","Louth","Number","1030"
"Population","2022","Both sexes","71 years","Limerick City and County","Number","1849"
"Population","2022","Both sexes","71 years","Leitrim","Number","373"
"Population","2022","Both sexes","71 years","Laois","Number","658"
"Population","2022","Both sexes","71 years","Meath","Number","1559"
"Population","2022","Both sexes","71 years","Monaghan","Number","556"
"Population","2022","Both sexes","71 years","Mayo","Number","1582"
"Population","2022","Both sexes","71 years","Offaly","Number","710"
"Population","2022","Both sexes","71 years","Roscommon","Number","676"
"Population","2022","Both sexes","71 years","South Dublin","Number","2419"
"Population","2022","Both sexes","71 years","Sligo","Number","735"
"Population","2022","Both sexes","71 years","Tipperary","Number","1531"
"Population","2022","Both sexes","71 years","Waterford City and County","Number","1100"
"Population","2022","Both sexes","71 years","Westmeath","Number","735"
"Population","2022","Both sexes","71 years","Wicklow","Number","1271"
"Population","2022","Both sexes","71 years","Wexford","Number","1484"
"Population","2022","Both sexes","72 years","State","Number","41124"
"Population","2022","Both sexes","72 years","Cork City and Cork County","Number","4649"
"Population","2022","Both sexes","72 years","Clare","Number","1241"
"Population","2022","Both sexes","72 years","Cavan","Number","689"
"Population","2022","Both sexes","72 years","Carlow","Number","526"
"Population","2022","Both sexes","72 years","Dublin City","Number","3853"
"Population","2022","Both sexes","72 years","Donegal","Number","1518"
"Population","2022","Both sexes","72 years","Dún Laoghaire-Rathdown","Number","1879"
"Population","2022","Both sexes","72 years","Fingal","Number","2066"
"Population","2022","Both sexes","72 years","Galway City","Number","521"
"Population","2022","Both sexes","72 years","Galway County","Number","1673"
"Population","2022","Both sexes","72 years","Kildare","Number","1666"
"Population","2022","Both sexes","72 years","Kilkenny","Number","920"
"Population","2022","Both sexes","72 years","Kerry","Number","1569"
"Population","2022","Both sexes","72 years","Longford","Number","419"
"Population","2022","Both sexes","72 years","Louth","Number","1050"
"Population","2022","Both sexes","72 years","Limerick City and County","Number","1810"
"Population","2022","Both sexes","72 years","Leitrim","Number","366"
"Population","2022","Both sexes","72 years","Laois","Number","611"
"Population","2022","Both sexes","72 years","Meath","Number","1478"
"Population","2022","Both sexes","72 years","Monaghan","Number","585"
"Population","2022","Both sexes","72 years","Mayo","Number","1507"
"Population","2022","Both sexes","72 years","Offaly","Number","697"
"Population","2022","Both sexes","72 years","Roscommon","Number","669"
"Population","2022","Both sexes","72 years","South Dublin","Number","2358"
"Population","2022","Both sexes","72 years","Sligo","Number","686"
"Population","2022","Both sexes","72 years","Tipperary","Number","1530"
"Population","2022","Both sexes","72 years","Waterford City and County","Number","1076"
"Population","2022","Both sexes","72 years","Westmeath","Number","741"
"Population","2022","Both sexes","72 years","Wicklow","Number","1273"
"Population","2022","Both sexes","72 years","Wexford","Number","1498"
"Population","2022","Both sexes","73 years","State","Number","39255"
"Population","2022","Both sexes","73 years","Cork City and Cork County","Number","4524"
"Population","2022","Both sexes","73 years","Clare","Number","1113"
"Population","2022","Both sexes","73 years","Cavan","Number","629"
"Population","2022","Both sexes","73 years","Carlow","Number","461"
"Population","2022","Both sexes","73 years","Dublin City","Number","3788"
"Population","2022","Both sexes","73 years","Donegal","Number","1522"
"Population","2022","Both sexes","73 years","Dún Laoghaire-Rathdown","Number","1796"
"Population","2022","Both sexes","73 years","Fingal","Number","1941"
"Population","2022","Both sexes","73 years","Galway City","Number","547"
"Population","2022","Both sexes","73 years","Galway County","Number","1639"
"Population","2022","Both sexes","73 years","Kildare","Number","1584"
"Population","2022","Both sexes","73 years","Kilkenny","Number","831"
"Population","2022","Both sexes","73 years","Kerry","Number","1529"
"Population","2022","Both sexes","73 years","Longford","Number","375"
"Population","2022","Both sexes","73 years","Louth","Number","980"
"Population","2022","Both sexes","73 years","Limerick City and County","Number","1722"
"Population","2022","Both sexes","73 years","Leitrim","Number","295"
"Population","2022","Both sexes","73 years","Laois","Number","558"
"Population","2022","Both sexes","73 years","Meath","Number","1460"
"Population","2022","Both sexes","73 years","Monaghan","Number","536"
"Population","2022","Both sexes","73 years","Mayo","Number","1365"
"Population","2022","Both sexes","73 years","Offaly","Number","660"
"Population","2022","Both sexes","73 years","Roscommon","Number","617"
"Population","2022","Both sexes","73 years","South Dublin","Number","2139"
"Population","2022","Both sexes","73 years","Sligo","Number","667"
"Population","2022","Both sexes","73 years","Tipperary","Number","1479"
"Population","2022","Both sexes","73 years","Waterford City and County","Number","1068"
"Population","2022","Both sexes","73 years","Westmeath","Number","743"
"Population","2022","Both sexes","73 years","Wicklow","Number","1284"
"Population","2022","Both sexes","73 years","Wexford","Number","1403"
"Population","2022","Both sexes","74 years","State","Number","37670"
"Population","2022","Both sexes","74 years","Cork City and Cork County","Number","4342"
"Population","2022","Both sexes","74 years","Clare","Number","1076"
"Population","2022","Both sexes","74 years","Cavan","Number","596"
"Population","2022","Both sexes","74 years","Carlow","Number","475"
"Population","2022","Both sexes","74 years","Dublin City","Number","3632"
"Population","2022","Both sexes","74 years","Donegal","Number","1465"
"Population","2022","Both sexes","74 years","Dún Laoghaire-Rathdown","Number","1814"
"Population","2022","Both sexes","74 years","Fingal","Number","1821"
"Population","2022","Both sexes","74 years","Galway City","Number","502"
"Population","2022","Both sexes","74 years","Galway County","Number","1570"
"Population","2022","Both sexes","74 years","Kildare","Number","1494"
"Population","2022","Both sexes","74 years","Kilkenny","Number","860"
"Population","2022","Both sexes","74 years","Kerry","Number","1481"
"Population","2022","Both sexes","74 years","Longford","Number","371"
"Population","2022","Both sexes","74 years","Louth","Number","1006"
"Population","2022","Both sexes","74 years","Limerick City and County","Number","1658"
"Population","2022","Both sexes","74 years","Leitrim","Number","313"
"Population","2022","Both sexes","74 years","Laois","Number","567"
"Population","2022","Both sexes","74 years","Meath","Number","1329"
"Population","2022","Both sexes","74 years","Monaghan","Number","498"
"Population","2022","Both sexes","74 years","Mayo","Number","1349"
"Population","2022","Both sexes","74 years","Offaly","Number","637"
"Population","2022","Both sexes","74 years","Roscommon","Number","625"
"Population","2022","Both sexes","74 years","South Dublin","Number","1973"
"Population","2022","Both sexes","74 years","Sligo","Number","642"
"Population","2022","Both sexes","74 years","Tipperary","Number","1459"
"Population","2022","Both sexes","74 years","Waterford City and County","Number","1000"
"Population","2022","Both sexes","74 years","Westmeath","Number","686"
"Population","2022","Both sexes","74 years","Wicklow","Number","1126"
"Population","2022","Both sexes","74 years","Wexford","Number","1303"
"Population","2022","Both sexes","75 years","State","Number","35767"
"Population","2022","Both sexes","75 years","Cork City and Cork County","Number","4138"
"Population","2022","Both sexes","75 years","Clare","Number","1058"
"Population","2022","Both sexes","75 years","Cavan","Number","582"
"Population","2022","Both sexes","75 years","Carlow","Number","404"
"Population","2022","Both sexes","75 years","Dublin City","Number","3409"
"Population","2022","Both sexes","75 years","Donegal","Number","1407"
"Population","2022","Both sexes","75 years","Dún Laoghaire-Rathdown","Number","1836"
"Population","2022","Both sexes","75 years","Fingal","Number","1732"
"Population","2022","Both sexes","75 years","Galway City","Number","479"
"Population","2022","Both sexes","75 years","Galway County","Number","1443"
"Population","2022","Both sexes","75 years","Kildare","Number","1456"
"Population","2022","Both sexes","75 years","Kilkenny","Number","769"
"Population","2022","Both sexes","75 years","Kerry","Number","1418"
"Population","2022","Both sexes","75 years","Longford","Number","344"
"Population","2022","Both sexes","75 years","Louth","Number","916"
"Population","2022","Both sexes","75 years","Limerick City and County","Number","1548"
"Population","2022","Both sexes","75 years","Leitrim","Number","287"
"Population","2022","Both sexes","75 years","Laois","Number","579"
"Population","2022","Both sexes","75 years","Meath","Number","1250"
"Population","2022","Both sexes","75 years","Monaghan","Number","492"
"Population","2022","Both sexes","75 years","Mayo","Number","1271"
"Population","2022","Both sexes","75 years","Offaly","Number","606"
"Population","2022","Both sexes","75 years","Roscommon","Number","573"
"Population","2022","Both sexes","75 years","South Dublin","Number","1803"
"Population","2022","Both sexes","75 years","Sligo","Number","583"
"Population","2022","Both sexes","75 years","Tipperary","Number","1297"
"Population","2022","Both sexes","75 years","Waterford City and County","Number","1059"
"Population","2022","Both sexes","75 years","Westmeath","Number","634"
"Population","2022","Both sexes","75 years","Wicklow","Number","1114"
"Population","2022","Both sexes","75 years","Wexford","Number","1280"
"Population","2022","Both sexes","76 years","State","Number","33759"
"Population","2022","Both sexes","76 years","Cork City and Cork County","Number","3929"
"Population","2022","Both sexes","76 years","Clare","Number","976"
"Population","2022","Both sexes","76 years","Cavan","Number","514"
"Population","2022","Both sexes","76 years","Carlow","Number","412"
"Population","2022","Both sexes","76 years","Dublin City","Number","3195"
"Population","2022","Both sexes","76 years","Donegal","Number","1344"
"Population","2022","Both sexes","76 years","Dún Laoghaire-Rathdown","Number","1703"
"Population","2022","Both sexes","76 years","Fingal","Number","1660"
"Population","2022","Both sexes","76 years","Galway City","Number","504"
"Population","2022","Both sexes","76 years","Galway County","Number","1341"
"Population","2022","Both sexes","76 years","Kildare","Number","1245"
"Population","2022","Both sexes","76 years","Kilkenny","Number","725"
"Population","2022","Both sexes","76 years","Kerry","Number","1351"
"Population","2022","Both sexes","76 years","Longford","Number","359"
"Population","2022","Both sexes","76 years","Louth","Number","921"
"Population","2022","Both sexes","76 years","Limerick City and County","Number","1462"
"Population","2022","Both sexes","76 years","Leitrim","Number","279"
"Population","2022","Both sexes","76 years","Laois","Number","539"
"Population","2022","Both sexes","76 years","Meath","Number","1174"
"Population","2022","Both sexes","76 years","Monaghan","Number","464"
"Population","2022","Both sexes","76 years","Mayo","Number","1150"
"Population","2022","Both sexes","76 years","Offaly","Number","562"
"Population","2022","Both sexes","76 years","Roscommon","Number","592"
"Population","2022","Both sexes","76 years","South Dublin","Number","1736"
"Population","2022","Both sexes","76 years","Sligo","Number","562"
"Population","2022","Both sexes","76 years","Tipperary","Number","1301"
"Population","2022","Both sexes","76 years","Waterford City and County","Number","938"
"Population","2022","Both sexes","76 years","Westmeath","Number","586"
"Population","2022","Both sexes","76 years","Wicklow","Number","1047"
"Population","2022","Both sexes","76 years","Wexford","Number","1188"
"Population","2022","Both sexes","77 years","State","Number","30572"
"Population","2022","Both sexes","77 years","Cork City and Cork County","Number","3648"
"Population","2022","Both sexes","77 years","Clare","Number","894"
"Population","2022","Both sexes","77 years","Cavan","Number","482"
"Population","2022","Both sexes","77 years","Carlow","Number","372"
"Population","2022","Both sexes","77 years","Dublin City","Number","2943"
"Population","2022","Both sexes","77 years","Donegal","Number","1179"
"Population","2022","Both sexes","77 years","Dún Laoghaire-Rathdown","Number","1604"
"Population","2022","Both sexes","77 years","Fingal","Number","1475"
"Population","2022","Both sexes","77 years","Galway City","Number","425"
"Population","2022","Both sexes","77 years","Galway County","Number","1198"
"Population","2022","Both sexes","77 years","Kildare","Number","1181"
"Population","2022","Both sexes","77 years","Kilkenny","Number","697"
"Population","2022","Both sexes","77 years","Kerry","Number","1189"
"Population","2022","Both sexes","77 years","Longford","Number","296"
"Population","2022","Both sexes","77 years","Louth","Number","775"
"Population","2022","Both sexes","77 years","Limerick City and County","Number","1324"
"Population","2022","Both sexes","77 years","Leitrim","Number","260"
"Population","2022","Both sexes","77 years","Laois","Number","452"
"Population","2022","Both sexes","77 years","Meath","Number","1067"
"Population","2022","Both sexes","77 years","Monaghan","Number","377"
"Population","2022","Both sexes","77 years","Mayo","Number","1044"
"Population","2022","Both sexes","77 years","Offaly","Number","496"
"Population","2022","Both sexes","77 years","Roscommon","Number","466"
"Population","2022","Both sexes","77 years","South Dublin","Number","1509"
"Population","2022","Both sexes","77 years","Sligo","Number","511"
"Population","2022","Both sexes","77 years","Tipperary","Number","1211"
"Population","2022","Both sexes","77 years","Waterford City and County","Number","835"
"Population","2022","Both sexes","77 years","Westmeath","Number","598"
"Population","2022","Both sexes","77 years","Wicklow","Number","974"
"Population","2022","Both sexes","77 years","Wexford","Number","1090"
"Population","2022","Both sexes","78 years","State","Number","28058"
"Population","2022","Both sexes","78 years","Cork City and Cork County","Number","3162"
"Population","2022","Both sexes","78 years","Clare","Number","793"
"Population","2022","Both sexes","78 years","Cavan","Number","433"
"Population","2022","Both sexes","78 years","Carlow","Number","312"
"Population","2022","Both sexes","78 years","Dublin City","Number","2846"
"Population","2022","Both sexes","78 years","Donegal","Number","1115"
"Population","2022","Both sexes","78 years","Dún Laoghaire-Rathdown","Number","1551"
"Population","2022","Both sexes","78 years","Fingal","Number","1292"
"Population","2022","Both sexes","78 years","Galway City","Number","387"
"Population","2022","Both sexes","78 years","Galway County","Number","1125"
"Population","2022","Both sexes","78 years","Kildare","Number","1040"
"Population","2022","Both sexes","78 years","Kilkenny","Number","610"
"Population","2022","Both sexes","78 years","Kerry","Number","1077"
"Population","2022","Both sexes","78 years","Longford","Number","261"
"Population","2022","Both sexes","78 years","Louth","Number","797"
"Population","2022","Both sexes","78 years","Limerick City and County","Number","1217"
"Population","2022","Both sexes","78 years","Leitrim","Number","232"
"Population","2022","Both sexes","78 years","Laois","Number","443"
"Population","2022","Both sexes","78 years","Meath","Number","992"
"Population","2022","Both sexes","78 years","Monaghan","Number","361"
"Population","2022","Both sexes","78 years","Mayo","Number","952"
"Population","2022","Both sexes","78 years","Offaly","Number","439"
"Population","2022","Both sexes","78 years","Roscommon","Number","461"
"Population","2022","Both sexes","78 years","South Dublin","Number","1393"
"Population","2022","Both sexes","78 years","Sligo","Number","452"
"Population","2022","Both sexes","78 years","Tipperary","Number","1043"
"Population","2022","Both sexes","78 years","Waterford City and County","Number","761"
"Population","2022","Both sexes","78 years","Westmeath","Number","519"
"Population","2022","Both sexes","78 years","Wicklow","Number","936"
"Population","2022","Both sexes","78 years","Wexford","Number","1056"
"Population","2022","Both sexes","79 years","State","Number","26104"
"Population","2022","Both sexes","79 years","Cork City and Cork County","Number","2975"
"Population","2022","Both sexes","79 years","Clare","Number","693"
"Population","2022","Both sexes","79 years","Cavan","Number","388"
"Population","2022","Both sexes","79 years","Carlow","Number","339"
"Population","2022","Both sexes","79 years","Dublin City","Number","2774"
"Population","2022","Both sexes","79 years","Donegal","Number","991"
"Population","2022","Both sexes","79 years","Dún Laoghaire-Rathdown","Number","1448"
"Population","2022","Both sexes","79 years","Fingal","Number","1258"
"Population","2022","Both sexes","79 years","Galway City","Number","363"
"Population","2022","Both sexes","79 years","Galway County","Number","1026"
"Population","2022","Both sexes","79 years","Kildare","Number","981"
"Population","2022","Both sexes","79 years","Kilkenny","Number","597"
"Population","2022","Both sexes","79 years","Kerry","Number","1017"
"Population","2022","Both sexes","79 years","Longford","Number","235"
"Population","2022","Both sexes","79 years","Louth","Number","665"
"Population","2022","Both sexes","79 years","Limerick City and County","Number","1209"
"Population","2022","Both sexes","79 years","Leitrim","Number","212"
"Population","2022","Both sexes","79 years","Laois","Number","390"
"Population","2022","Both sexes","79 years","Meath","Number","865"
"Population","2022","Both sexes","79 years","Monaghan","Number","357"
"Population","2022","Both sexes","79 years","Mayo","Number","884"
"Population","2022","Both sexes","79 years","Offaly","Number","442"
"Population","2022","Both sexes","79 years","Roscommon","Number","422"
"Population","2022","Both sexes","79 years","South Dublin","Number","1205"
"Population","2022","Both sexes","79 years","Sligo","Number","457"
"Population","2022","Both sexes","79 years","Tipperary","Number","1010"
"Population","2022","Both sexes","79 years","Waterford City and County","Number","699"
"Population","2022","Both sexes","79 years","Westmeath","Number","478"
"Population","2022","Both sexes","79 years","Wicklow","Number","812"
"Population","2022","Both sexes","79 years","Wexford","Number","912"
"Population","2022","Both sexes","80 years","State","Number","22847"
"Population","2022","Both sexes","80 years","Cork City and Cork County","Number","2772"
"Population","2022","Both sexes","80 years","Clare","Number","594"
"Population","2022","Both sexes","80 years","Cavan","Number","332"
"Population","2022","Both sexes","80 years","Carlow","Number","279"
"Population","2022","Both sexes","80 years","Dublin City","Number","2408"
"Population","2022","Both sexes","80 years","Donegal","Number","902"
"Population","2022","Both sexes","80 years","Dún Laoghaire-Rathdown","Number","1410"
"Population","2022","Both sexes","80 years","Fingal","Number","1011"
"Population","2022","Both sexes","80 years","Galway City","Number","376"
"Population","2022","Both sexes","80 years","Galway County","Number","998"
"Population","2022","Both sexes","80 years","Kildare","Number","778"
"Population","2022","Both sexes","80 years","Kilkenny","Number","514"
"Population","2022","Both sexes","80 years","Kerry","Number","818"
"Population","2022","Both sexes","80 years","Longford","Number","207"
"Population","2022","Both sexes","80 years","Louth","Number","572"
"Population","2022","Both sexes","80 years","Limerick City and County","Number","1001"
"Population","2022","Both sexes","80 years","Leitrim","Number","159"
"Population","2022","Both sexes","80 years","Laois","Number","341"
"Population","2022","Both sexes","80 years","Meath","Number","802"
"Population","2022","Both sexes","80 years","Monaghan","Number","255"
"Population","2022","Both sexes","80 years","Mayo","Number","799"
"Population","2022","Both sexes","80 years","Offaly","Number","360"
"Population","2022","Both sexes","80 years","Roscommon","Number","362"
"Population","2022","Both sexes","80 years","South Dublin","Number","1022"
"Population","2022","Both sexes","80 years","Sligo","Number","379"
"Population","2022","Both sexes","80 years","Tipperary","Number","804"
"Population","2022","Both sexes","80 years","Waterford City and County","Number","656"
"Population","2022","Both sexes","80 years","Westmeath","Number","397"
"Population","2022","Both sexes","80 years","Wicklow","Number","706"
"Population","2022","Both sexes","80 years","Wexford","Number","833"
"Population","2022","Both sexes","81 years","State","Number","20661"
"Population","2022","Both sexes","81 years","Cork City and Cork County","Number","2350"
"Population","2022","Both sexes","81 years","Clare","Number","583"
"Population","2022","Both sexes","81 years","Cavan","Number","319"
"Population","2022","Both sexes","81 years","Carlow","Number","265"
"Population","2022","Both sexes","81 years","Dublin City","Number","2254"
"Population","2022","Both sexes","81 years","Donegal","Number","840"
"Population","2022","Both sexes","81 years","Dún Laoghaire-Rathdown","Number","1240"
"Population","2022","Both sexes","81 years","Fingal","Number","919"
"Population","2022","Both sexes","81 years","Galway City","Number","250"
"Population","2022","Both sexes","81 years","Galway County","Number","865"
"Population","2022","Both sexes","81 years","Kildare","Number","673"
"Population","2022","Both sexes","81 years","Kilkenny","Number","463"
"Population","2022","Both sexes","81 years","Kerry","Number","783"
"Population","2022","Both sexes","81 years","Longford","Number","179"
"Population","2022","Both sexes","81 years","Louth","Number","589"
"Population","2022","Both sexes","81 years","Limerick City and County","Number","888"
"Population","2022","Both sexes","81 years","Leitrim","Number","150"
"Population","2022","Both sexes","81 years","Laois","Number","304"
"Population","2022","Both sexes","81 years","Meath","Number","674"
"Population","2022","Both sexes","81 years","Monaghan","Number","251"
"Population","2022","Both sexes","81 years","Mayo","Number","740"
"Population","2022","Both sexes","81 years","Offaly","Number","309"
"Population","2022","Both sexes","81 years","Roscommon","Number","335"
"Population","2022","Both sexes","81 years","South Dublin","Number","992"
"Population","2022","Both sexes","81 years","Sligo","Number","340"
"Population","2022","Both sexes","81 years","Tipperary","Number","775"
"Population","2022","Both sexes","81 years","Waterford City and County","Number","585"
"Population","2022","Both sexes","81 years","Westmeath","Number","380"
"Population","2022","Both sexes","81 years","Wicklow","Number","603"
"Population","2022","Both sexes","81 years","Wexford","Number","763"
"Population","2022","Both sexes","82 years","State","Number","19538"
"Population","2022","Both sexes","82 years","Cork City and Cork County","Number","2342"
"Population","2022","Both sexes","82 years","Clare","Number","526"
"Population","2022","Both sexes","82 years","Cavan","Number","273"
"Population","2022","Both sexes","82 years","Carlow","Number","240"
"Population","2022","Both sexes","82 years","Dublin City","Number","2287"
"Population","2022","Both sexes","82 years","Donegal","Number","744"
"Population","2022","Both sexes","82 years","Dún Laoghaire-Rathdown","Number","1229"
"Population","2022","Both sexes","82 years","Fingal","Number","848"
"Population","2022","Both sexes","82 years","Galway City","Number","279"
"Population","2022","Both sexes","82 years","Galway County","Number","804"
"Population","2022","Both sexes","82 years","Kildare","Number","636"
"Population","2022","Both sexes","82 years","Kilkenny","Number","399"
"Population","2022","Both sexes","82 years","Kerry","Number","758"
"Population","2022","Both sexes","82 years","Longford","Number","164"
"Population","2022","Both sexes","82 years","Louth","Number","512"
"Population","2022","Both sexes","82 years","Limerick City and County","Number","846"
"Population","2022","Both sexes","82 years","Leitrim","Number","169"
"Population","2022","Both sexes","82 years","Laois","Number","269"
"Population","2022","Both sexes","82 years","Meath","Number","617"
"Population","2022","Both sexes","82 years","Monaghan","Number","267"
"Population","2022","Both sexes","82 years","Mayo","Number","641"
"Population","2022","Both sexes","82 years","Offaly","Number","319"
"Population","2022","Both sexes","82 years","Roscommon","Number","322"
"Population","2022","Both sexes","82 years","South Dublin","Number","901"
"Population","2022","Both sexes","82 years","Sligo","Number","298"
"Population","2022","Both sexes","82 years","Tipperary","Number","749"
"Population","2022","Both sexes","82 years","Waterford City and County","Number","502"
"Population","2022","Both sexes","82 years","Westmeath","Number","328"
"Population","2022","Both sexes","82 years","Wicklow","Number","599"
"Population","2022","Both sexes","82 years","Wexford","Number","670"
"Population","2022","Both sexes","83 years","State","Number","17885"
"Population","2022","Both sexes","83 years","Cork City and Cork County","Number","2023"
"Population","2022","Both sexes","83 years","Clare","Number","476"
"Population","2022","Both sexes","83 years","Cavan","Number","280"
"Population","2022","Both sexes","83 years","Carlow","Number","203"
"Population","2022","Both sexes","83 years","Dublin City","Number","2088"
"Population","2022","Both sexes","83 years","Donegal","Number","707"
"Population","2022","Both sexes","83 years","Dún Laoghaire-Rathdown","Number","1141"
"Population","2022","Both sexes","83 years","Fingal","Number","707"
"Population","2022","Both sexes","83 years","Galway City","Number","277"
"Population","2022","Both sexes","83 years","Galway County","Number","770"
"Population","2022","Both sexes","83 years","Kildare","Number","562"
"Population","2022","Both sexes","83 years","Kilkenny","Number","387"
"Population","2022","Both sexes","83 years","Kerry","Number","615"
"Population","2022","Both sexes","83 years","Longford","Number","143"
"Population","2022","Both sexes","83 years","Louth","Number","461"
"Population","2022","Both sexes","83 years","Limerick City and County","Number","771"
"Population","2022","Both sexes","83 years","Leitrim","Number","163"
"Population","2022","Both sexes","83 years","Laois","Number","251"
"Population","2022","Both sexes","83 years","Meath","Number","567"
"Population","2022","Both sexes","83 years","Monaghan","Number","239"
"Population","2022","Both sexes","83 years","Mayo","Number","621"
"Population","2022","Both sexes","83 years","Offaly","Number","313"
"Population","2022","Both sexes","83 years","Roscommon","Number","317"
"Population","2022","Both sexes","83 years","South Dublin","Number","798"
"Population","2022","Both sexes","83 years","Sligo","Number","298"
"Population","2022","Both sexes","83 years","Tipperary","Number","678"
"Population","2022","Both sexes","83 years","Waterford City and County","Number","501"
"Population","2022","Both sexes","83 years","Westmeath","Number","346"
"Population","2022","Both sexes","83 years","Wicklow","Number","531"
"Population","2022","Both sexes","83 years","Wexford","Number","651"
"Population","2022","Both sexes","84 years","State","Number","15655"
"Population","2022","Both sexes","84 years","Cork City and Cork County","Number","1809"
"Population","2022","Both sexes","84 years","Clare","Number","394"
"Population","2022","Both sexes","84 years","Cavan","Number","252"
"Population","2022","Both sexes","84 years","Carlow","Number","198"
"Population","2022","Both sexes","84 years","Dublin City","Number","1916"
"Population","2022","Both sexes","84 years","Donegal","Number","623"
"Population","2022","Both sexes","84 years","Dún Laoghaire-Rathdown","Number","992"
"Population","2022","Both sexes","84 years","Fingal","Number","642"
"Population","2022","Both sexes","84 years","Galway City","Number","236"
"Population","2022","Both sexes","84 years","Galway County","Number","603"
"Population","2022","Both sexes","84 years","Kildare","Number","464"
"Population","2022","Both sexes","84 years","Kilkenny","Number","347"
"Population","2022","Both sexes","84 years","Kerry","Number","607"
"Population","2022","Both sexes","84 years","Longford","Number","140"
"Population","2022","Both sexes","84 years","Louth","Number","416"
"Population","2022","Both sexes","84 years","Limerick City and County","Number","687"
"Population","2022","Both sexes","84 years","Leitrim","Number","144"
"Population","2022","Both sexes","84 years","Laois","Number","205"
"Population","2022","Both sexes","84 years","Meath","Number","460"
"Population","2022","Both sexes","84 years","Monaghan","Number","207"
"Population","2022","Both sexes","84 years","Mayo","Number","543"
"Population","2022","Both sexes","84 years","Offaly","Number","251"
"Population","2022","Both sexes","84 years","Roscommon","Number","249"
"Population","2022","Both sexes","84 years","South Dublin","Number","711"
"Population","2022","Both sexes","84 years","Sligo","Number","237"
"Population","2022","Both sexes","84 years","Tipperary","Number","611"
"Population","2022","Both sexes","84 years","Waterford City and County","Number","429"
"Population","2022","Both sexes","84 years","Westmeath","Number","275"
"Population","2022","Both sexes","84 years","Wicklow","Number","454"
"Population","2022","Both sexes","84 years","Wexford","Number","553"
"Population","2022","Both sexes","85 years","State","Number","14457"
"Population","2022","Both sexes","85 years","Cork City and Cork County","Number","1703"
"Population","2022","Both sexes","85 years","Clare","Number","376"
"Population","2022","Both sexes","85 years","Cavan","Number","245"
"Population","2022","Both sexes","85 years","Carlow","Number","141"
"Population","2022","Both sexes","85 years","Dublin City","Number","1786"
"Population","2022","Both sexes","85 years","Donegal","Number","551"
"Population","2022","Both sexes","85 years","Dún Laoghaire-Rathdown","Number","937"
"Population","2022","Both sexes","85 years","Fingal","Number","546"
"Population","2022","Both sexes","85 years","Galway City","Number","211"
"Population","2022","Both sexes","85 years","Galway County","Number","569"
"Population","2022","Both sexes","85 years","Kildare","Number","475"
"Population","2022","Both sexes","85 years","Kilkenny","Number","309"
"Population","2022","Both sexes","85 years","Kerry","Number","499"
"Population","2022","Both sexes","85 years","Longford","Number","143"
"Population","2022","Both sexes","85 years","Louth","Number","352"
"Population","2022","Both sexes","85 years","Limerick City and County","Number","597"
"Population","2022","Both sexes","85 years","Leitrim","Number","108"
"Population","2022","Both sexes","85 years","Laois","Number","198"
"Population","2022","Both sexes","85 years","Meath","Number","438"
"Population","2022","Both sexes","85 years","Monaghan","Number","175"
"Population","2022","Both sexes","85 years","Mayo","Number","523"
"Population","2022","Both sexes","85 years","Offaly","Number","295"
"Population","2022","Both sexes","85 years","Roscommon","Number","235"
"Population","2022","Both sexes","85 years","South Dublin","Number","644"
"Population","2022","Both sexes","85 years","Sligo","Number","260"
"Population","2022","Both sexes","85 years","Tipperary","Number","551"
"Population","2022","Both sexes","85 years","Waterford City and County","Number","396"
"Population","2022","Both sexes","85 years","Westmeath","Number","274"
"Population","2022","Both sexes","85 years","Wicklow","Number","417"
"Population","2022","Both sexes","85 years","Wexford","Number","503"
"Population","2022","Both sexes","86 years","State","Number","12871"
"Population","2022","Both sexes","86 years","Cork City and Cork County","Number","1537"
"Population","2022","Both sexes","86 years","Clare","Number","355"
"Population","2022","Both sexes","86 years","Cavan","Number","226"
"Population","2022","Both sexes","86 years","Carlow","Number","159"
"Population","2022","Both sexes","86 years","Dublin City","Number","1562"
"Population","2022","Both sexes","86 years","Donegal","Number","434"
"Population","2022","Both sexes","86 years","Dún Laoghaire-Rathdown","Number","817"
"Population","2022","Both sexes","86 years","Fingal","Number","500"
"Population","2022","Both sexes","86 years","Galway City","Number","181"
"Population","2022","Both sexes","86 years","Galway County","Number","552"
"Population","2022","Both sexes","86 years","Kildare","Number","371"
"Population","2022","Both sexes","86 years","Kilkenny","Number","307"
"Population","2022","Both sexes","86 years","Kerry","Number","439"
"Population","2022","Both sexes","86 years","Longford","Number","140"
"Population","2022","Both sexes","86 years","Louth","Number","317"
"Population","2022","Both sexes","86 years","Limerick City and County","Number","556"
"Population","2022","Both sexes","86 years","Leitrim","Number","92"
"Population","2022","Both sexes","86 years","Laois","Number","176"
"Population","2022","Both sexes","86 years","Meath","Number","402"
"Population","2022","Both sexes","86 years","Monaghan","Number","171"
"Population","2022","Both sexes","86 years","Mayo","Number","451"
"Population","2022","Both sexes","86 years","Offaly","Number","225"
"Population","2022","Both sexes","86 years","Roscommon","Number","235"
"Population","2022","Both sexes","86 years","South Dublin","Number","530"
"Population","2022","Both sexes","86 years","Sligo","Number","222"
"Population","2022","Both sexes","86 years","Tipperary","Number","503"
"Population","2022","Both sexes","86 years","Waterford City and County","Number","354"
"Population","2022","Both sexes","86 years","Westmeath","Number","242"
"Population","2022","Both sexes","86 years","Wicklow","Number","372"
"Population","2022","Both sexes","86 years","Wexford","Number","443"
"Population","2022","Both sexes","87 years","State","Number","11281"
"Population","2022","Both sexes","87 years","Cork City and Cork County","Number","1332"
"Population","2022","Both sexes","87 years","Clare","Number","283"
"Population","2022","Both sexes","87 years","Cavan","Number","182"
"Population","2022","Both sexes","87 years","Carlow","Number","119"
"Population","2022","Both sexes","87 years","Dublin City","Number","1417"
"Population","2022","Both sexes","87 years","Donegal","Number","433"
"Population","2022","Both sexes","87 years","Dún Laoghaire-Rathdown","Number","736"
"Population","2022","Both sexes","87 years","Fingal","Number","434"
"Population","2022","Both sexes","87 years","Galway City","Number","143"
"Population","2022","Both sexes","87 years","Galway County","Number","439"
"Population","2022","Both sexes","87 years","Kildare","Number","341"
"Population","2022","Both sexes","87 years","Kilkenny","Number","278"
"Population","2022","Both sexes","87 years","Kerry","Number","424"
"Population","2022","Both sexes","87 years","Longford","Number","102"
"Population","2022","Both sexes","87 years","Louth","Number","266"
"Population","2022","Both sexes","87 years","Limerick City and County","Number","451"
"Population","2022","Both sexes","87 years","Leitrim","Number","105"
"Population","2022","Both sexes","87 years","Laois","Number","158"
"Population","2022","Both sexes","87 years","Meath","Number","379"
"Population","2022","Both sexes","87 years","Monaghan","Number","156"
"Population","2022","Both sexes","87 years","Mayo","Number","393"
"Population","2022","Both sexes","87 years","Offaly","Number","173"
"Population","2022","Both sexes","87 years","Roscommon","Number","226"
"Population","2022","Both sexes","87 years","South Dublin","Number","474"
"Population","2022","Both sexes","87 years","Sligo","Number","194"
"Population","2022","Both sexes","87 years","Tipperary","Number","430"
"Population","2022","Both sexes","87 years","Waterford City and County","Number","328"
"Population","2022","Both sexes","87 years","Westmeath","Number","228"
"Population","2022","Both sexes","87 years","Wicklow","Number","291"
"Population","2022","Both sexes","87 years","Wexford","Number","366"
"Population","2022","Both sexes","88 years","State","Number","9698"
"Population","2022","Both sexes","88 years","Cork City and Cork County","Number","1144"
"Population","2022","Both sexes","88 years","Clare","Number","258"
"Population","2022","Both sexes","88 years","Cavan","Number","188"
"Population","2022","Both sexes","88 years","Carlow","Number","105"
"Population","2022","Both sexes","88 years","Dublin City","Number","1330"
"Population","2022","Both sexes","88 years","Donegal","Number","339"
"Population","2022","Both sexes","88 years","Dún Laoghaire-Rathdown","Number","668"
"Population","2022","Both sexes","88 years","Fingal","Number","324"
"Population","2022","Both sexes","88 years","Galway City","Number","141"
"Population","2022","Both sexes","88 years","Galway County","Number","433"
"Population","2022","Both sexes","88 years","Kildare","Number","265"
"Population","2022","Both sexes","88 years","Kilkenny","Number","203"
"Population","2022","Both sexes","88 years","Kerry","Number","322"
"Population","2022","Both sexes","88 years","Longford","Number","91"
"Population","2022","Both sexes","88 years","Louth","Number","244"
"Population","2022","Both sexes","88 years","Limerick City and County","Number","357"
"Population","2022","Both sexes","88 years","Leitrim","Number","80"
"Population","2022","Both sexes","88 years","Laois","Number","137"
"Population","2022","Both sexes","88 years","Meath","Number","282"
"Population","2022","Both sexes","88 years","Monaghan","Number","131"
"Population","2022","Both sexes","88 years","Mayo","Number","393"
"Population","2022","Both sexes","88 years","Offaly","Number","178"
"Population","2022","Both sexes","88 years","Roscommon","Number","177"
"Population","2022","Both sexes","88 years","South Dublin","Number","379"
"Population","2022","Both sexes","88 years","Sligo","Number","168"
"Population","2022","Both sexes","88 years","Tipperary","Number","364"
"Population","2022","Both sexes","88 years","Waterford City and County","Number","266"
"Population","2022","Both sexes","88 years","Westmeath","Number","167"
"Population","2022","Both sexes","88 years","Wicklow","Number","241"
"Population","2022","Both sexes","88 years","Wexford","Number","323"
"Population","2022","Both sexes","89 years","State","Number","7997"
"Population","2022","Both sexes","89 years","Cork City and Cork County","Number","914"
"Population","2022","Both sexes","89 years","Clare","Number","207"
"Population","2022","Both sexes","89 years","Cavan","Number","134"
"Population","2022","Both sexes","89 years","Carlow","Number","86"
"Population","2022","Both sexes","89 years","Dublin City","Number","1066"
"Population","2022","Both sexes","89 years","Donegal","Number","310"
"Population","2022","Both sexes","89 years","Dún Laoghaire-Rathdown","Number","525"
"Population","2022","Both sexes","89 years","Fingal","Number","333"
"Population","2022","Both sexes","89 years","Galway City","Number","96"
"Population","2022","Both sexes","89 years","Galway County","Number","360"
"Population","2022","Both sexes","89 years","Kildare","Number","242"
"Population","2022","Both sexes","89 years","Kilkenny","Number","188"
"Population","2022","Both sexes","89 years","Kerry","Number","269"
"Population","2022","Both sexes","89 years","Longford","Number","73"
"Population","2022","Both sexes","89 years","Louth","Number","183"
"Population","2022","Both sexes","89 years","Limerick City and County","Number","317"
"Population","2022","Both sexes","89 years","Leitrim","Number","56"
"Population","2022","Both sexes","89 years","Laois","Number","96"
"Population","2022","Both sexes","89 years","Meath","Number","224"
"Population","2022","Both sexes","89 years","Monaghan","Number","129"
"Population","2022","Both sexes","89 years","Mayo","Number","269"
"Population","2022","Both sexes","89 years","Offaly","Number","120"
"Population","2022","Both sexes","89 years","Roscommon","Number","149"
"Population","2022","Both sexes","89 years","South Dublin","Number","319"
"Population","2022","Both sexes","89 years","Sligo","Number","140"
"Population","2022","Both sexes","89 years","Tipperary","Number","332"
"Population","2022","Both sexes","89 years","Waterford City and County","Number","226"
"Population","2022","Both sexes","89 years","Westmeath","Number","131"
"Population","2022","Both sexes","89 years","Wicklow","Number","246"
"Population","2022","Both sexes","89 years","Wexford","Number","257"
"Population","2022","Both sexes","90 years","State","Number","6729"
"Population","2022","Both sexes","90 years","Cork City and Cork County","Number","810"
"Population","2022","Both sexes","90 years","Clare","Number","174"
"Population","2022","Both sexes","90 years","Cavan","Number","96"
"Population","2022","Both sexes","90 years","Carlow","Number","65"
"Population","2022","Both sexes","90 years","Dublin City","Number","885"
"Population","2022","Both sexes","90 years","Donegal","Number","248"
"Population","2022","Both sexes","90 years","Dún Laoghaire-Rathdown","Number","493"
"Population","2022","Both sexes","90 years","Fingal","Number","256"
"Population","2022","Both sexes","90 years","Galway City","Number","88"
"Population","2022","Both sexes","90 years","Galway County","Number","289"
"Population","2022","Both sexes","90 years","Kildare","Number","196"
"Population","2022","Both sexes","90 years","Kilkenny","Number","131"
"Population","2022","Both sexes","90 years","Kerry","Number","228"
"Population","2022","Both sexes","90 years","Longford","Number","56"
"Population","2022","Both sexes","90 years","Louth","Number","149"
"Population","2022","Both sexes","90 years","Limerick City and County","Number","248"
"Population","2022","Both sexes","90 years","Leitrim","Number","61"
"Population","2022","Both sexes","90 years","Laois","Number","70"
"Population","2022","Both sexes","90 years","Meath","Number","203"
"Population","2022","Both sexes","90 years","Monaghan","Number","88"
"Population","2022","Both sexes","90 years","Mayo","Number","256"
"Population","2022","Both sexes","90 years","Offaly","Number","107"
"Population","2022","Both sexes","90 years","Roscommon","Number","137"
"Population","2022","Both sexes","90 years","South Dublin","Number","289"
"Population","2022","Both sexes","90 years","Sligo","Number","105"
"Population","2022","Both sexes","90 years","Tipperary","Number","280"
"Population","2022","Both sexes","90 years","Waterford City and County","Number","204"
"Population","2022","Both sexes","90 years","Westmeath","Number","123"
"Population","2022","Both sexes","90 years","Wicklow","Number","177"
"Population","2022","Both sexes","90 years","Wexford","Number","217"
"Population","2022","Both sexes","91 years","State","Number","5731"
"Population","2022","Both sexes","91 years","Cork City and Cork County","Number","702"
"Population","2022","Both sexes","91 years","Clare","Number","138"
"Population","2022","Both sexes","91 years","Cavan","Number","98"
"Population","2022","Both sexes","91 years","Carlow","Number","72"
"Population","2022","Both sexes","91 years","Dublin City","Number","778"
"Population","2022","Both sexes","91 years","Donegal","Number","207"
"Population","2022","Both sexes","91 years","Dún Laoghaire-Rathdown","Number","379"
"Population","2022","Both sexes","91 years","Fingal","Number","211"
"Population","2022","Both sexes","91 years","Galway City","Number","102"
"Population","2022","Both sexes","91 years","Galway County","Number","254"
"Population","2022","Both sexes","91 years","Kildare","Number","153"
"Population","2022","Both sexes","91 years","Kilkenny","Number","138"
"Population","2022","Both sexes","91 years","Kerry","Number","209"
"Population","2022","Both sexes","91 years","Longford","Number","43"
"Population","2022","Both sexes","91 years","Louth","Number","132"
"Population","2022","Both sexes","91 years","Limerick City and County","Number","221"
"Population","2022","Both sexes","91 years","Leitrim","Number","57"
"Population","2022","Both sexes","91 years","Laois","Number","89"
"Population","2022","Both sexes","91 years","Meath","Number","144"
"Population","2022","Both sexes","91 years","Monaghan","Number","66"
"Population","2022","Both sexes","91 years","Mayo","Number","218"
"Population","2022","Both sexes","91 years","Offaly","Number","77"
"Population","2022","Both sexes","91 years","Roscommon","Number","96"
"Population","2022","Both sexes","91 years","South Dublin","Number","210"
"Population","2022","Both sexes","91 years","Sligo","Number","86"
"Population","2022","Both sexes","91 years","Tipperary","Number","230"
"Population","2022","Both sexes","91 years","Waterford City and County","Number","171"
"Population","2022","Both sexes","91 years","Westmeath","Number","109"
"Population","2022","Both sexes","91 years","Wicklow","Number","164"
"Population","2022","Both sexes","91 years","Wexford","Number","177"
"Population","2022","Both sexes","92 years","State","Number","4106"
"Population","2022","Both sexes","92 years","Cork City and Cork County","Number","481"
"Population","2022","Both sexes","92 years","Clare","Number","99"
"Population","2022","Both sexes","92 years","Cavan","Number","67"
"Population","2022","Both sexes","92 years","Carlow","Number","38"
"Population","2022","Both sexes","92 years","Dublin City","Number","624"
"Population","2022","Both sexes","92 years","Donegal","Number","148"
"Population","2022","Both sexes","92 years","Dún Laoghaire-Rathdown","Number","287"
"Population","2022","Both sexes","92 years","Fingal","Number","148"
"Population","2022","Both sexes","92 years","Galway City","Number","64"
"Population","2022","Both sexes","92 years","Galway County","Number","190"
"Population","2022","Both sexes","92 years","Kildare","Number","111"
"Population","2022","Both sexes","92 years","Kilkenny","Number","83"
"Population","2022","Both sexes","92 years","Kerry","Number","128"
"Population","2022","Both sexes","92 years","Longford","Number","26"
"Population","2022","Both sexes","92 years","Louth","Number","100"
"Population","2022","Both sexes","92 years","Limerick City and County","Number","150"
"Population","2022","Both sexes","92 years","Leitrim","Number","42"
"Population","2022","Both sexes","92 years","Laois","Number","65"
"Population","2022","Both sexes","92 years","Meath","Number","125"
"Population","2022","Both sexes","92 years","Monaghan","Number","66"
"Population","2022","Both sexes","92 years","Mayo","Number","129"
"Population","2022","Both sexes","92 years","Offaly","Number","57"
"Population","2022","Both sexes","92 years","Roscommon","Number","76"
"Population","2022","Both sexes","92 years","South Dublin","Number","146"
"Population","2022","Both sexes","92 years","Sligo","Number","54"
"Population","2022","Both sexes","92 years","Tipperary","Number","170"
"Population","2022","Both sexes","92 years","Waterford City and County","Number","120"
"Population","2022","Both sexes","92 years","Westmeath","Number","73"
"Population","2022","Both sexes","92 years","Wicklow","Number","114"
"Population","2022","Both sexes","92 years","Wexford","Number","125"
"Population","2022","Both sexes","93 years","State","Number","3257"
"Population","2022","Both sexes","93 years","Cork City and Cork County","Number","385"
"Population","2022","Both sexes","93 years","Clare","Number","78"
"Population","2022","Both sexes","93 years","Cavan","Number","50"
"Population","2022","Both sexes","93 years","Carlow","Number","26"
"Population","2022","Both sexes","93 years","Dublin City","Number","447"
"Population","2022","Both sexes","93 years","Donegal","Number","130"
"Population","2022","Both sexes","93 years","Dún Laoghaire-Rathdown","Number","230"
"Population","2022","Both sexes","93 years","Fingal","Number","118"
"Population","2022","Both sexes","93 years","Galway City","Number","53"
"Population","2022","Both sexes","93 years","Galway County","Number","129"
"Population","2022","Both sexes","93 years","Kildare","Number","114"
"Population","2022","Both sexes","93 years","Kilkenny","Number","66"
"Population","2022","Both sexes","93 years","Kerry","Number","127"
"Population","2022","Both sexes","93 years","Longford","Number","36"
"Population","2022","Both sexes","93 years","Louth","Number","88"
"Population","2022","Both sexes","93 years","Limerick City and County","Number","130"
"Population","2022","Both sexes","93 years","Leitrim","Number","32"
"Population","2022","Both sexes","93 years","Laois","Number","38"
"Population","2022","Both sexes","93 years","Meath","Number","88"
"Population","2022","Both sexes","93 years","Monaghan","Number","45"
"Population","2022","Both sexes","93 years","Mayo","Number","122"
"Population","2022","Both sexes","93 years","Offaly","Number","48"
"Population","2022","Both sexes","93 years","Roscommon","Number","71"
"Population","2022","Both sexes","93 years","South Dublin","Number","115"
"Population","2022","Both sexes","93 years","Sligo","Number","51"
"Population","2022","Both sexes","93 years","Tipperary","Number","118"
"Population","2022","Both sexes","93 years","Waterford City and County","Number","70"
"Population","2022","Both sexes","93 years","Westmeath","Number","60"
"Population","2022","Both sexes","93 years","Wicklow","Number","82"
"Population","2022","Both sexes","93 years","Wexford","Number","110"
"Population","2022","Both sexes","94 years","State","Number","2455"
"Population","2022","Both sexes","94 years","Cork City and Cork County","Number","232"
"Population","2022","Both sexes","94 years","Clare","Number","54"
"Population","2022","Both sexes","94 years","Cavan","Number","32"
"Population","2022","Both sexes","94 years","Carlow","Number","24"
"Population","2022","Both sexes","94 years","Dublin City","Number","362"
"Population","2022","Both sexes","94 years","Donegal","Number","88"
"Population","2022","Both sexes","94 years","Dún Laoghaire-Rathdown","Number","189"
"Population","2022","Both sexes","94 years","Fingal","Number","86"
"Population","2022","Both sexes","94 years","Galway City","Number","26"
"Population","2022","Both sexes","94 years","Galway County","Number","120"
"Population","2022","Both sexes","94 years","Kildare","Number","64"
"Population","2022","Both sexes","94 years","Kilkenny","Number","63"
"Population","2022","Both sexes","94 years","Kerry","Number","78"
"Population","2022","Both sexes","94 years","Longford","Number","26"
"Population","2022","Both sexes","94 years","Louth","Number","50"
"Population","2022","Both sexes","94 years","Limerick City and County","Number","98"
"Population","2022","Both sexes","94 years","Leitrim","Number","22"
"Population","2022","Both sexes","94 years","Laois","Number","29"
"Population","2022","Both sexes","94 years","Meath","Number","72"
"Population","2022","Both sexes","94 years","Monaghan","Number","35"
"Population","2022","Both sexes","94 years","Mayo","Number","108"
"Population","2022","Both sexes","94 years","Offaly","Number","50"
"Population","2022","Both sexes","94 years","Roscommon","Number","55"
"Population","2022","Both sexes","94 years","South Dublin","Number","100"
"Population","2022","Both sexes","94 years","Sligo","Number","57"
"Population","2022","Both sexes","94 years","Tipperary","Number","91"
"Population","2022","Both sexes","94 years","Waterford City and County","Number","57"
"Population","2022","Both sexes","94 years","Westmeath","Number","47"
"Population","2022","Both sexes","94 years","Wicklow","Number","76"
"Population","2022","Both sexes","94 years","Wexford","Number","64"
"Population","2022","Both sexes","95 years","State","Number","1826"
"Population","2022","Both sexes","95 years","Cork City and Cork County","Number","201"
"Population","2022","Both sexes","95 years","Clare","Number","51"
"Population","2022","Both sexes","95 years","Cavan","Number","29"
"Population","2022","Both sexes","95 years","Carlow","Number","14"
"Population","2022","Both sexes","95 years","Dublin City","Number","265"
"Population","2022","Both sexes","95 years","Donegal","Number","91"
"Population","2022","Both sexes","95 years","Dún Laoghaire-Rathdown","Number","132"
"Population","2022","Both sexes","95 years","Fingal","Number","53"
"Population","2022","Both sexes","95 years","Galway City","Number","24"
"Population","2022","Both sexes","95 years","Galway County","Number","98"
"Population","2022","Both sexes","95 years","Kildare","Number","54"
"Population","2022","Both sexes","95 years","Kilkenny","Number","36"
"Population","2022","Both sexes","95 years","Kerry","Number","66"
"Population","2022","Both sexes","95 years","Longford","Number","11"
"Population","2022","Both sexes","95 years","Louth","Number","50"
"Population","2022","Both sexes","95 years","Limerick City and County","Number","68"
"Population","2022","Both sexes","95 years","Leitrim","Number","21"
"Population","2022","Both sexes","95 years","Laois","Number","13"
"Population","2022","Both sexes","95 years","Meath","Number","63"
"Population","2022","Both sexes","95 years","Monaghan","Number","21"
"Population","2022","Both sexes","95 years","Mayo","Number","61"
"Population","2022","Both sexes","95 years","Offaly","Number","27"
"Population","2022","Both sexes","95 years","Roscommon","Number","38"
"Population","2022","Both sexes","95 years","South Dublin","Number","63"
"Population","2022","Both sexes","95 years","Sligo","Number","23"
"Population","2022","Both sexes","95 years","Tipperary","Number","70"
"Population","2022","Both sexes","95 years","Waterford City and County","Number","33"
"Population","2022","Both sexes","95 years","Westmeath","Number","40"
"Population","2022","Both sexes","95 years","Wicklow","Number","59"
"Population","2022","Both sexes","95 years","Wexford","Number","51"
"Population","2022","Both sexes","96 years","State","Number","1283"
"Population","2022","Both sexes","96 years","Cork City and Cork County","Number","138"
"Population","2022","Both sexes","96 years","Clare","Number","40"
"Population","2022","Both sexes","96 years","Cavan","Number","23"
"Population","2022","Both sexes","96 years","Carlow","Number","11"
"Population","2022","Both sexes","96 years","Dublin City","Number","200"
"Population","2022","Both sexes","96 years","Donegal","Number","48"
"Population","2022","Both sexes","96 years","Dún Laoghaire-Rathdown","Number","95"
"Population","2022","Both sexes","96 years","Fingal","Number","48"
"Population","2022","Both sexes","96 years","Galway City","Number","19"
"Population","2022","Both sexes","96 years","Galway County","Number","54"
"Population","2022","Both sexes","96 years","Kildare","Number","37"
"Population","2022","Both sexes","96 years","Kilkenny","Number","32"
"Population","2022","Both sexes","96 years","Kerry","Number","33"
"Population","2022","Both sexes","96 years","Longford","Number","13"
"Population","2022","Both sexes","96 years","Louth","Number","30"
"Population","2022","Both sexes","96 years","Limerick City and County","Number","50"
"Population","2022","Both sexes","96 years","Leitrim","Number","6"
"Population","2022","Both sexes","96 years","Laois","Number","15"
"Population","2022","Both sexes","96 years","Meath","Number","42"
"Population","2022","Both sexes","96 years","Monaghan","Number","17"
"Population","2022","Both sexes","96 years","Mayo","Number","52"
"Population","2022","Both sexes","96 years","Offaly","Number","19"
"Population","2022","Both sexes","96 years","Roscommon","Number","28"
"Population","2022","Both sexes","96 years","South Dublin","Number","41"
"Population","2022","Both sexes","96 years","Sligo","Number","21"
"Population","2022","Both sexes","96 years","Tipperary","Number","41"
"Population","2022","Both sexes","96 years","Waterford City and County","Number","26"
"Population","2022","Both sexes","96 years","Westmeath","Number","24"
"Population","2022","Both sexes","96 years","Wicklow","Number","38"
"Population","2022","Both sexes","96 years","Wexford","Number","42"
"Population","2022","Both sexes","97 years","State","Number","949"
"Population","2022","Both sexes","97 years","Cork City and Cork County","Number","104"
"Population","2022","Both sexes","97 years","Clare","Number","31"
"Population","2022","Both sexes","97 years","Cavan","Number","13"
"Population","2022","Both sexes","97 years","Carlow","Number","11"
"Population","2022","Both sexes","97 years","Dublin City","Number","115"
"Population","2022","Both sexes","97 years","Donegal","Number","27"
"Population","2022","Both sexes","97 years","Dún Laoghaire-Rathdown","Number","57"
"Population","2022","Both sexes","97 years","Fingal","Number","51"
"Population","2022","Both sexes","97 years","Galway City","Number","12"
"Population","2022","Both sexes","97 years","Galway County","Number","44"
"Population","2022","Both sexes","97 years","Kildare","Number","28"
"Population","2022","Both sexes","97 years","Kilkenny","Number","24"
"Population","2022","Both sexes","97 years","Kerry","Number","45"
"Population","2022","Both sexes","97 years","Longford","Number","8"
"Population","2022","Both sexes","97 years","Louth","Number","25"
"Population","2022","Both sexes","97 years","Limerick City and County","Number","33"
"Population","2022","Both sexes","97 years","Leitrim","Number","17"
"Population","2022","Both sexes","97 years","Laois","Number","10"
"Population","2022","Both sexes","97 years","Meath","Number","24"
"Population","2022","Both sexes","97 years","Monaghan","Number","9"
"Population","2022","Both sexes","97 years","Mayo","Number","34"
"Population","2022","Both sexes","97 years","Offaly","Number","16"
"Population","2022","Both sexes","97 years","Roscommon","Number","13"
"Population","2022","Both sexes","97 years","South Dublin","Number","38"
"Population","2022","Both sexes","97 years","Sligo","Number","22"
"Population","2022","Both sexes","97 years","Tipperary","Number","33"
"Population","2022","Both sexes","97 years","Waterford City and County","Number","20"
"Population","2022","Both sexes","97 years","Westmeath","Number","23"
"Population","2022","Both sexes","97 years","Wicklow","Number","25"
"Population","2022","Both sexes","97 years","Wexford","Number","37"
"Population","2022","Both sexes","98 years","State","Number","622"
"Population","2022","Both sexes","98 years","Cork City and Cork County","Number","70"
"Population","2022","Both sexes","98 years","Clare","Number","15"
"Population","2022","Both sexes","98 years","Cavan","Number","8"
"Population","2022","Both sexes","98 years","Carlow","Number","7"
"Population","2022","Both sexes","98 years","Dublin City","Number","81"
"Population","2022","Both sexes","98 years","Donegal","Number","15"
"Population","2022","Both sexes","98 years","Dún Laoghaire-Rathdown","Number","45"
"Population","2022","Both sexes","98 years","Fingal","Number","21"
"Population","2022","Both sexes","98 years","Galway City","Number","15"
"Population","2022","Both sexes","98 years","Galway County","Number","34"
"Population","2022","Both sexes","98 years","Kildare","Number","15"
"Population","2022","Both sexes","98 years","Kilkenny","Number","16"
"Population","2022","Both sexes","98 years","Kerry","Number","19"
"Population","2022","Both sexes","98 years","Longford","Number","6"
"Population","2022","Both sexes","98 years","Louth","Number","20"
"Population","2022","Both sexes","98 years","Limerick City and County","Number","36"
"Population","2022","Both sexes","98 years","Leitrim","Number","6"
"Population","2022","Both sexes","98 years","Laois","Number","5"
"Population","2022","Both sexes","98 years","Meath","Number","19"
"Population","2022","Both sexes","98 years","Monaghan","Number","11"
"Population","2022","Both sexes","98 years","Mayo","Number","27"
"Population","2022","Both sexes","98 years","Offaly","Number","8"
"Population","2022","Both sexes","98 years","Roscommon","Number","7"
"Population","2022","Both sexes","98 years","South Dublin","Number","17"
"Population","2022","Both sexes","98 years","Sligo","Number","12"
"Population","2022","Both sexes","98 years","Tipperary","Number","21"
"Population","2022","Both sexes","98 years","Waterford City and County","Number","17"
"Population","2022","Both sexes","98 years","Westmeath","Number","11"
"Population","2022","Both sexes","98 years","Wicklow","Number","16"
"Population","2022","Both sexes","98 years","Wexford","Number","22"
"Population","2022","Both sexes","99 years","State","Number","441"
"Population","2022","Both sexes","99 years","Cork City and Cork County","Number","49"
"Population","2022","Both sexes","99 years","Clare","Number","14"
"Population","2022","Both sexes","99 years","Cavan","Number","6"
"Population","2022","Both sexes","99 years","Carlow","Number","7"
"Population","2022","Both sexes","99 years","Dublin City","Number","64"
"Population","2022","Both sexes","99 years","Donegal","Number","18"
"Population","2022","Both sexes","99 years","Dún Laoghaire-Rathdown","Number","32"
"Population","2022","Both sexes","99 years","Fingal","Number","22"
"Population","2022","Both sexes","99 years","Galway City","Number","4"
"Population","2022","Both sexes","99 years","Galway County","Number","22"
"Population","2022","Both sexes","99 years","Kildare","Number","13"
"Population","2022","Both sexes","99 years","Kilkenny","Number","9"
"Population","2022","Both sexes","99 years","Kerry","Number","12"
"Population","2022","Both sexes","99 years","Longford","Number","1"
"Population","2022","Both sexes","99 years","Louth","Number","7"
"Population","2022","Both sexes","99 years","Limerick City and County","Number","17"
"Population","2022","Both sexes","99 years","Leitrim","Number","3"
"Population","2022","Both sexes","99 years","Laois","Number","3"
"Population","2022","Both sexes","99 years","Meath","Number","15"
"Population","2022","Both sexes","99 years","Monaghan","Number","5"
"Population","2022","Both sexes","99 years","Mayo","Number","14"
"Population","2022","Both sexes","99 years","Offaly","Number","4"
"Population","2022","Both sexes","99 years","Roscommon","Number","9"
"Population","2022","Both sexes","99 years","South Dublin","Number","17"
"Population","2022","Both sexes","99 years","Sligo","Number","10"
"Population","2022","Both sexes","99 years","Tipperary","Number","10"
"Population","2022","Both sexes","99 years","Waterford City and County","Number","19"
"Population","2022","Both sexes","99 years","Westmeath","Number","6"
"Population","2022","Both sexes","99 years","Wicklow","Number","8"
"Population","2022","Both sexes","99 years","Wexford","Number","21"
"Population","2022","Both sexes","100 years and over","State","Number","738"
"Population","2022","Both sexes","100 years and over","Cork City and Cork County","Number","80"
"Population","2022","Both sexes","100 years and over","Clare","Number","19"
"Population","2022","Both sexes","100 years and over","Cavan","Number","18"
"Population","2022","Both sexes","100 years and over","Carlow","Number","3"
"Population","2022","Both sexes","100 years and over","Dublin City","Number","100"
"Population","2022","Both sexes","100 years and over","Donegal","Number","33"
"Population","2022","Both sexes","100 years and over","Dún Laoghaire-Rathdown","Number","55"
"Population","2022","Both sexes","100 years and over","Fingal","Number","21"
"Population","2022","Both sexes","100 years and over","Galway City","Number","8"
"Population","2022","Both sexes","100 years and over","Galway County","Number","42"
"Population","2022","Both sexes","100 years and over","Kildare","Number","25"
"Population","2022","Both sexes","100 years and over","Kilkenny","Number","18"
"Population","2022","Both sexes","100 years and over","Kerry","Number","14"
"Population","2022","Both sexes","100 years and over","Longford","Number","6"
"Population","2022","Both sexes","100 years and over","Louth","Number","28"
"Population","2022","Both sexes","100 years and over","Limerick City and County","Number","41"
"Population","2022","Both sexes","100 years and over","Leitrim","Number","4"
"Population","2022","Both sexes","100 years and over","Laois","Number","10"
"Population","2022","Both sexes","100 years and over","Meath","Number","21"
"Population","2022","Both sexes","100 years and over","Monaghan","Number","8"
"Population","2022","Both sexes","100 years and over","Mayo","Number","31"
"Population","2022","Both sexes","100 years and over","Offaly","Number","5"
"Population","2022","Both sexes","100 years and over","Roscommon","Number","12"
"Population","2022","Both sexes","100 years and over","South Dublin","Number","36"
"Population","2022","Both sexes","100 years and over","Sligo","Number","12"
"Population","2022","Both sexes","100 years and over","Tipperary","Number","23"
"Population","2022","Both sexes","100 years and over","Waterford City and County","Number","19"
"Population","2022","Both sexes","100 years and over","Westmeath","Number","12"
"Population","2022","Both sexes","100 years and over","Wicklow","Number","18"
"Population","2022","Both sexes","100 years and over","Wexford","Number","16"
